Workbook
Name MVPbyPlayer: 'MVP by Player-Position'!$U$2:INDEX(!$R:$R,COUNTA('MVP by Player-Position'!$R:$R))
Name WinsByPosition: 'Position Matrix'!$A$82:$C$91

Sheet Sheet2
A1: Data returned for Count, 13 (First 1000 rows).
A3: tRetro[Winnings] | B3: tRetro[Winners] | C3: tRetro[HS_Pos] | D3: tRetro[HS_MVP] | E3: tRetro[MVP_Rank] | F3: tRetro[ID] | G3: tRetro[GroupID] | H3: tRetro[key] | I3: tRetro[mvp_salary_rank] | J3: tRetro[l_salary_rank] | K3: tRetro[MVP_pos] | L3: tRetro[p2_pos] | M3: tRetro[p3_pos] | N3: tRetro[p4_pos] | O3: tRetro[p5_pos] | P3: tRetro[p6_pos] | Q3: tRetro[select] | R3: tRetro[team_cnt] | S3: tRetro[total_salary] | T3: tRetro[total_fppg] | U3: tRetro[total_ppts] | V3: tRetro[total_pts] | W3: tRetro[MVP_name] | X3: tRetro[p2_name] | Y3: tRetro[p3_name] | Z3: tRetro[p4_name] | AA3: tRetro[p5_name] | AB3: tRetro[p6_name]
A4: 125 | B4: 5 | C4: QB:KC | D4: 0 | E4: 1 | F4: 27863 | G4: 5037 | H4: 13 | I4: 3 | J4: 14 | K4: QB:LAC | L4: QB:KC | M4: WR2:LAC | N4: K:KC | O4: WR3:LAC | P4: WR2:KC | R4: 3 | S4: 57600 | T4: 67.69 | U4: 76.14 | V4: 137 | W4: 120114-69189:Justin Herbert | X4: 120114-57439:Patrick Mahomes | Y4: 120114-29253:Keenan Allen | Z4: 120114-41642:Harrison Butker | AA4: 120114-120639:Quentin Johnston | AB4: 120114-86687:Hollywood Brown
A5: 200 | B5: 2 | C5: QB:TB | D5: 1 | E5: 1 | F5: 14668 | G5: 2884 | H5: 13 | I5: 1 | J5: 42 | K5: QB:TB | L5: RB1:TB | M5: QB1:HOU | N5: RB1:HOU | O5: RB2:TB | P5: QB2:HOU | R5: 3 | S5: 58600 | T5: 52.9 | U5: 64.19 | V5: 96.23 | W5: 120474-41535:Baker Mayfield | X5: 120474-152664:Bucky Irving | Y5: 120474-129471:C.J. Stroud | Z5: 120474-53562:Nick Chubb | AA5: 120474-137902:Rachaad White | AB5: 120474-103591:Graham Mertz
A6: 500 | B6: 1 | C6: QB:BUF | D6: 0 | E6: 2 | F6: 30089 | G6: 5736 | H6: 13 | I6: 3 | J6: 20 | K6: RB1:BUF | L6: QB:BUF | M6: WR1:BUF | N6: WR2:MIA | O6: TE1:BUF | P6: RB2:MIA | R6: 4 | S6: 59400 | T6: 76.89 | U6: 93.8 | V6: 106.27 | W6: 120537-91626:James Cook | X6: 120537-62239:Josh Allen | Y6: 120537-86518:Khalil Shakir | Z6: 120537-90573:Jaylen Waddle | AA6: 120537-145558:Dalton Kincaid | AB6: 120537-166112:Ollie Gordon II
A7: 750 | B7: 1 | C7: RB1:GB | D7: 0 | E7: 1 | F7: 36784 | G7: 6925 | H7: 13 | I7: 3 | J7: 23 | K7: QB:DAL | L7: RB1:GB | M7: WR1:DAL | N7: WR1:GB | O7: K:GB | P7: RB3:GB | R7: 4 | S7: 59800 | T7: 56.47 | U7: 64.47 | V7: 161.44 | W7: 120969-31716:Dak Prescott | X7: 120969-72731:Josh Jacobs | Y7: 120969-110246:George Pickens | Z7: 120969-94370:Romeo Doubs | AA7: 120969-26247:Brandon McManus | AB7: 120969-185861:Emanuel Wilson
A8: 500 | B8: 1 | C8: QB:PHI | D8: 0 | E8: 1 | F8: 8942 | G8: 1883 | H8: 13 | I8: 4 | J8: 47 | K8: RB:NYG | L8: QB:PHI | M8: QB:NYG Q | N8: WR1:NYG | O8: TE:PHI | P8: WR:NYG | R8: 2 | S8: 59700 | T8: 62.65 | U8: 68.75 | V8: 139.62 | W8: 121303-183240:Cam Skattebo | X8: 121303-69531:Jalen Hurts | Y8: 121303-151966:Jaxson Dart | Z8: 121303-103539:Wan'Dale Robinson | AA8: 121303-83074:Dallas Goedert | AB8: 121303-114054:Dalen Cambre
A9: 166.67 | B9: 3 | C9: RB1:DET | D9: 1 | E9: 1 | F9: 18281 | G9: 3478 | H9: 13 | I9: 1 | J9: 18 | K9: RB1:DET | L9: WR1:DET | M9: TE1:TB | N9: D:DET | O9: K:DET | P9: WR5:TB | R9: 4 | S9: 56500 | T9: 58.59 | U9: 66.15 | V9: 118.85 | W9: 121718-129368:Jahmyr Gibbs | X9: 121718-86997:Amon-Ra St. Brown | Y9: 121718-86811:Cade Otton | Z9: 121718-12532:Detroit Lions | AA9: 121718-140176:Jake Bates | AB9: 121718-128624:Tez Johnson

Sheet Wins by Key
G2: Key | H2: Count | Q2: Key | R2: Key 2 | S2: Count
G3: 1 | H3: 23 | Q3: 1 | R3: 12 | S3: 11
G4: 2 | H4: 9 | R4: 13 | S4: 6
G5: 3 | H5: 1 | R5: 14 | S5: 3
G6: Grand Total | H6: 33 | R6: 16 | S6: 2
Q7: 2 | R7: 23 | S7: 6
R8: 24 | S8: 1
R9: 27 | S9: 1
R10: 29 | S10: 1
Q11: 3 | R11: 34 | S11: 1
Q12: Grand Total | S12: 32
J17: LS Key | K17: Count
J18: 12 | K18: 1
J19: 14 | K19: 3
J20: 15 | K20: 6
J21: 16 | K21: 2
J22: 17 | K22: 1
J23: 18 | K23: 1
J24: 19 | K24: 2
J25: 20 | K25: 2
J26: 21 | K26: 1
J27: 22 | K27: 1
J28: 23 | K28: 2
J29: 24 | K29: 2
... J36: 47 | K36: 2
J37: Grand Total | K37: 33

Sheet Wins by Postion
M2: Position | N2: Count 1 | O2: Count 2 | P2: Count 3
M3: Games | P3: =tPositionMatrix[[#Totals],[MVP]] -> 33
M4: D | N4: {=tPositionMatrix[[#Totals],[D]:[D2]]} -> 11 | O4: 2
M5: K | N5: {=tPositionMatrix[[#Totals],[K]:[K2]]} -> 16 | O5: 1
M6: QB | N6: {=tPositionMatrix[[#Totals],[QB]:[QB2]]} -> 30 | O6: 18 | P6: 1
M7: RB | N7: {=tPositionMatrix[[#Totals],[RB]:[RB2]]} -> 26 | O7: 10 | P7: 1
M8: TE | N8: {=tPositionMatrix[[#Totals],[TE]:[TE2]]} -> 20 | O8: 3
M9: WR1 | N9: {=tPositionMatrix[[#Totals],[WR1]:[WR12]]} -> 19 | O9: 2
M10: WR2 | N10: {=tPositionMatrix[[#Totals],[WR2]:[WR22]]} -> 13 | O10: 3
M11: WR3 | N11: {=tPositionMatrix[[#Totals],[WR3]:[WR32]]} -> 9 | O11: 0
M12: WR4 | N12: =tPositionMatrix[[#Totals],[WR4]] -> 9

Sheet MVP by Key
G2: Key | H2: Count | R2: Key | S2: MVP Key | T2: Count
G3: 1 | H3: 7 | R3: 1 | S3: 1 | T3: 7
G4: 2 | H4: 7 | S4: 2 | T4: 3
G5: 3 | H5: 6 | S5: 3 | T5: 4
G6: 4 | H6: 2 | S6: 4 | T6: 1
G7: 5 | H7: 2 | S7: 5 | T7: 1
G8: 6 | H8: 1 | S8: 6 | T8: 1
G9: 8 | H9: 2 | S9: 8 | T9: 1
G10: 9 | H10: 1 | S10: 10 | T10: 2
G11: 10 | H11: 2 | S11: 15 | T11: 2
G12: 15 | H12: 2 | S12: 22 | T12: 1
G13: 22 | H13: 1 | R13: 2 | S13: 2 | T13: 4
G14: Grand Total | H14: 33 | S14: 3 | T14: 2
S15: 5 | T15: 1
S16: 8 | T16: 1
S17: 9 | T17: 1
R18: 3 | S18: 4 | T18: 1
G19: Points Rank | H19: Count | R19: Grand Total | T19: 33
G20: 1 | H20: 27
G21: 2 | H21: 4
G22: 3 | H22: 1
G23: 5 | H23: 1
G24: Grand Total | H24: 33

Sheet MVP by Player-Position
Q2: MVP Position2 | R2: MVP Position | S2: MVP_pos | T2: Count
Q3: D | T3: 1
Q4: QB | T4: 14
Q5: RB | T5: 10
Q6: TE | T6: 3
Q7: WR1 | T7: 4
Q8: WR3 | T8: 1
Q9: Grand Total | T9: 33

Sheet Team Count
B15: Team Count | C15: Count
B16: 2 | C16: 4
B17: 3 | C17: 16
B18: 4 | C18: 9
B19: 5 | C19: 4
B20: Grand Total | C20: 33

Sheet Retro
A1: Winnings | B1: Winners | C1: Place | D1: HS Position | E1: HS MVP | F1: HS Wins | G1: MVP Pts Rank | H1: MVP Position | I1: Key | J1: ID | K1: GroupID | L1: Key 2 | M1: MVP Key | N1: LS Key | O1: MVP_pos | P1: p2_pos | Q1: p3_pos | R1: p4_pos | S1: p5_pos | T1: p6_pos | U1: select | V1: team_cnt | W1: total_salary | X1: total_fppg | Y1: total_ppts | Z1: total_fpts | AA1: MVP_name | AB1: p2_name | AC1: p3_name | AD1: p4_name | AE1: p5_name | AF1: p6_name
A2: 86.44 | B2: 61 | C2: 2 | D2: RB:PHI | E2: =COUNTIF(Retro!$I2,Retro!$M2) -> 0 | F2: =COUNTIF(Retro!$I2,"<>"&Retro!$M2) -> 1 | G2: 2 | H2: =MID(Retro!$O2,1,FIND(":",Retro!$O2)-1) -> RB | I2: =INT(MID(Retro!$L2,1,1)) -> 1 | J2: 108 | K2: 53 | L2: 12 | M2: 10 | N2: 16 | O2: RB:DAL | P2: RB:PHI | Q2: QB:PHI | R2: WR1:DAL | S2: K:DAL | T2: WR3:PHI | V2: 3 | W2: 57700 | X2: 82.4 | Y2: 86.22 | Z2: 105.68 | AA2: 119244-93541:Javonte Williams | AB2: 119244-64401:Saquon Barkley | AC2: 119244-69531:Jalen Hurts | AD2: 119244-86631:CeeDee Lamb | AE2: 119244-189471:Brandon Aubrey | AF2: 119244-86229:Jahan Dotson
A3: 125 | B3: 5 | C3: 1 | D3: QB:KC | E3: =COUNTIF(Retro!$I3,Retro!$M3) -> 0 | F3: =COUNTIF(Retro!$I3,"<>"&Retro!$M3) -> 1 | G3: 1 | H3: =MID(Retro!$O3,1,FIND(":",Retro!$O3)-1) -> QB | I3: =INT(MID(Retro!$L3,1,1)) -> 1 | J3: 27863 | K3: 5037 | L3: 13 | M3: 3 | N3: 14 | O3: QB:LAC | P3: QB:KC | Q3: WR2:LAC | R3: K:KC | S3: WR3:LAC | T3: WR2:KC | V3: 3 | W3: 57600 | X3: 67.69 | Y3: 76.14 | Z3: 137 | AA3: 120114-69189:Justin Herbert | AB3: 120114-57439:Patrick Mahomes | AC3: 120114-29253:Keenan Allen | AD3: 120114-41642:Harrison Butker | AE3: 120114-120639:Quentin Johnston | AF3: 120114-86687:Hollywood Brown
A4: 43.83 | B4: 30 | C4: 2 | D4: QB:BUF | E4: =COUNTIF(Retro!$I4,Retro!$M4) -> 0 | F4: =COUNTIF(Retro!$I4,"<>"&Retro!$M4) -> 1 | G4: 5 | H4: =MID(Retro!$O4,1,FIND(":",Retro!$O4)-1) -> WR3 | I4: =INT(MID(Retro!$L4,1,1)) -> 1 | J4: 83 | K4: 48 | L4: 12 | M4: 15 | N4: 47 | O4: WR3:BUF | P4: QB:BUF | Q4: QB:BAL | R4: RB1:BAL | S4: WR1:BAL | T4: TE3:BUF | V4: 3 | W4: 57800 | X4: 88.55 | Y4: 91.86 | Z4: 170.12 | AA4: 120169-157467:Keon Coleman | AB4: 120169-62239:Josh Allen | AC4: 120169-63115:Lamar Jackson | AD4: 120169-39280:Derrick Henry | AE4: 120169-112295:Zay Flowers | AF4: 120169-200291:Jackson Hawes
A5: 92.43 | B5: 14 | C5: 1 | D5: WR:MIN | E5: =COUNTIF(Retro!$I5,Retro!$M5) -> 1 | F5: =COUNTIF(Retro!$I5,"<>"&Retro!$M5) -> 0 | G5: 1 | H5: =MID(Retro!$O5,1,FIND(":",Retro!$O5)-1) -> QB | I5: =INT(MID(Retro!$L5,1,1)) -> 2 | J5: 78776 | K5: 14416 | L5: 23 | M5: 2 | N5: 20 | O5: QB:CHI | P5: QB:MIN | Q5: RB1:MIN | R5: WR2:CHI | S5: D:CHI | T5: WR4:CHI | V5: 4 | W5: 59300 | X5: 48.19 | Y5: 56.2 | Z5: 103.62 | AA5: 120172-152113:Caleb Williams | AB5: 120172-152575:J.J. McCarthy | AC5: 120172-40442:Aaron Jones Sr. | AD5: 120172-120033:Rome Odunze | AE5: 120172-12527:Chicago Bears | AF5: 120172-64496:Olamide Zaccheaus
A6: 135.69 | B6: 36 | C6: 1 | D6: QB:WAS | E6: =COUNTIF(Retro!$I6,Retro!$M6) -> 0 | F6: =COUNTIF(Retro!$I6,"<>"&Retro!$M6) -> 1 | G6: 1 | H6: =MID(Retro!$O6,1,FIND(":",Retro!$O6)-1) -> TE | I6: =INT(MID(Retro!$L6,1,1)) -> 1 | J6: 227 | K6: 71 | L6: 12 | M6: 15 | N6: 15 | O6: TE:GB | P6: QB:WAS | Q6: RB:GB | R6: QB:GB | S6: K:GB | T6: TE:WAS | V6: 2 | W6: 57500 | X6: 77.54 | Y6: 81.99 | Z6: 117.98 | AA6: 120272-160303:Tucker Kraft | AB6: 120272-102785:Jayden Daniels | AC6: 120272-72731:Josh Jacobs | AD6: 120272-69017:Jordan Love | AE6: 120272-26247:Brandon McManus | AF6: 120272-29780:Zach Ertz
A7: 500 | B7: 1 | C7: 1 | D7: RB1:ATL | E7: =COUNTIF(Retro!$I7,Retro!$M7) -> 1 | F7: =COUNTIF(Retro!$I7,"<>"&Retro!$M7) -> 0 | G7: 1 | H7: =MID(Retro!$O7,1,FIND(":",Retro!$O7)-1) -> RB1 | I7: =INT(MID(Retro!$L7,1,1)) -> 1 | J7: 2707 | K7: 706 | L7: 12 | M7: 1 | N7: 19 | O7: RB1:ATL | P7: WR1:MIN | Q7: K:MIN | R7: K:ATL | S7: D:ATL | T7: RB2:ATL | V7: 4 | W7: 57700 | X7: 61.1 | Y7: 41.9 | Z7: 103.05 | AA7: 120469-136855:Bijan Robinson | AB7: 120469-85671:Justin Jefferson | AC7: 120469-102703:Will Reichard | AD7: 120469-88035:John Parker Romo | AE7: 120469-12525:Atlanta Falcons | AF7: 120469-90428:Tyler Allgeier
A8: 200 | B8: 2 | C8: 6 | D8: QB:TB | E8: =COUNTIF(Retro!$I8,Retro!$M8) -> 1 | F8: =COUNTIF(Retro!$I8,"<>"&Retro!$M8) -> 0 | G8: 1 | H8: =MID(Retro!$O8,1,FIND(":",Retro!$O8)-1) -> QB | I8: =INT(MID(Retro!$L8,1,1)) -> 1 | J8: 14668 | K8: 2884 | L8: 13 | M8: 1 | N8: 42 | O8: QB:TB | P8: RB1:TB | Q8: QB1:HOU | R8: RB1:HOU | S8: RB2:TB | T8: QB2:HOU | V8: 3 | W8: 58600 | X8: 52.9 | Y8: 64.19 | Z8: 96.23 | AA8: 120474-41535:Baker Mayfield | AB8: 120474-152664:Bucky Irving | AC8: 120474-129471:C.J. Stroud | AD8: 120474-53562:Nick Chubb | AE8: 120474-137902:Rachaad White | AF8: 120474-103591:Graham Mertz
A9: 73.44 | B9: 16 | C9: 1 | D9: QB:LAC | E9: =COUNTIF(Retro!$I9,Retro!$M9) -> 1 | F9: =COUNTIF(Retro!$I9,"<>"&Retro!$M9) -> 0 | G9: 1 | H9: =MID(Retro!$O9,1,FIND(":",Retro!$O9)-1) -> QB | I9: =INT(MID(Retro!$L9,1,1)) -> 1 | J9: 32522 | K9: 5988 | L9: 16 | M9: 1 | N9: 12 | O9: QB:LAC | P9: WR1:LV | Q9: WR2:LAC | R9: WR3:LAC | S9: K:LV | T9: D:LAC | V9: 4 | W9: 58200 | X9: 96.32 | Y9: 84.7 | Z9: 91.97 | AA9: 120475-69189:Justin Herbert | AB9: 120475-63634:Jakobi Meyers | AC9: 120475-29253:Keenan Allen | AD9: 120475-120639:Quentin Johnston | AE9: 120475-40856:Daniel Carlson | AF9: 120475-12548:Los Angeles Chargers
A10: 500 | B10: 1 | C10: 1 | D10: QB:BUF | E10: =COUNTIF(Retro!$I10,Retro!$M10) -> 0 | F10: =COUNTIF(Retro!$I10,"<>"&Retro!$M10) -> 1 | G10: 2 | H10: =MID(Retro!$O10,1,FIND(":",Retro!$O10)-1) -> RB1 | I10: =INT(MID(Retro!$L10,1,1)) -> 1 | J10: 30089 | K10: 5736 | L10: 13 | M10: 3 | N10: 20 | O10: RB1:BUF | P10: QB:BUF | Q10: WR1:BUF | R10: WR2:MIA | S10: TE1:BUF | T10: RB2:MIA | V10: 4 | W10: 59400 | X10: 76.89 | Y10: 93.8 | Z10: 106.27 | AA10: 120537-91626:James Cook | AB10: 120537-62239:Josh Allen | AC10: 120537-86518:Khalil Shakir | AD10: 120537-90573:Jaylen Waddle | AE10: 120537-145558:Dalton Kincaid | AF10: 120537-166112:Ollie Gordon II
A11: 500 | B11: 1 | C11: 11 | D11: WR:NYG | E11: =COUNTIF(Retro!$I11,Retro!$M11) -> 0 | F11: =COUNTIF(Retro!$I11,"<>"&Retro!$M11) -> 1 | G11: 1 | H11: =MID(Retro!$O11,1,FIND(":",Retro!$O11)-1) -> RB2 | I11: =INT(MID(Retro!$L11,1,1)) -> 2 | J11: 54196 | K11: 9605 | L11: 29 | M11: 9 | N11: 16 | O11: RB2:NYG | P11: QB:KC | Q11: D:KC | R11: K:KC | S11: RB2:KC | T11: WR3:KC | V11: 5 | W11: 46800 | X11: 56.7 | Y11: 60.4 | Z11: 96.31 | AA11: 120720-183240:Cam Skattebo | AB11: 120720-57439:Patrick Mahomes | AC11: 120720-12536:Kansas City Chiefs | AD11: 120720-41642:Harrison Butker | AE11: 120720-45229:Kareem Hunt | AF11: 120720-89220:Tyquan Thornton
A12: 500 | B12: 1 | C12: 2 | D12: RB:BAL | E12: =COUNTIF(Retro!$I12,Retro!$M12) -> 0 | F12: =COUNTIF(Retro!$I12,"<>"&Retro!$M12) -> 1 | G12: 1 | H12: =MID(Retro!$O12,1,FIND(":",Retro!$O12)-1) -> RB2 | I12: =INT(MID(Retro!$L12,1,1)) -> 2 | J12: 45325 | K12: 8121 | L12: 23 | M12: 8 | N12: 15 | O12: RB2:DET | P12: QB:BAL | Q12: RB1:DET | R12: WR1:DET | S12: TE1:BAL | T12: WR2:BAL | V12: 3 | W12: 58400 | X12: 76.53 | Y12: 81.25 | Z12: 155.37 | AA12: 120784-73273:David Montgomery | AB12: 120784-63115:Lamar Jackson | AC12: 120784-129368:Jahmyr Gibbs | AD12: 120784-86997:Amon-Ra St. Brown | AE12: 120784-52436:Mark Andrews | AF12: 120784-85845:Rashod Bateman
A13: 215 | B13: 5 | C13: 1 | D13: WR1:SEA | E13: =COUNTIF(Retro!$I13,Retro!$M13) -> 1 | F13: =COUNTIF(Retro!$I13,"<>"&Retro!$M13) -> 0 | G13: 1 | H13: =MID(Retro!$O13,1,FIND(":",Retro!$O13)-1) -> QB | I13: =INT(MID(Retro!$L13,1,1)) -> 2 | J13: 88847 | K13: 15795 | L13: 23 | M13: 2 | N13: 17 | O13: QB:ARI | P13: QB:SEA | Q13: WR1:ARI | R13: K:SEA | S13: RB2:SEA | T13: TE1:SEA | V13: 2 | W13: 58900 | X13: 59.12 | Y13: 67.01 | Z13: 94.93 | AA13: 120794-63484:Kyler Murray | AB13: 120794-63589:Sam Darnold | AC13: 120794-152651:Marvin Harrison Jr. | AD13: 120794-60745:Jason Myers | AE13: 120794-103376:Zach Charbonnet | AF13: 120794-137953:AJ Barner
... A34: 800 | B34: 1 | C34: 3 | D34: QB:DEN | E34: =COUNTIF(Retro!$I34,Retro!$M34) -> 0 | F34: =COUNTIF(Retro!$I34,"<>"&Retro!$M34) -> 1 | G34: 1 | H34: =MID(Retro!$O34,1,FIND(":",Retro!$O34)-1) -> D | I34: =INT(MID(Retro!$L34,1,1)) -> 1 | J34: 11961 | K34: 2457 | L34: 12 | M34: 10 | N34: 15 | O34: D:DEN | P34: QB:DEN | Q34: RB1:LV | R34: WR2:DEN | S34: D:LV | T34: WR2:LV | V34: 3 | W34: 54200 | X34: 57.18 | Y34: 61.05 | Z34: 72 | AA34: 122490-12531:Denver Broncos | AB34: 122490-102965:Bo Nix | AC34: 122490-167031:Ashton Jeanty | AD34: 122490-151903:Troy Franklin | AE34: 122490-12537:Las Vegas Raiders | AF34: 122490-27050:Tyler Lockett

Sheet Position Matrix
A1: MVP | B1: D | C1: D2 | D1: K | E1: K2 | F1: QB | G1: QB1 | H1: QB2 | I1: RB | J1: RB1 | K1: RB2 | L1: TE | M1: TE2 | N1: WR1 | O1: WR12 | P1: WR2 | Q1: WR22 | R1: WR3 | S1: WR32 | T1: WR4
A2: RB:DAL | D2: K:DAL | F2: QB:PHI | I2: RB:DAL | J2: RB:PHI | N2: WR1:DAL | R2: WR3:PHI
A3: QB:LAC | D3: K:KC | F3: QB:LAC | G3: QB:KC | P3: WR2:LAC | Q3: WR2:KC | R3: WR3:LAC
A4: WR3:BUF | F4: QB:BAL | G4: QB:BUF | I4: RB:BAL | L4: TE:BUF | N4: WR1:BAL | R4: WR3:BUF
A5: QB:CHI | B5: D:CHI | F5: QB:CHI | G5: QB:MIN | I5: RB:MIN | P5: WR2:CHI | T5: WR:CHI
A6: TE:GB | D6: K:GB | F6: QB:GB | G6: QB:WAS | I6: RB:GB | L6: TE:GB | M6: TE:WAS
A7: RB:ATL | B7: D:ATL | D7: K:ATL | E7: K:MIN | I7: RB:ATL | J7: RB:ATL | N7: WR1:MIN
A8: QB:TB | F8: QB:TB | G8: QB1:HOU | H8: QB2:HOU | I8: RB1:TB | J8: RB1:HOU | K8: RB2:TB
A9: QB:LAC | B9: D:LAC | D9: K:LV | F9: QB:LAC | N9: WR1:LV | P9: WR2:LAC | R9: WR3:LAC
A10: RB:BUF | F10: QB:BUF | I10: RB:BUF | J10: RB:MIA | L10: TE:BUF | N10: WR1:BUF | P10: WR2:MIA
A11: RB2:NYG | B11: D:KC | D11: K:KC | F11: QB:KC | I11: RB2:NYG | J11: RB2:KC | R11: WR3:KC
A12: RB2:DET | F12: QB:BAL | I12: RB1:DET | L12: TE:BAL | N12: WR1:DET | P12: WR2:BAL
A13: QB:ARI | D13: K:SEA | F13: QB:SEA | G13: QB:ARI | I13: RB:SEA | L13: TE:SEA | N13: WR1:ARI
A14: QB:DAL | D14: K:GB | F14: QB:DAL | I14: RB:GB | N14: WR1:DAL | O14: WR1:GB
A15: QB:DEN | F15: QB:DEN | G15: QB:CIN | I15: RB:DEN | J15: RB:DEN | N15: WR1:DEN | R15: WR3Q:DEN
A16: QB:LAR | F16: QB:LAR | G16: QB:SF | I16: RB:SF | J16: RB:LAR | N16: WR1:SF | O16: WR1:LAR
A17: WR1:NE | D17: K:NE | F17: QB:BUF | I17: RB2:NE | L17: TE:BUF | N17: WR1:NE | T17: WR:BUF
A18: QB:KC | F18: QB:KC | G18: QB:JAC | I18: RB:KC | L18: TE:KC | R18: WR3:KC | T18: WR:JAC
A19: RB:NYG | F19: QB:NYG Q | G19: QB:PHI | I19: RB:NYG | L19: TE:PHI | N19: WR1:NYG | T19: WR:NYG
A20: RB:ATL | F20: QB:BUF | G20: QB:ATL | I20: RB:ATL | J20: RB:BUF | L20: TE2:BUF | N20: WR1:ATL
A21: QB:KC | F21: QB:KC | G21: QB:DET | L21: TE:KC | M21: TE:DET | P21: WR2:DET | Q21: WR2:KC
A22: RB:CHI | D22: K:CHI | F22: QB:CHI | G22: QB:WAS | L22: TE:WAS | T22: WR:WAS
A23: TE0:PIT | D23: K:CIN | F23: QB:CIN | G23: QB:PIT | I23: RB1:PIT | L23: TE0:PIT | N23: WR1:CIN
A24: RB:SF | B24: D:SF | D24: K:SF | I24: RB1:ATL | J24: RB:SF | L24: TE:ATL | P24: WR2:ATL Q
A25: RB1:DET | B25: D:DET | D25: K:DET | I25: RB1:DET | L25: TE:TB | N25: WR1:DET | T25: WR5:TB
A26: WR1:SEA | B26: D:HOU | D26: K:SEA | F26: QB:HOU | I26: RB2:SEA | L26: TE:HOU | N26: WR1:SEA
A27: WR1:LAR | B27: D:LAR | F27: QB:JAC | G27: QB:LAR | N27: WR1:LAR | P27: WR2:JAC | T27: WR:JAC
A28: QB:LAC | D28: K:LAC | F28: QB:LAC | I28: RB:LAC | L28: TE:LAC | P28: WR2:MIN | R28: WR3:LAC
A29: TE:GB | D29: K:PIT | F29: QB:GB | G29: QB:PIT | I29: RB:GB | L29: TE:GB | R29: WR3:PIT
A30: QB:KC | F30: QB:KC | I30: RB2:KC | J30: RB:WAS | L30: TE:KC | N30: WR1:KC | P30: WR2:WAS
A31: QB:BAL | B31: D:BAL | F31: QB:BAL | I31: RB1:BAL | L31: TE1:BAL | M31: TE3:BAL | P31: WR2:MIA
A32: QB:SEA | F32: QB:SEA | G32: QB:WAS | I32: RB3:WAS | N32: WR1:SEA | P32: WR2:SEA | T32: WR4:SEA
A33: QB:ARI | B33: D:DAL | C33: D:ARI | F33: QB:DAL | G33: QB:ARI | L33: TE:ARI | T33: WR:ARI
A34: D:DEN | B34: D:DEN | C34: D:LV | F34: QB:DEN | P34: WR2:DEN | Q34: WR2:LV
A35: =SUBTOTAL(103,tPositionMatrix[MVP]) -> 33 | B35: =SUBTOTAL(103,tPositionMatrix[D]) -> 11 | C35: =SUBTOTAL(103,tPositionMatrix[D2]) -> 2 | D35: =SUBTOTAL(103,tPositionMatrix[K]) -> 16 | E35: =SUBTOTAL(103,tPositionMatrix[K2]) -> 1 | F35: =SUBTOTAL(103,tPositionMatrix[QB]) -> 30 | G35: =SUBTOTAL(103,tPositionMatrix[QB1]) -> 18 | H35: =SUBTOTAL(103,tPositionMatrix[QB2]) -> 1 | I35: =SUBTOTAL(103,tPositionMatrix[RB]) -> 26 | J35: =SUBTOTAL(103,tPositionMatrix[RB1]) -> 10 | K35: =SUBTOTAL(103,tPositionMatrix[RB2]) -> 1 | L35: =SUBTOTAL(103,tPositionMatrix[TE]) -> 20 | M35: =SUBTOTAL(103,tPositionMatrix[TE2]) -> 3 | N35: =SUBTOTAL(103,tPositionMatrix[WR1]) -> 19 | O35: =SUBTOTAL(103,tPositionMatrix[WR12]) -> 2 | P35: =SUBTOTAL(103,tPositionMatrix[WR2]) -> 13 | Q35: =SUBTOTAL(103,tPositionMatrix[WR22]) -> 3 | R35: =SUBTOTAL(103,tPositionMatrix[WR3]) -> 9 | S35: =SUBTOTAL(103,tPositionMatrix[WR32]) -> 0 | T35: =SUBTOTAL(103,tPositionMatrix[WR4]) -> 9

Sheet xMVP by Position
O2: MVP Position2 | P2: MVP Position | Q2: Pos + Team | R2: Count
O3: QB | P3: QB | Q3: QB:ARI | R3: 1
Q4: QB:BAL | R4: 1
Q5: QB:CHI | R5: 1
Q6: QB:DAL | R6: 1
Q7: QB:DEN | R7: 1
Q8: QB:KC | R8: 3
Q9: QB:LAC | R9: 3
Q10: QB:LAR | R10: 1
Q11: QB:TB | R11: 1
Q12: QB:SEA | R12: 1
O13: Group1 | P13: RB | Q13: RB:DAL | R13: 1
Q14: RB:NYG | R14: 1
P15: RB1 | Q15: RB1:ATL | R15: 2
Q16: RB1:BUF | R16: 1
Q17: RB1:CHI | R17: 1
Q18: RB1:DET | R18: 1
Q19: RB1:SF | R19: 1
P20: RB2 | Q20: RB2:DET | R20: 1
Q21: RB2:NYG | R21: 1
O22: Group2 | P22: TE | Q22: TE:GB | R22: 1
P23: TE1 | Q23: TE1:GB | R23: 1
P24: TE2 | Q24: TE2:PIT | R24: 1
O25: WR1 | P25: WR1 | Q25: WR1:LAR | R25: 1
Q26: WR1:NE | R26: 1
Q27: WR1:SEA | R27: 1
Q28: WR1:ARI | R28: 1
O29: WR3 | P29: WR3 | Q29: WR3:BUF | R29: 1
O30: D | P30: D | Q30: D:DEN | R30: 1
O31: Grand Total | R31: 33
