Workbook
Name key: Retro!$K$1:INDEX(Retro!$K:$K,COUNTA(Retro!$K:$K))
Name key_team_cnt: Retro!$K$1:$R$46
Name MVP_pos: Retro!$L$1:INDEX(Retro!$L:$L,COUNTA(Retro!$L:$L))
Name MVPbyPlayer: 'MVP by Player'!$U$2:INDEX(!$R:$R,COUNTA('MVP by Player'!$R:$R))
Name retro: Retro!$I$1:INDEX(Retro!$AB:$AB,COUNTA(Retro!$AB:$AB))
Name team_cnt: Retro!$R$1:INDEX(Retro!$R:$R,COUNTA(Retro!$R:$R))
Name WinsByPosition: 'Position Matrix'!$A$77:$D$86

Sheet Wins by Key
B24: Key | C24: Wins | D24: Wins + MVP | E24: Games | F24: Wins% | G24: MVP% | L24: {=[1]!sql(SQL!B3,retro)} -> sqlite3.OperationalError: no such column: key ~~~~~~~~~^^^^^^^ c.execute(query) File "C:\Users\mxmei\anaconda3\Lib\site-packages\xlwings\ext\sql.py", line 68, in _sql return _sql(query, *tables) File "C:\Users\mxmei\anaconda3\Lib\site-packages\xlwings\ext\sql.py", line 28, in sql_dynamic ret = func(*args) File "C:\Users\mxmei\anaconda3\Lib\site-packages\xlwings\udfs.py", line 536, in call_udf res = call_udf(script, fname, args, this_workbook, FromVariant(caller)) File "C:\Users\mxmei\anaconda3\Lib\site-packages\xlwings\com_server.py", line 235, in CallUDF return func(*args) File "C:\Users\mxmei\anaconda3\Lib\site-packages\win32com\server\policy.py", line 633, in _invokeex_ ~~~~~~~~~~~~~~~^^^^^^^^^^^^^^^^^^^^^^^^^^^^^^^^^^^^^^^^ return S_OK, -1, self._invokeex_(dispid, lcid, wFlags, args, None, None) File "C:\Users\mxmei\anaconda3\Lib\site-packages\win32com\server\policy.py", line 303, in _invoke_ ~~~~~~~~~~~~~^^^^^^^^^^^^^^^^^^^^^^^^^^^^ return self._invoke_(dispid, lcid, wFlags, args) File "C:\Users\mxmei\anaconda3\Lib\site-packages\win32com\server\policy.py", line 298, in _Invoke_ | M24: sqlite3.OperationalError: no such column: key ~~~~~~~~~^^^^^^^ c.execute(query) File "C:\Users\mxmei\anaconda3\Lib\site-packages\xlwings\ext\sql.py", line 68, in _sql return _sql(query, *tables) File "C:\Users\mxmei\anaconda3\Lib\site-packages\xlwings\ext\sql.py", line 28, in sql_dynamic ret = func(*args) File "C:\Users\mxmei\anaconda3\Lib\site-packages\xlwings\udfs.py", line 536, in call_udf res = call_udf(script, fname, args, this_workbook, FromVariant(caller)) File "C:\Users\mxmei\anaconda3\Lib\site-packages\xlwings\com_server.py", line 235, in CallUDF return func(*args) File "C:\Users\mxmei\anaconda3\Lib\site-packages\win32com\server\policy.py", line 633, in _invokeex_ ~~~~~~~~~~~~~~~^^^^^^^^^^^^^^^^^^^^^^^^^^^^^^^^^^^^^^^^ return S_OK, -1, self._invokeex_(dispid, lcid, wFlags, args, None, None) File "C:\Users\mxmei\anaconda3\Lib\site-packages\win32com\server\policy.py", line 303, in _invoke_ ~~~~~~~~~~~~~^^^^^^^^^^^^^^^^^^^^^^^^^^^^ return self._invoke_(dispid, lcid, wFlags, args) File "C:\Users\mxmei\anaconda3\Lib\site-packages\win32com\server\policy.py", line 298, in _Invoke_ | N24: sqlite3.OperationalError: no such column: key ~~~~~~~~~^^^^^^^ c.execute(query) File "C:\Users\mxmei\anaconda3\Lib\site-packages\xlwings\ext\sql.py", line 68, in _sql return _sql(query, *tables) File "C:\Users\mxmei\anaconda3\Lib\site-packages\xlwings\ext\sql.py", line 28, in sql_dynamic ret = func(*args) File "C:\Users\mxmei\anaconda3\Lib\site-packages\xlwings\udfs.py", line 536, in call_udf res = call_udf(script, fname, args, this_workbook, FromVariant(caller)) File "C:\Users\mxmei\anaconda3\Lib\site-packages\xlwings\com_server.py", line 235, in CallUDF return func(*args) File "C:\Users\mxmei\anaconda3\Lib\site-packages\win32com\server\policy.py", line 633, in _invokeex_ ~~~~~~~~~~~~~~~^^^^^^^^^^^^^^^^^^^^^^^^^^^^^^^^^^^^^^^^ return S_OK, -1, self._invokeex_(dispid, lcid, wFlags, args, None, None) File "C:\Users\mxmei\anaconda3\Lib\site-packages\win32com\server\policy.py", line 303, in _invoke_ ~~~~~~~~~~~~~^^^^^^^^^^^^^^^^^^^^^^^^^^^^ return self._invoke_(dispid, lcid, wFlags, args) File "C:\Users\mxmei\anaconda3\Lib\site-packages\win32com\server\policy.py", line 298, in _Invoke_ | P24: Games | Q24: Picks
B25: 1 | C25: =COUNTIFS(Retro!$K$2:$K$72,">=10",Retro!$K$2:$K$72,"<=19") -> 22 | D25: =COUNTIFS(Retro!$K$2:$K$72,">=10",Retro!$K$2:$K$72,"<=19",Retro!$L$2:$L$72,1) -> 11 | E25: =COUNT(Retro!$K$2:$K$72) -> 71 | F25: =C25/E25 -> 0.30985915 | G25: =D25/E25 -> 0.15492958 | L25: sqlite3.OperationalError: no such column: key ~~~~~~~~~^^^^^^^ c.execute(query) File "C:\Users\mxmei\anaconda3\Lib\site-packages\xlwings\ext\sql.py", line 68, in _sql return _sql(query, *tables) File "C:\Users\mxmei\anaconda3\Lib\site-packages\xlwings\ext\sql.py", line 28, in sql_dynamic ret = func(*args) File "C:\Users\mxmei\anaconda3\Lib\site-packages\xlwings\udfs.py", line 536, in call_udf res = call_udf(script, fname, args, this_workbook, FromVariant(caller)) File "C:\Users\mxmei\anaconda3\Lib\site-packages\xlwings\com_server.py", line 235, in CallUDF return func(*args) File "C:\Users\mxmei\anaconda3\Lib\site-packages\win32com\server\policy.py", line 633, in _invokeex_ ~~~~~~~~~~~~~~~^^^^^^^^^^^^^^^^^^^^^^^^^^^^^^^^^^^^^^^^ return S_OK, -1, self._invokeex_(dispid, lcid, wFlags, args, None, None) File "C:\Users\mxmei\anaconda3\Lib\site-packages\win32com\server\policy.py", line 303, in _invoke_ ~~~~~~~~~~~~~^^^^^^^^^^^^^^^^^^^^^^^^^^^^ return self._invoke_(dispid, lcid, wFlags, args) File "C:\Users\mxmei\anaconda3\Lib\site-packages\win32com\server\policy.py", line 298, in _Invoke_ | M25: sqlite3.OperationalError: no such column: key ~~~~~~~~~^^^^^^^ c.execute(query) File "C:\Users\mxmei\anaconda3\Lib\site-packages\xlwings\ext\sql.py", line 68, in _sql return _sql(query, *tables) File "C:\Users\mxmei\anaconda3\Lib\site-packages\xlwings\ext\sql.py", line 28, in sql_dynamic ret = func(*args) File "C:\Users\mxmei\anaconda3\Lib\site-packages\xlwings\udfs.py", line 536, in call_udf res = call_udf(script, fname, args, this_workbook, FromVariant(caller)) File "C:\Users\mxmei\anaconda3\Lib\site-packages\xlwings\com_server.py", line 235, in CallUDF return func(*args) File "C:\Users\mxmei\anaconda3\Lib\site-packages\win32com\server\policy.py", line 633, in _invokeex_ ~~~~~~~~~~~~~~~^^^^^^^^^^^^^^^^^^^^^^^^^^^^^^^^^^^^^^^^ return S_OK, -1, self._invokeex_(dispid, lcid, wFlags, args, None, None) File "C:\Users\mxmei\anaconda3\Lib\site-packages\win32com\server\policy.py", line 303, in _invoke_ ~~~~~~~~~~~~~^^^^^^^^^^^^^^^^^^^^^^^^^^^^ return self._invoke_(dispid, lcid, wFlags, args) File "C:\Users\mxmei\anaconda3\Lib\site-packages\win32com\server\policy.py", line 298, in _Invoke_ | N25: sqlite3.OperationalError: no such column: key ~~~~~~~~~^^^^^^^ c.execute(query) File "C:\Users\mxmei\anaconda3\Lib\site-packages\xlwings\ext\sql.py", line 68, in _sql return _sql(query, *tables) File "C:\Users\mxmei\anaconda3\Lib\site-packages\xlwings\ext\sql.py", line 28, in sql_dynamic ret = func(*args) File "C:\Users\mxmei\anaconda3\Lib\site-packages\xlwings\udfs.py", line 536, in call_udf res = call_udf(script, fname, args, this_workbook, FromVariant(caller)) File "C:\Users\mxmei\anaconda3\Lib\site-packages\xlwings\com_server.py", line 235, in CallUDF return func(*args) File "C:\Users\mxmei\anaconda3\Lib\site-packages\win32com\server\policy.py", line 633, in _invokeex_ ~~~~~~~~~~~~~~~^^^^^^^^^^^^^^^^^^^^^^^^^^^^^^^^^^^^^^^^ return S_OK, -1, self._invokeex_(dispid, lcid, wFlags, args, None, None) File "C:\Users\mxmei\anaconda3\Lib\site-packages\win32com\server\policy.py", line 303, in _invoke_ ~~~~~~~~~~~~~^^^^^^^^^^^^^^^^^^^^^^^^^^^^ return self._invoke_(dispid, lcid, wFlags, args) File "C:\Users\mxmei\anaconda3\Lib\site-packages\win32com\server\policy.py", line 298, in _Invoke_ | P25: 10 | Q25: =$P$25*N25 -> #VALUE! | R25: 4
B26: 2 | C26: =COUNTIFS(Retro!$K$2:$K$72,">=20",Retro!$K$2:$K$72,"<=29") -> 10 | D26: =COUNTIFS(Retro!$K$2:$K$72,">=20",Retro!$K$2:$K$72,"<=29",Retro!$L$2:$L$72,2) -> 6 | E26: =COUNT(Retro!$K$2:$K$72) -> 71 | F26: =C26/E26 -> 0.14084507 | G26: =D26/E26 -> 0.084507042 | L26: sqlite3.OperationalError: no such column: key ~~~~~~~~~^^^^^^^ c.execute(query) File "C:\Users\mxmei\anaconda3\Lib\site-packages\xlwings\ext\sql.py", line 68, in _sql return _sql(query, *tables) File "C:\Users\mxmei\anaconda3\Lib\site-packages\xlwings\ext\sql.py", line 28, in sql_dynamic ret = func(*args) File "C:\Users\mxmei\anaconda3\Lib\site-packages\xlwings\udfs.py", line 536, in call_udf res = call_udf(script, fname, args, this_workbook, FromVariant(caller)) File "C:\Users\mxmei\anaconda3\Lib\site-packages\xlwings\com_server.py", line 235, in CallUDF return func(*args) File "C:\Users\mxmei\anaconda3\Lib\site-packages\win32com\server\policy.py", line 633, in _invokeex_ ~~~~~~~~~~~~~~~^^^^^^^^^^^^^^^^^^^^^^^^^^^^^^^^^^^^^^^^ return S_OK, -1, self._invokeex_(dispid, lcid, wFlags, args, None, None) File "C:\Users\mxmei\anaconda3\Lib\site-packages\win32com\server\policy.py", line 303, in _invoke_ ~~~~~~~~~~~~~^^^^^^^^^^^^^^^^^^^^^^^^^^^^ return self._invoke_(dispid, lcid, wFlags, args) File "C:\Users\mxmei\anaconda3\Lib\site-packages\win32com\server\policy.py", line 298, in _Invoke_ | M26: sqlite3.OperationalError: no such column: key ~~~~~~~~~^^^^^^^ c.execute(query) File "C:\Users\mxmei\anaconda3\Lib\site-packages\xlwings\ext\sql.py", line 68, in _sql return _sql(query, *tables) File "C:\Users\mxmei\anaconda3\Lib\site-packages\xlwings\ext\sql.py", line 28, in sql_dynamic ret = func(*args) File "C:\Users\mxmei\anaconda3\Lib\site-packages\xlwings\udfs.py", line 536, in call_udf res = call_udf(script, fname, args, this_workbook, FromVariant(caller)) File "C:\Users\mxmei\anaconda3\Lib\site-packages\xlwings\com_server.py", line 235, in CallUDF return func(*args) File "C:\Users\mxmei\anaconda3\Lib\site-packages\win32com\server\policy.py", line 633, in _invokeex_ ~~~~~~~~~~~~~~~^^^^^^^^^^^^^^^^^^^^^^^^^^^^^^^^^^^^^^^^ return S_OK, -1, self._invokeex_(dispid, lcid, wFlags, args, None, None) File "C:\Users\mxmei\anaconda3\Lib\site-packages\win32com\server\policy.py", line 303, in _invoke_ ~~~~~~~~~~~~~^^^^^^^^^^^^^^^^^^^^^^^^^^^^ return self._invoke_(dispid, lcid, wFlags, args) File "C:\Users\mxmei\anaconda3\Lib\site-packages\win32com\server\policy.py", line 298, in _Invoke_ | N26: sqlite3.OperationalError: no such column: key ~~~~~~~~~^^^^^^^ c.execute(query) File "C:\Users\mxmei\anaconda3\Lib\site-packages\xlwings\ext\sql.py", line 68, in _sql return _sql(query, *tables) File "C:\Users\mxmei\anaconda3\Lib\site-packages\xlwings\ext\sql.py", line 28, in sql_dynamic ret = func(*args) File "C:\Users\mxmei\anaconda3\Lib\site-packages\xlwings\udfs.py", line 536, in call_udf res = call_udf(script, fname, args, this_workbook, FromVariant(caller)) File "C:\Users\mxmei\anaconda3\Lib\site-packages\xlwings\com_server.py", line 235, in CallUDF return func(*args) File "C:\Users\mxmei\anaconda3\Lib\site-packages\win32com\server\policy.py", line 633, in _invokeex_ ~~~~~~~~~~~~~~~^^^^^^^^^^^^^^^^^^^^^^^^^^^^^^^^^^^^^^^^ return S_OK, -1, self._invokeex_(dispid, lcid, wFlags, args, None, None) File "C:\Users\mxmei\anaconda3\Lib\site-packages\win32com\server\policy.py", line 303, in _invoke_ ~~~~~~~~~~~~~^^^^^^^^^^^^^^^^^^^^^^^^^^^^ return self._invoke_(dispid, lcid, wFlags, args) File "C:\Users\mxmei\anaconda3\Lib\site-packages\win32com\server\policy.py", line 298, in _Invoke_ | Q26: =$P$25*N26 -> #VALUE! | R26: 3
B27: 3 | C27: =COUNTIFS(Retro!$K$2:$K$72,">=30",Retro!$K$2:$K$72,"<=39") -> 4 | D27: =COUNTIFS(Retro!$K$2:$K$72,">=30",Retro!$K$2:$K$72,"<=39",Retro!$L$2:$L$72,3) -> 1 | E27: =COUNT(Retro!$K$2:$K$72) -> 71 | F27: =C27/E27 -> 0.056338028 | G27: =D27/E27 -> 0.014084507 | L27: sqlite3.OperationalError: no such column: key ~~~~~~~~~^^^^^^^ c.execute(query) File "C:\Users\mxmei\anaconda3\Lib\site-packages\xlwings\ext\sql.py", line 68, in _sql return _sql(query, *tables) File "C:\Users\mxmei\anaconda3\Lib\site-packages\xlwings\ext\sql.py", line 28, in sql_dynamic ret = func(*args) File "C:\Users\mxmei\anaconda3\Lib\site-packages\xlwings\udfs.py", line 536, in call_udf res = call_udf(script, fname, args, this_workbook, FromVariant(caller)) File "C:\Users\mxmei\anaconda3\Lib\site-packages\xlwings\com_server.py", line 235, in CallUDF return func(*args) File "C:\Users\mxmei\anaconda3\Lib\site-packages\win32com\server\policy.py", line 633, in _invokeex_ ~~~~~~~~~~~~~~~^^^^^^^^^^^^^^^^^^^^^^^^^^^^^^^^^^^^^^^^ return S_OK, -1, self._invokeex_(dispid, lcid, wFlags, args, None, None) File "C:\Users\mxmei\anaconda3\Lib\site-packages\win32com\server\policy.py", line 303, in _invoke_ ~~~~~~~~~~~~~^^^^^^^^^^^^^^^^^^^^^^^^^^^^ return self._invoke_(dispid, lcid, wFlags, args) File "C:\Users\mxmei\anaconda3\Lib\site-packages\win32com\server\policy.py", line 298, in _Invoke_ | M27: sqlite3.OperationalError: no such column: key ~~~~~~~~~^^^^^^^ c.execute(query) File "C:\Users\mxmei\anaconda3\Lib\site-packages\xlwings\ext\sql.py", line 68, in _sql return _sql(query, *tables) File "C:\Users\mxmei\anaconda3\Lib\site-packages\xlwings\ext\sql.py", line 28, in sql_dynamic ret = func(*args) File "C:\Users\mxmei\anaconda3\Lib\site-packages\xlwings\udfs.py", line 536, in call_udf res = call_udf(script, fname, args, this_workbook, FromVariant(caller)) File "C:\Users\mxmei\anaconda3\Lib\site-packages\xlwings\com_server.py", line 235, in CallUDF return func(*args) File "C:\Users\mxmei\anaconda3\Lib\site-packages\win32com\server\policy.py", line 633, in _invokeex_ ~~~~~~~~~~~~~~~^^^^^^^^^^^^^^^^^^^^^^^^^^^^^^^^^^^^^^^^ return S_OK, -1, self._invokeex_(dispid, lcid, wFlags, args, None, None) File "C:\Users\mxmei\anaconda3\Lib\site-packages\win32com\server\policy.py", line 303, in _invoke_ ~~~~~~~~~~~~~^^^^^^^^^^^^^^^^^^^^^^^^^^^^ return self._invoke_(dispid, lcid, wFlags, args) File "C:\Users\mxmei\anaconda3\Lib\site-packages\win32com\server\policy.py", line 298, in _Invoke_ | N27: sqlite3.OperationalError: no such column: key ~~~~~~~~~^^^^^^^ c.execute(query) File "C:\Users\mxmei\anaconda3\Lib\site-packages\xlwings\ext\sql.py", line 68, in _sql return _sql(query, *tables) File "C:\Users\mxmei\anaconda3\Lib\site-packages\xlwings\ext\sql.py", line 28, in sql_dynamic ret = func(*args) File "C:\Users\mxmei\anaconda3\Lib\site-packages\xlwings\udfs.py", line 536, in call_udf res = call_udf(script, fname, args, this_workbook, FromVariant(caller)) File "C:\Users\mxmei\anaconda3\Lib\site-packages\xlwings\com_server.py", line 235, in CallUDF return func(*args) File "C:\Users\mxmei\anaconda3\Lib\site-packages\win32com\server\policy.py", line 633, in _invokeex_ ~~~~~~~~~~~~~~~^^^^^^^^^^^^^^^^^^^^^^^^^^^^^^^^^^^^^^^^ return S_OK, -1, self._invokeex_(dispid, lcid, wFlags, args, None, None) File "C:\Users\mxmei\anaconda3\Lib\site-packages\win32com\server\policy.py", line 303, in _invoke_ ~~~~~~~~~~~~~^^^^^^^^^^^^^^^^^^^^^^^^^^^^ return self._invoke_(dispid, lcid, wFlags, args) File "C:\Users\mxmei\anaconda3\Lib\site-packages\win32com\server\policy.py", line 298, in _Invoke_ | Q27: =$P$25*N27 -> #VALUE! | R27: 2
B28: 4 | C28: =COUNTIFS(Retro!$K$2:$K$72,">=40",Retro!$K$2:$K$72,"<=49") -> 0 | D28: =COUNTIFS(Retro!$K$2:$K$72,">=40",Retro!$K$2:$K$72,"<=49",Retro!$L$2:$L$72,4) -> 0 | E28: =COUNT(Retro!$K$2:$K$72) -> 71 | F28: =C28/E28 -> 0 | G28: =D28/E28 -> 0 | L28: sqlite3.OperationalError: no such column: key ~~~~~~~~~^^^^^^^ c.execute(query) File "C:\Users\mxmei\anaconda3\Lib\site-packages\xlwings\ext\sql.py", line 68, in _sql return _sql(query, *tables) File "C:\Users\mxmei\anaconda3\Lib\site-packages\xlwings\ext\sql.py", line 28, in sql_dynamic ret = func(*args) File "C:\Users\mxmei\anaconda3\Lib\site-packages\xlwings\udfs.py", line 536, in call_udf res = call_udf(script, fname, args, this_workbook, FromVariant(caller)) File "C:\Users\mxmei\anaconda3\Lib\site-packages\xlwings\com_server.py", line 235, in CallUDF return func(*args) File "C:\Users\mxmei\anaconda3\Lib\site-packages\win32com\server\policy.py", line 633, in _invokeex_ ~~~~~~~~~~~~~~~^^^^^^^^^^^^^^^^^^^^^^^^^^^^^^^^^^^^^^^^ return S_OK, -1, self._invokeex_(dispid, lcid, wFlags, args, None, None) File "C:\Users\mxmei\anaconda3\Lib\site-packages\win32com\server\policy.py", line 303, in _invoke_ ~~~~~~~~~~~~~^^^^^^^^^^^^^^^^^^^^^^^^^^^^ return self._invoke_(dispid, lcid, wFlags, args) File "C:\Users\mxmei\anaconda3\Lib\site-packages\win32com\server\policy.py", line 298, in _Invoke_ | M28: sqlite3.OperationalError: no such column: key ~~~~~~~~~^^^^^^^ c.execute(query) File "C:\Users\mxmei\anaconda3\Lib\site-packages\xlwings\ext\sql.py", line 68, in _sql return _sql(query, *tables) File "C:\Users\mxmei\anaconda3\Lib\site-packages\xlwings\ext\sql.py", line 28, in sql_dynamic ret = func(*args) File "C:\Users\mxmei\anaconda3\Lib\site-packages\xlwings\udfs.py", line 536, in call_udf res = call_udf(script, fname, args, this_workbook, FromVariant(caller)) File "C:\Users\mxmei\anaconda3\Lib\site-packages\xlwings\com_server.py", line 235, in CallUDF return func(*args) File "C:\Users\mxmei\anaconda3\Lib\site-packages\win32com\server\policy.py", line 633, in _invokeex_ ~~~~~~~~~~~~~~~^^^^^^^^^^^^^^^^^^^^^^^^^^^^^^^^^^^^^^^^ return S_OK, -1, self._invokeex_(dispid, lcid, wFlags, args, None, None) File "C:\Users\mxmei\anaconda3\Lib\site-packages\win32com\server\policy.py", line 303, in _invoke_ ~~~~~~~~~~~~~^^^^^^^^^^^^^^^^^^^^^^^^^^^^ return self._invoke_(dispid, lcid, wFlags, args) File "C:\Users\mxmei\anaconda3\Lib\site-packages\win32com\server\policy.py", line 298, in _Invoke_ | N28: sqlite3.OperationalError: no such column: key ~~~~~~~~~^^^^^^^ c.execute(query) File "C:\Users\mxmei\anaconda3\Lib\site-packages\xlwings\ext\sql.py", line 68, in _sql return _sql(query, *tables) File "C:\Users\mxmei\anaconda3\Lib\site-packages\xlwings\ext\sql.py", line 28, in sql_dynamic ret = func(*args) File "C:\Users\mxmei\anaconda3\Lib\site-packages\xlwings\udfs.py", line 536, in call_udf res = call_udf(script, fname, args, this_workbook, FromVariant(caller)) File "C:\Users\mxmei\anaconda3\Lib\site-packages\xlwings\com_server.py", line 235, in CallUDF return func(*args) File "C:\Users\mxmei\anaconda3\Lib\site-packages\win32com\server\policy.py", line 633, in _invokeex_ ~~~~~~~~~~~~~~~^^^^^^^^^^^^^^^^^^^^^^^^^^^^^^^^^^^^^^^^ return S_OK, -1, self._invokeex_(dispid, lcid, wFlags, args, None, None) File "C:\Users\mxmei\anaconda3\Lib\site-packages\win32com\server\policy.py", line 303, in _invoke_ ~~~~~~~~~~~~~^^^^^^^^^^^^^^^^^^^^^^^^^^^^ return self._invoke_(dispid, lcid, wFlags, args) File "C:\Users\mxmei\anaconda3\Lib\site-packages\win32com\server\policy.py", line 298, in _Invoke_ | Q28: =$P$25*N28 -> #VALUE! | R28: 1
C29: =SUM(C25:C28) -> 36 | D29: =SUM(D25:D28) -> 18 | L29: sqlite3.OperationalError: no such column: key ~~~~~~~~~^^^^^^^ c.execute(query) File "C:\Users\mxmei\anaconda3\Lib\site-packages\xlwings\ext\sql.py", line 68, in _sql return _sql(query, *tables) File "C:\Users\mxmei\anaconda3\Lib\site-packages\xlwings\ext\sql.py", line 28, in sql_dynamic ret = func(*args) File "C:\Users\mxmei\anaconda3\Lib\site-packages\xlwings\udfs.py", line 536, in call_udf res = call_udf(script, fname, args, this_workbook, FromVariant(caller)) File "C:\Users\mxmei\anaconda3\Lib\site-packages\xlwings\com_server.py", line 235, in CallUDF return func(*args) File "C:\Users\mxmei\anaconda3\Lib\site-packages\win32com\server\policy.py", line 633, in _invokeex_ ~~~~~~~~~~~~~~~^^^^^^^^^^^^^^^^^^^^^^^^^^^^^^^^^^^^^^^^ return S_OK, -1, self._invokeex_(dispid, lcid, wFlags, args, None, None) File "C:\Users\mxmei\anaconda3\Lib\site-packages\win32com\server\policy.py", line 303, in _invoke_ ~~~~~~~~~~~~~^^^^^^^^^^^^^^^^^^^^^^^^^^^^ return self._invoke_(dispid, lcid, wFlags, args) File "C:\Users\mxmei\anaconda3\Lib\site-packages\win32com\server\policy.py", line 298, in _Invoke_ | M29: sqlite3.OperationalError: no such column: key ~~~~~~~~~^^^^^^^ c.execute(query) File "C:\Users\mxmei\anaconda3\Lib\site-packages\xlwings\ext\sql.py", line 68, in _sql return _sql(query, *tables) File "C:\Users\mxmei\anaconda3\Lib\site-packages\xlwings\ext\sql.py", line 28, in sql_dynamic ret = func(*args) File "C:\Users\mxmei\anaconda3\Lib\site-packages\xlwings\udfs.py", line 536, in call_udf res = call_udf(script, fname, args, this_workbook, FromVariant(caller)) File "C:\Users\mxmei\anaconda3\Lib\site-packages\xlwings\com_server.py", line 235, in CallUDF return func(*args) File "C:\Users\mxmei\anaconda3\Lib\site-packages\win32com\server\policy.py", line 633, in _invokeex_ ~~~~~~~~~~~~~~~^^^^^^^^^^^^^^^^^^^^^^^^^^^^^^^^^^^^^^^^ return S_OK, -1, self._invokeex_(dispid, lcid, wFlags, args, None, None) File "C:\Users\mxmei\anaconda3\Lib\site-packages\win32com\server\policy.py", line 303, in _invoke_ ~~~~~~~~~~~~~^^^^^^^^^^^^^^^^^^^^^^^^^^^^ return self._invoke_(dispid, lcid, wFlags, args) File "C:\Users\mxmei\anaconda3\Lib\site-packages\win32com\server\policy.py", line 298, in _Invoke_ | N29: sqlite3.OperationalError: no such column: key ~~~~~~~~~^^^^^^^ c.execute(query) File "C:\Users\mxmei\anaconda3\Lib\site-packages\xlwings\ext\sql.py", line 68, in _sql return _sql(query, *tables) File "C:\Users\mxmei\anaconda3\Lib\site-packages\xlwings\ext\sql.py", line 28, in sql_dynamic ret = func(*args) File "C:\Users\mxmei\anaconda3\Lib\site-packages\xlwings\udfs.py", line 536, in call_udf res = call_udf(script, fname, args, this_workbook, FromVariant(caller)) File "C:\Users\mxmei\anaconda3\Lib\site-packages\xlwings\com_server.py", line 235, in CallUDF return func(*args) File "C:\Users\mxmei\anaconda3\Lib\site-packages\win32com\server\policy.py", line 633, in _invokeex_ ~~~~~~~~~~~~~~~^^^^^^^^^^^^^^^^^^^^^^^^^^^^^^^^^^^^^^^^ return S_OK, -1, self._invokeex_(dispid, lcid, wFlags, args, None, None) File "C:\Users\mxmei\anaconda3\Lib\site-packages\win32com\server\policy.py", line 303, in _invoke_ ~~~~~~~~~~~~~^^^^^^^^^^^^^^^^^^^^^^^^^^^^ return self._invoke_(dispid, lcid, wFlags, args) File "C:\Users\mxmei\anaconda3\Lib\site-packages\win32com\server\policy.py", line 298, in _Invoke_ | Q29: =$P$25*N29 -> #VALUE!
L30: sqlite3.OperationalError: no such column: key ~~~~~~~~~^^^^^^^ c.execute(query) File "C:\Users\mxmei\anaconda3\Lib\site-packages\xlwings\ext\sql.py", line 68, in _sql return _sql(query, *tables) File "C:\Users\mxmei\anaconda3\Lib\site-packages\xlwings\ext\sql.py", line 28, in sql_dynamic ret = func(*args) File "C:\Users\mxmei\anaconda3\Lib\site-packages\xlwings\udfs.py", line 536, in call_udf res = call_udf(script, fname, args, this_workbook, FromVariant(caller)) File "C:\Users\mxmei\anaconda3\Lib\site-packages\xlwings\com_server.py", line 235, in CallUDF return func(*args) File "C:\Users\mxmei\anaconda3\Lib\site-packages\win32com\server\policy.py", line 633, in _invokeex_ ~~~~~~~~~~~~~~~^^^^^^^^^^^^^^^^^^^^^^^^^^^^^^^^^^^^^^^^ return S_OK, -1, self._invokeex_(dispid, lcid, wFlags, args, None, None) File "C:\Users\mxmei\anaconda3\Lib\site-packages\win32com\server\policy.py", line 303, in _invoke_ ~~~~~~~~~~~~~^^^^^^^^^^^^^^^^^^^^^^^^^^^^ return self._invoke_(dispid, lcid, wFlags, args) File "C:\Users\mxmei\anaconda3\Lib\site-packages\win32com\server\policy.py", line 298, in _Invoke_ | M30: sqlite3.OperationalError: no such column: key ~~~~~~~~~^^^^^^^ c.execute(query) File "C:\Users\mxmei\anaconda3\Lib\site-packages\xlwings\ext\sql.py", line 68, in _sql return _sql(query, *tables) File "C:\Users\mxmei\anaconda3\Lib\site-packages\xlwings\ext\sql.py", line 28, in sql_dynamic ret = func(*args) File "C:\Users\mxmei\anaconda3\Lib\site-packages\xlwings\udfs.py", line 536, in call_udf res = call_udf(script, fname, args, this_workbook, FromVariant(caller)) File "C:\Users\mxmei\anaconda3\Lib\site-packages\xlwings\com_server.py", line 235, in CallUDF return func(*args) File "C:\Users\mxmei\anaconda3\Lib\site-packages\win32com\server\policy.py", line 633, in _invokeex_ ~~~~~~~~~~~~~~~^^^^^^^^^^^^^^^^^^^^^^^^^^^^^^^^^^^^^^^^ return S_OK, -1, self._invokeex_(dispid, lcid, wFlags, args, None, None) File "C:\Users\mxmei\anaconda3\Lib\site-packages\win32com\server\policy.py", line 303, in _invoke_ ~~~~~~~~~~~~~^^^^^^^^^^^^^^^^^^^^^^^^^^^^ return self._invoke_(dispid, lcid, wFlags, args) File "C:\Users\mxmei\anaconda3\Lib\site-packages\win32com\server\policy.py", line 298, in _Invoke_ | N30: sqlite3.OperationalError: no such column: key ~~~~~~~~~^^^^^^^ c.execute(query) File "C:\Users\mxmei\anaconda3\Lib\site-packages\xlwings\ext\sql.py", line 68, in _sql return _sql(query, *tables) File "C:\Users\mxmei\anaconda3\Lib\site-packages\xlwings\ext\sql.py", line 28, in sql_dynamic ret = func(*args) File "C:\Users\mxmei\anaconda3\Lib\site-packages\xlwings\udfs.py", line 536, in call_udf res = call_udf(script, fname, args, this_workbook, FromVariant(caller)) File "C:\Users\mxmei\anaconda3\Lib\site-packages\xlwings\com_server.py", line 235, in CallUDF return func(*args) File "C:\Users\mxmei\anaconda3\Lib\site-packages\win32com\server\policy.py", line 633, in _invokeex_ ~~~~~~~~~~~~~~~^^^^^^^^^^^^^^^^^^^^^^^^^^^^^^^^^^^^^^^^ return S_OK, -1, self._invokeex_(dispid, lcid, wFlags, args, None, None) File "C:\Users\mxmei\anaconda3\Lib\site-packages\win32com\server\policy.py", line 303, in _invoke_ ~~~~~~~~~~~~~^^^^^^^^^^^^^^^^^^^^^^^^^^^^ return self._invoke_(dispid, lcid, wFlags, args) File "C:\Users\mxmei\anaconda3\Lib\site-packages\win32com\server\policy.py", line 298, in _Invoke_ | Q30: =$P$25*N30 -> #VALUE!
L31: sqlite3.OperationalError: no such column: key ~~~~~~~~~^^^^^^^ c.execute(query) File "C:\Users\mxmei\anaconda3\Lib\site-packages\xlwings\ext\sql.py", line 68, in _sql return _sql(query, *tables) File "C:\Users\mxmei\anaconda3\Lib\site-packages\xlwings\ext\sql.py", line 28, in sql_dynamic ret = func(*args) File "C:\Users\mxmei\anaconda3\Lib\site-packages\xlwings\udfs.py", line 536, in call_udf res = call_udf(script, fname, args, this_workbook, FromVariant(caller)) File "C:\Users\mxmei\anaconda3\Lib\site-packages\xlwings\com_server.py", line 235, in CallUDF return func(*args) File "C:\Users\mxmei\anaconda3\Lib\site-packages\win32com\server\policy.py", line 633, in _invokeex_ ~~~~~~~~~~~~~~~^^^^^^^^^^^^^^^^^^^^^^^^^^^^^^^^^^^^^^^^ return S_OK, -1, self._invokeex_(dispid, lcid, wFlags, args, None, None) File "C:\Users\mxmei\anaconda3\Lib\site-packages\win32com\server\policy.py", line 303, in _invoke_ ~~~~~~~~~~~~~^^^^^^^^^^^^^^^^^^^^^^^^^^^^ return self._invoke_(dispid, lcid, wFlags, args) File "C:\Users\mxmei\anaconda3\Lib\site-packages\win32com\server\policy.py", line 298, in _Invoke_ | M31: sqlite3.OperationalError: no such column: key ~~~~~~~~~^^^^^^^ c.execute(query) File "C:\Users\mxmei\anaconda3\Lib\site-packages\xlwings\ext\sql.py", line 68, in _sql return _sql(query, *tables) File "C:\Users\mxmei\anaconda3\Lib\site-packages\xlwings\ext\sql.py", line 28, in sql_dynamic ret = func(*args) File "C:\Users\mxmei\anaconda3\Lib\site-packages\xlwings\udfs.py", line 536, in call_udf res = call_udf(script, fname, args, this_workbook, FromVariant(caller)) File "C:\Users\mxmei\anaconda3\Lib\site-packages\xlwings\com_server.py", line 235, in CallUDF return func(*args) File "C:\Users\mxmei\anaconda3\Lib\site-packages\win32com\server\policy.py", line 633, in _invokeex_ ~~~~~~~~~~~~~~~^^^^^^^^^^^^^^^^^^^^^^^^^^^^^^^^^^^^^^^^ return S_OK, -1, self._invokeex_(dispid, lcid, wFlags, args, None, None) File "C:\Users\mxmei\anaconda3\Lib\site-packages\win32com\server\policy.py", line 303, in _invoke_ ~~~~~~~~~~~~~^^^^^^^^^^^^^^^^^^^^^^^^^^^^ return self._invoke_(dispid, lcid, wFlags, args) File "C:\Users\mxmei\anaconda3\Lib\site-packages\win32com\server\policy.py", line 298, in _Invoke_ | N31: sqlite3.OperationalError: no such column: key ~~~~~~~~~^^^^^^^ c.execute(query) File "C:\Users\mxmei\anaconda3\Lib\site-packages\xlwings\ext\sql.py", line 68, in _sql return _sql(query, *tables) File "C:\Users\mxmei\anaconda3\Lib\site-packages\xlwings\ext\sql.py", line 28, in sql_dynamic ret = func(*args) File "C:\Users\mxmei\anaconda3\Lib\site-packages\xlwings\udfs.py", line 536, in call_udf res = call_udf(script, fname, args, this_workbook, FromVariant(caller)) File "C:\Users\mxmei\anaconda3\Lib\site-packages\xlwings\com_server.py", line 235, in CallUDF return func(*args) File "C:\Users\mxmei\anaconda3\Lib\site-packages\win32com\server\policy.py", line 633, in _invokeex_ ~~~~~~~~~~~~~~~^^^^^^^^^^^^^^^^^^^^^^^^^^^^^^^^^^^^^^^^ return S_OK, -1, self._invokeex_(dispid, lcid, wFlags, args, None, None) File "C:\Users\mxmei\anaconda3\Lib\site-packages\win32com\server\policy.py", line 303, in _invoke_ ~~~~~~~~~~~~~^^^^^^^^^^^^^^^^^^^^^^^^^^^^ return self._invoke_(dispid, lcid, wFlags, args) File "C:\Users\mxmei\anaconda3\Lib\site-packages\win32com\server\policy.py", line 298, in _Invoke_ | Q31: =$P$25*N31 -> #VALUE!
L32: sqlite3.OperationalError: no such column: key ~~~~~~~~~^^^^^^^ c.execute(query) File "C:\Users\mxmei\anaconda3\Lib\site-packages\xlwings\ext\sql.py", line 68, in _sql return _sql(query, *tables) File "C:\Users\mxmei\anaconda3\Lib\site-packages\xlwings\ext\sql.py", line 28, in sql_dynamic ret = func(*args) File "C:\Users\mxmei\anaconda3\Lib\site-packages\xlwings\udfs.py", line 536, in call_udf res = call_udf(script, fname, args, this_workbook, FromVariant(caller)) File "C:\Users\mxmei\anaconda3\Lib\site-packages\xlwings\com_server.py", line 235, in CallUDF return func(*args) File "C:\Users\mxmei\anaconda3\Lib\site-packages\win32com\server\policy.py", line 633, in _invokeex_ ~~~~~~~~~~~~~~~^^^^^^^^^^^^^^^^^^^^^^^^^^^^^^^^^^^^^^^^ return S_OK, -1, self._invokeex_(dispid, lcid, wFlags, args, None, None) File "C:\Users\mxmei\anaconda3\Lib\site-packages\win32com\server\policy.py", line 303, in _invoke_ ~~~~~~~~~~~~~^^^^^^^^^^^^^^^^^^^^^^^^^^^^ return self._invoke_(dispid, lcid, wFlags, args) File "C:\Users\mxmei\anaconda3\Lib\site-packages\win32com\server\policy.py", line 298, in _Invoke_ | M32: sqlite3.OperationalError: no such column: key ~~~~~~~~~^^^^^^^ c.execute(query) File "C:\Users\mxmei\anaconda3\Lib\site-packages\xlwings\ext\sql.py", line 68, in _sql return _sql(query, *tables) File "C:\Users\mxmei\anaconda3\Lib\site-packages\xlwings\ext\sql.py", line 28, in sql_dynamic ret = func(*args) File "C:\Users\mxmei\anaconda3\Lib\site-packages\xlwings\udfs.py", line 536, in call_udf res = call_udf(script, fname, args, this_workbook, FromVariant(caller)) File "C:\Users\mxmei\anaconda3\Lib\site-packages\xlwings\com_server.py", line 235, in CallUDF return func(*args) File "C:\Users\mxmei\anaconda3\Lib\site-packages\win32com\server\policy.py", line 633, in _invokeex_ ~~~~~~~~~~~~~~~^^^^^^^^^^^^^^^^^^^^^^^^^^^^^^^^^^^^^^^^ return S_OK, -1, self._invokeex_(dispid, lcid, wFlags, args, None, None) File "C:\Users\mxmei\anaconda3\Lib\site-packages\win32com\server\policy.py", line 303, in _invoke_ ~~~~~~~~~~~~~^^^^^^^^^^^^^^^^^^^^^^^^^^^^ return self._invoke_(dispid, lcid, wFlags, args) File "C:\Users\mxmei\anaconda3\Lib\site-packages\win32com\server\policy.py", line 298, in _Invoke_ | N32: sqlite3.OperationalError: no such column: key ~~~~~~~~~^^^^^^^ c.execute(query) File "C:\Users\mxmei\anaconda3\Lib\site-packages\xlwings\ext\sql.py", line 68, in _sql return _sql(query, *tables) File "C:\Users\mxmei\anaconda3\Lib\site-packages\xlwings\ext\sql.py", line 28, in sql_dynamic ret = func(*args) File "C:\Users\mxmei\anaconda3\Lib\site-packages\xlwings\udfs.py", line 536, in call_udf res = call_udf(script, fname, args, this_workbook, FromVariant(caller)) File "C:\Users\mxmei\anaconda3\Lib\site-packages\xlwings\com_server.py", line 235, in CallUDF return func(*args) File "C:\Users\mxmei\anaconda3\Lib\site-packages\win32com\server\policy.py", line 633, in _invokeex_ ~~~~~~~~~~~~~~~^^^^^^^^^^^^^^^^^^^^^^^^^^^^^^^^^^^^^^^^ return S_OK, -1, self._invokeex_(dispid, lcid, wFlags, args, None, None) File "C:\Users\mxmei\anaconda3\Lib\site-packages\win32com\server\policy.py", line 303, in _invoke_ ~~~~~~~~~~~~~^^^^^^^^^^^^^^^^^^^^^^^^^^^^ return self._invoke_(dispid, lcid, wFlags, args) File "C:\Users\mxmei\anaconda3\Lib\site-packages\win32com\server\policy.py", line 298, in _Invoke_ | Q32: =$P$25*N32 -> #VALUE!
L33: sqlite3.OperationalError: no such column: key ~~~~~~~~~^^^^^^^ c.execute(query) File "C:\Users\mxmei\anaconda3\Lib\site-packages\xlwings\ext\sql.py", line 68, in _sql return _sql(query, *tables) File "C:\Users\mxmei\anaconda3\Lib\site-packages\xlwings\ext\sql.py", line 28, in sql_dynamic ret = func(*args) File "C:\Users\mxmei\anaconda3\Lib\site-packages\xlwings\udfs.py", line 536, in call_udf res = call_udf(script, fname, args, this_workbook, FromVariant(caller)) File "C:\Users\mxmei\anaconda3\Lib\site-packages\xlwings\com_server.py", line 235, in CallUDF return func(*args) File "C:\Users\mxmei\anaconda3\Lib\site-packages\win32com\server\policy.py", line 633, in _invokeex_ ~~~~~~~~~~~~~~~^^^^^^^^^^^^^^^^^^^^^^^^^^^^^^^^^^^^^^^^ return S_OK, -1, self._invokeex_(dispid, lcid, wFlags, args, None, None) File "C:\Users\mxmei\anaconda3\Lib\site-packages\win32com\server\policy.py", line 303, in _invoke_ ~~~~~~~~~~~~~^^^^^^^^^^^^^^^^^^^^^^^^^^^^ return self._invoke_(dispid, lcid, wFlags, args) File "C:\Users\mxmei\anaconda3\Lib\site-packages\win32com\server\policy.py", line 298, in _Invoke_ | M33: sqlite3.OperationalError: no such column: key ~~~~~~~~~^^^^^^^ c.execute(query) File "C:\Users\mxmei\anaconda3\Lib\site-packages\xlwings\ext\sql.py", line 68, in _sql return _sql(query, *tables) File "C:\Users\mxmei\anaconda3\Lib\site-packages\xlwings\ext\sql.py", line 28, in sql_dynamic ret = func(*args) File "C:\Users\mxmei\anaconda3\Lib\site-packages\xlwings\udfs.py", line 536, in call_udf res = call_udf(script, fname, args, this_workbook, FromVariant(caller)) File "C:\Users\mxmei\anaconda3\Lib\site-packages\xlwings\com_server.py", line 235, in CallUDF return func(*args) File "C:\Users\mxmei\anaconda3\Lib\site-packages\win32com\server\policy.py", line 633, in _invokeex_ ~~~~~~~~~~~~~~~^^^^^^^^^^^^^^^^^^^^^^^^^^^^^^^^^^^^^^^^ return S_OK, -1, self._invokeex_(dispid, lcid, wFlags, args, None, None) File "C:\Users\mxmei\anaconda3\Lib\site-packages\win32com\server\policy.py", line 303, in _invoke_ ~~~~~~~~~~~~~^^^^^^^^^^^^^^^^^^^^^^^^^^^^ return self._invoke_(dispid, lcid, wFlags, args) File "C:\Users\mxmei\anaconda3\Lib\site-packages\win32com\server\policy.py", line 298, in _Invoke_ | N33: sqlite3.OperationalError: no such column: key ~~~~~~~~~^^^^^^^ c.execute(query) File "C:\Users\mxmei\anaconda3\Lib\site-packages\xlwings\ext\sql.py", line 68, in _sql return _sql(query, *tables) File "C:\Users\mxmei\anaconda3\Lib\site-packages\xlwings\ext\sql.py", line 28, in sql_dynamic ret = func(*args) File "C:\Users\mxmei\anaconda3\Lib\site-packages\xlwings\udfs.py", line 536, in call_udf res = call_udf(script, fname, args, this_workbook, FromVariant(caller)) File "C:\Users\mxmei\anaconda3\Lib\site-packages\xlwings\com_server.py", line 235, in CallUDF return func(*args) File "C:\Users\mxmei\anaconda3\Lib\site-packages\win32com\server\policy.py", line 633, in _invokeex_ ~~~~~~~~~~~~~~~^^^^^^^^^^^^^^^^^^^^^^^^^^^^^^^^^^^^^^^^ return S_OK, -1, self._invokeex_(dispid, lcid, wFlags, args, None, None) File "C:\Users\mxmei\anaconda3\Lib\site-packages\win32com\server\policy.py", line 303, in _invoke_ ~~~~~~~~~~~~~^^^^^^^^^^^^^^^^^^^^^^^^^^^^ return self._invoke_(dispid, lcid, wFlags, args) File "C:\Users\mxmei\anaconda3\Lib\site-packages\win32com\server\policy.py", line 298, in _Invoke_ | Q33: =$P$25*N33 -> #VALUE!
L34: sqlite3.OperationalError: no such column: key ~~~~~~~~~^^^^^^^ c.execute(query) File "C:\Users\mxmei\anaconda3\Lib\site-packages\xlwings\ext\sql.py", line 68, in _sql return _sql(query, *tables) File "C:\Users\mxmei\anaconda3\Lib\site-packages\xlwings\ext\sql.py", line 28, in sql_dynamic ret = func(*args) File "C:\Users\mxmei\anaconda3\Lib\site-packages\xlwings\udfs.py", line 536, in call_udf res = call_udf(script, fname, args, this_workbook, FromVariant(caller)) File "C:\Users\mxmei\anaconda3\Lib\site-packages\xlwings\com_server.py", line 235, in CallUDF return func(*args) File "C:\Users\mxmei\anaconda3\Lib\site-packages\win32com\server\policy.py", line 633, in _invokeex_ ~~~~~~~~~~~~~~~^^^^^^^^^^^^^^^^^^^^^^^^^^^^^^^^^^^^^^^^ return S_OK, -1, self._invokeex_(dispid, lcid, wFlags, args, None, None) File "C:\Users\mxmei\anaconda3\Lib\site-packages\win32com\server\policy.py", line 303, in _invoke_ ~~~~~~~~~~~~~^^^^^^^^^^^^^^^^^^^^^^^^^^^^ return self._invoke_(dispid, lcid, wFlags, args) File "C:\Users\mxmei\anaconda3\Lib\site-packages\win32com\server\policy.py", line 298, in _Invoke_ | M34: sqlite3.OperationalError: no such column: key ~~~~~~~~~^^^^^^^ c.execute(query) File "C:\Users\mxmei\anaconda3\Lib\site-packages\xlwings\ext\sql.py", line 68, in _sql return _sql(query, *tables) File "C:\Users\mxmei\anaconda3\Lib\site-packages\xlwings\ext\sql.py", line 28, in sql_dynamic ret = func(*args) File "C:\Users\mxmei\anaconda3\Lib\site-packages\xlwings\udfs.py", line 536, in call_udf res = call_udf(script, fname, args, this_workbook, FromVariant(caller)) File "C:\Users\mxmei\anaconda3\Lib\site-packages\xlwings\com_server.py", line 235, in CallUDF return func(*args) File "C:\Users\mxmei\anaconda3\Lib\site-packages\win32com\server\policy.py", line 633, in _invokeex_ ~~~~~~~~~~~~~~~^^^^^^^^^^^^^^^^^^^^^^^^^^^^^^^^^^^^^^^^ return S_OK, -1, self._invokeex_(dispid, lcid, wFlags, args, None, None) File "C:\Users\mxmei\anaconda3\Lib\site-packages\win32com\server\policy.py", line 303, in _invoke_ ~~~~~~~~~~~~~^^^^^^^^^^^^^^^^^^^^^^^^^^^^ return self._invoke_(dispid, lcid, wFlags, args) File "C:\Users\mxmei\anaconda3\Lib\site-packages\win32com\server\policy.py", line 298, in _Invoke_ | N34: sqlite3.OperationalError: no such column: key ~~~~~~~~~^^^^^^^ c.execute(query) File "C:\Users\mxmei\anaconda3\Lib\site-packages\xlwings\ext\sql.py", line 68, in _sql return _sql(query, *tables) File "C:\Users\mxmei\anaconda3\Lib\site-packages\xlwings\ext\sql.py", line 28, in sql_dynamic ret = func(*args) File "C:\Users\mxmei\anaconda3\Lib\site-packages\xlwings\udfs.py", line 536, in call_udf res = call_udf(script, fname, args, this_workbook, FromVariant(caller)) File "C:\Users\mxmei\anaconda3\Lib\site-packages\xlwings\com_server.py", line 235, in CallUDF return func(*args) File "C:\Users\mxmei\anaconda3\Lib\site-packages\win32com\server\policy.py", line 633, in _invokeex_ ~~~~~~~~~~~~~~~^^^^^^^^^^^^^^^^^^^^^^^^^^^^^^^^^^^^^^^^ return S_OK, -1, self._invokeex_(dispid, lcid, wFlags, args, None, None) File "C:\Users\mxmei\anaconda3\Lib\site-packages\win32com\server\policy.py", line 303, in _invoke_ ~~~~~~~~~~~~~^^^^^^^^^^^^^^^^^^^^^^^^^^^^ return self._invoke_(dispid, lcid, wFlags, args) File "C:\Users\mxmei\anaconda3\Lib\site-packages\win32com\server\policy.py", line 298, in _Invoke_ | Q34: =$P$25*N34 -> #VALUE!
L35: sqlite3.OperationalError: no such column: key ~~~~~~~~~^^^^^^^ c.execute(query) File "C:\Users\mxmei\anaconda3\Lib\site-packages\xlwings\ext\sql.py", line 68, in _sql return _sql(query, *tables) File "C:\Users\mxmei\anaconda3\Lib\site-packages\xlwings\ext\sql.py", line 28, in sql_dynamic ret = func(*args) File "C:\Users\mxmei\anaconda3\Lib\site-packages\xlwings\udfs.py", line 536, in call_udf res = call_udf(script, fname, args, this_workbook, FromVariant(caller)) File "C:\Users\mxmei\anaconda3\Lib\site-packages\xlwings\com_server.py", line 235, in CallUDF return func(*args) File "C:\Users\mxmei\anaconda3\Lib\site-packages\win32com\server\policy.py", line 633, in _invokeex_ ~~~~~~~~~~~~~~~^^^^^^^^^^^^^^^^^^^^^^^^^^^^^^^^^^^^^^^^ return S_OK, -1, self._invokeex_(dispid, lcid, wFlags, args, None, None) File "C:\Users\mxmei\anaconda3\Lib\site-packages\win32com\server\policy.py", line 303, in _invoke_ ~~~~~~~~~~~~~^^^^^^^^^^^^^^^^^^^^^^^^^^^^ return self._invoke_(dispid, lcid, wFlags, args) File "C:\Users\mxmei\anaconda3\Lib\site-packages\win32com\server\policy.py", line 298, in _Invoke_ | M35: sqlite3.OperationalError: no such column: key ~~~~~~~~~^^^^^^^ c.execute(query) File "C:\Users\mxmei\anaconda3\Lib\site-packages\xlwings\ext\sql.py", line 68, in _sql return _sql(query, *tables) File "C:\Users\mxmei\anaconda3\Lib\site-packages\xlwings\ext\sql.py", line 28, in sql_dynamic ret = func(*args) File "C:\Users\mxmei\anaconda3\Lib\site-packages\xlwings\udfs.py", line 536, in call_udf res = call_udf(script, fname, args, this_workbook, FromVariant(caller)) File "C:\Users\mxmei\anaconda3\Lib\site-packages\xlwings\com_server.py", line 235, in CallUDF return func(*args) File "C:\Users\mxmei\anaconda3\Lib\site-packages\win32com\server\policy.py", line 633, in _invokeex_ ~~~~~~~~~~~~~~~^^^^^^^^^^^^^^^^^^^^^^^^^^^^^^^^^^^^^^^^ return S_OK, -1, self._invokeex_(dispid, lcid, wFlags, args, None, None) File "C:\Users\mxmei\anaconda3\Lib\site-packages\win32com\server\policy.py", line 303, in _invoke_ ~~~~~~~~~~~~~^^^^^^^^^^^^^^^^^^^^^^^^^^^^ return self._invoke_(dispid, lcid, wFlags, args) File "C:\Users\mxmei\anaconda3\Lib\site-packages\win32com\server\policy.py", line 298, in _Invoke_ | N35: sqlite3.OperationalError: no such column: key ~~~~~~~~~^^^^^^^ c.execute(query) File "C:\Users\mxmei\anaconda3\Lib\site-packages\xlwings\ext\sql.py", line 68, in _sql return _sql(query, *tables) File "C:\Users\mxmei\anaconda3\Lib\site-packages\xlwings\ext\sql.py", line 28, in sql_dynamic ret = func(*args) File "C:\Users\mxmei\anaconda3\Lib\site-packages\xlwings\udfs.py", line 536, in call_udf res = call_udf(script, fname, args, this_workbook, FromVariant(caller)) File "C:\Users\mxmei\anaconda3\Lib\site-packages\xlwings\com_server.py", line 235, in CallUDF return func(*args) File "C:\Users\mxmei\anaconda3\Lib\site-packages\win32com\server\policy.py", line 633, in _invokeex_ ~~~~~~~~~~~~~~~^^^^^^^^^^^^^^^^^^^^^^^^^^^^^^^^^^^^^^^^ return S_OK, -1, self._invokeex_(dispid, lcid, wFlags, args, None, None) File "C:\Users\mxmei\anaconda3\Lib\site-packages\win32com\server\policy.py", line 303, in _invoke_ ~~~~~~~~~~~~~^^^^^^^^^^^^^^^^^^^^^^^^^^^^ return self._invoke_(dispid, lcid, wFlags, args) File "C:\Users\mxmei\anaconda3\Lib\site-packages\win32com\server\policy.py", line 298, in _Invoke_ | Q35: =$P$25*N35 -> #VALUE!
L36: sqlite3.OperationalError: no such column: key ~~~~~~~~~^^^^^^^ c.execute(query) File "C:\Users\mxmei\anaconda3\Lib\site-packages\xlwings\ext\sql.py", line 68, in _sql return _sql(query, *tables) File "C:\Users\mxmei\anaconda3\Lib\site-packages\xlwings\ext\sql.py", line 28, in sql_dynamic ret = func(*args) File "C:\Users\mxmei\anaconda3\Lib\site-packages\xlwings\udfs.py", line 536, in call_udf res = call_udf(script, fname, args, this_workbook, FromVariant(caller)) File "C:\Users\mxmei\anaconda3\Lib\site-packages\xlwings\com_server.py", line 235, in CallUDF return func(*args) File "C:\Users\mxmei\anaconda3\Lib\site-packages\win32com\server\policy.py", line 633, in _invokeex_ ~~~~~~~~~~~~~~~^^^^^^^^^^^^^^^^^^^^^^^^^^^^^^^^^^^^^^^^ return S_OK, -1, self._invokeex_(dispid, lcid, wFlags, args, None, None) File "C:\Users\mxmei\anaconda3\Lib\site-packages\win32com\server\policy.py", line 303, in _invoke_ ~~~~~~~~~~~~~^^^^^^^^^^^^^^^^^^^^^^^^^^^^ return self._invoke_(dispid, lcid, wFlags, args) File "C:\Users\mxmei\anaconda3\Lib\site-packages\win32com\server\policy.py", line 298, in _Invoke_ | M36: sqlite3.OperationalError: no such column: key ~~~~~~~~~^^^^^^^ c.execute(query) File "C:\Users\mxmei\anaconda3\Lib\site-packages\xlwings\ext\sql.py", line 68, in _sql return _sql(query, *tables) File "C:\Users\mxmei\anaconda3\Lib\site-packages\xlwings\ext\sql.py", line 28, in sql_dynamic ret = func(*args) File "C:\Users\mxmei\anaconda3\Lib\site-packages\xlwings\udfs.py", line 536, in call_udf res = call_udf(script, fname, args, this_workbook, FromVariant(caller)) File "C:\Users\mxmei\anaconda3\Lib\site-packages\xlwings\com_server.py", line 235, in CallUDF return func(*args) File "C:\Users\mxmei\anaconda3\Lib\site-packages\win32com\server\policy.py", line 633, in _invokeex_ ~~~~~~~~~~~~~~~^^^^^^^^^^^^^^^^^^^^^^^^^^^^^^^^^^^^^^^^ return S_OK, -1, self._invokeex_(dispid, lcid, wFlags, args, None, None) File "C:\Users\mxmei\anaconda3\Lib\site-packages\win32com\server\policy.py", line 303, in _invoke_ ~~~~~~~~~~~~~^^^^^^^^^^^^^^^^^^^^^^^^^^^^ return self._invoke_(dispid, lcid, wFlags, args) File "C:\Users\mxmei\anaconda3\Lib\site-packages\win32com\server\policy.py", line 298, in _Invoke_ | N36: sqlite3.OperationalError: no such column: key ~~~~~~~~~^^^^^^^ c.execute(query) File "C:\Users\mxmei\anaconda3\Lib\site-packages\xlwings\ext\sql.py", line 68, in _sql return _sql(query, *tables) File "C:\Users\mxmei\anaconda3\Lib\site-packages\xlwings\ext\sql.py", line 28, in sql_dynamic ret = func(*args) File "C:\Users\mxmei\anaconda3\Lib\site-packages\xlwings\udfs.py", line 536, in call_udf res = call_udf(script, fname, args, this_workbook, FromVariant(caller)) File "C:\Users\mxmei\anaconda3\Lib\site-packages\xlwings\com_server.py", line 235, in CallUDF return func(*args) File "C:\Users\mxmei\anaconda3\Lib\site-packages\win32com\server\policy.py", line 633, in _invokeex_ ~~~~~~~~~~~~~~~^^^^^^^^^^^^^^^^^^^^^^^^^^^^^^^^^^^^^^^^ return S_OK, -1, self._invokeex_(dispid, lcid, wFlags, args, None, None) File "C:\Users\mxmei\anaconda3\Lib\site-packages\win32com\server\policy.py", line 303, in _invoke_ ~~~~~~~~~~~~~^^^^^^^^^^^^^^^^^^^^^^^^^^^^ return self._invoke_(dispid, lcid, wFlags, args) File "C:\Users\mxmei\anaconda3\Lib\site-packages\win32com\server\policy.py", line 298, in _Invoke_ | Q36: =$P$25*N36 -> #VALUE!
L37: sqlite3.OperationalError: no such column: key ~~~~~~~~~^^^^^^^ c.execute(query) File "C:\Users\mxmei\anaconda3\Lib\site-packages\xlwings\ext\sql.py", line 68, in _sql return _sql(query, *tables) File "C:\Users\mxmei\anaconda3\Lib\site-packages\xlwings\ext\sql.py", line 28, in sql_dynamic ret = func(*args) File "C:\Users\mxmei\anaconda3\Lib\site-packages\xlwings\udfs.py", line 536, in call_udf res = call_udf(script, fname, args, this_workbook, FromVariant(caller)) File "C:\Users\mxmei\anaconda3\Lib\site-packages\xlwings\com_server.py", line 235, in CallUDF return func(*args) File "C:\Users\mxmei\anaconda3\Lib\site-packages\win32com\server\policy.py", line 633, in _invokeex_ ~~~~~~~~~~~~~~~^^^^^^^^^^^^^^^^^^^^^^^^^^^^^^^^^^^^^^^^ return S_OK, -1, self._invokeex_(dispid, lcid, wFlags, args, None, None) File "C:\Users\mxmei\anaconda3\Lib\site-packages\win32com\server\policy.py", line 303, in _invoke_ ~~~~~~~~~~~~~^^^^^^^^^^^^^^^^^^^^^^^^^^^^ return self._invoke_(dispid, lcid, wFlags, args) File "C:\Users\mxmei\anaconda3\Lib\site-packages\win32com\server\policy.py", line 298, in _Invoke_ | M37: sqlite3.OperationalError: no such column: key ~~~~~~~~~^^^^^^^ c.execute(query) File "C:\Users\mxmei\anaconda3\Lib\site-packages\xlwings\ext\sql.py", line 68, in _sql return _sql(query, *tables) File "C:\Users\mxmei\anaconda3\Lib\site-packages\xlwings\ext\sql.py", line 28, in sql_dynamic ret = func(*args) File "C:\Users\mxmei\anaconda3\Lib\site-packages\xlwings\udfs.py", line 536, in call_udf res = call_udf(script, fname, args, this_workbook, FromVariant(caller)) File "C:\Users\mxmei\anaconda3\Lib\site-packages\xlwings\com_server.py", line 235, in CallUDF return func(*args) File "C:\Users\mxmei\anaconda3\Lib\site-packages\win32com\server\policy.py", line 633, in _invokeex_ ~~~~~~~~~~~~~~~^^^^^^^^^^^^^^^^^^^^^^^^^^^^^^^^^^^^^^^^ return S_OK, -1, self._invokeex_(dispid, lcid, wFlags, args, None, None) File "C:\Users\mxmei\anaconda3\Lib\site-packages\win32com\server\policy.py", line 303, in _invoke_ ~~~~~~~~~~~~~^^^^^^^^^^^^^^^^^^^^^^^^^^^^ return self._invoke_(dispid, lcid, wFlags, args) File "C:\Users\mxmei\anaconda3\Lib\site-packages\win32com\server\policy.py", line 298, in _Invoke_ | N37: sqlite3.OperationalError: no such column: key ~~~~~~~~~^^^^^^^ c.execute(query) File "C:\Users\mxmei\anaconda3\Lib\site-packages\xlwings\ext\sql.py", line 68, in _sql return _sql(query, *tables) File "C:\Users\mxmei\anaconda3\Lib\site-packages\xlwings\ext\sql.py", line 28, in sql_dynamic ret = func(*args) File "C:\Users\mxmei\anaconda3\Lib\site-packages\xlwings\udfs.py", line 536, in call_udf res = call_udf(script, fname, args, this_workbook, FromVariant(caller)) File "C:\Users\mxmei\anaconda3\Lib\site-packages\xlwings\com_server.py", line 235, in CallUDF return func(*args) File "C:\Users\mxmei\anaconda3\Lib\site-packages\win32com\server\policy.py", line 633, in _invokeex_ ~~~~~~~~~~~~~~~^^^^^^^^^^^^^^^^^^^^^^^^^^^^^^^^^^^^^^^^ return S_OK, -1, self._invokeex_(dispid, lcid, wFlags, args, None, None) File "C:\Users\mxmei\anaconda3\Lib\site-packages\win32com\server\policy.py", line 303, in _invoke_ ~~~~~~~~~~~~~^^^^^^^^^^^^^^^^^^^^^^^^^^^^ return self._invoke_(dispid, lcid, wFlags, args) File "C:\Users\mxmei\anaconda3\Lib\site-packages\win32com\server\policy.py", line 298, in _Invoke_ | Q37: =$P$25*N37 -> #VALUE!

Sheet Wins by Postion
M2: Games | N2: 71 | R2: Games | S2: Picks
M3: D | N3: 22 | O3: 1 | R3: 50 | S3: =P3*$F$19 -> 0
M4: K | N4: 29 | O4: 3 | S4: =P4*$F$19 -> 0
M5: QB | N5: 62 | O5: 25 | S5: =P5*$F$19 -> 0
M6: RB | N6: 55 | O6: 27 | P6: 1 | S6: =P6*$F$19 -> 0
M7: TE | N7: 28 | O7: 0
M8: WR1 | N8: 42 | O8: 7
M9: WR2 | N9: 28 | O9: 1
M10: WR3 | N10: 14 | O10: 2
M11: WR4 | N11: 8

Sheet MVP by Position
K2: {=[1]!sql(SQL!B5,retro)} -> Position | L2: Count | M2: Percentage | O2: Games | P2: Picks
K3: QB | L3: 21 | M3: 0.29577465 | O3: 50 | P3: =M3*$O$3 -> 14.788732
K4: RB | L4: 17 | M4: 0.23943662 | P4: =M4*$O$3 -> 11.971831
K5: WR1 | L5: 15 | M5: 0.21126761 | P5: =M5*$O$3 -> 10.56338
K6: RB1 | L6: 5 | M6: 0.070422535 | P6: =M6*$O$3 -> 3.5211268
K7: K | L7: 4 | M7: 0.056338028 | P7: =M7*$O$3 -> 2.8169014
K8: D | L8: 3 | M8: 0.042253521 | P8: =M8*$O$3 -> 2.1126761
K9: TE | L9: 2 | M9: 0.028169014 | P9: =M9*$O$3 -> 1.4084507
K10: WR2 | L10: 2 | M10: 0.028169014 | P10: =M10*$O$3 -> 1.4084507
K11: RB1Q | L11: 1 | M11: 0.014084507
K12: RB2 | L12: 1 | M12: 0.014084507

Sheet MVP by Player
U2: {=[1]!sql(SQL!B7,retro)} -> Player | V2: Count
U3: D:ATL | V3: 1
U4: QB:ATL | V4: 1
U5: QB:BAL | V5: 4
U6: RB:BAL | V6: 3
U7: QB:BUF | V7: 2
U8: RB:BUF | V8: 1
U9: QB:CIN | V9: 2
U10: WR1:CIN | V10: 4
U11: RB1:CLE | V11: 1
U12: WR1:CLE | V12: 1
U13: QB:DAL | V13: 1
U14: WR1:DAL | V14: 2
... U50: QB:TB | V50: 1

Sheet Team Count
H2: {=[1]!sql(SQL!B9,retro)} -> Team Count | I2: Count | J2: Percentage
H3: 1 | I3: 7 | J3: 0.098591549
H4: 2 | I4: 22 | J4: 0.30985915
H5: 3 | I5: 23 | J5: 0.32394366
H6: 4 | I6: 19 | J6: 0.26760563

Sheet Retro
A1: Winnings | B1: Winners | C1: HS Position | D1: HS MVP | E1: HS Wins | F1: MVP Pts Rank | G1: MVP Position | H1: Key 1 | I1: ID | J1: Group ID | K1: Key 2 | L1: MVP Key | M1: LS Key | N1: MVP_pos | O1: p2_pos | P1: p3_pos | Q1: p4_pos | R1: p5_pos | S1: p6_pos | T1: select | U1: team_cnt | V1: total_salary | W1: total_fppg | X1: total_ppts | Y1: total_pts | Z1: p2_name | AA1: Column1 | AB1: p3_name | AC1: p4_name | AD1: p5_name | AE1: p6_name
D2: =COUNTIF(tRetro[[#This Row],[Key 1]],tRetro[[#This Row],[MVP Key]]) -> 1 | E2: =COUNTIF(tRetro[[#This Row],[Key 1]],"<>"&tRetro[[#This Row],[MVP Key]]) -> 0 | G2: =MID(tRetro[[#This Row],[MVP_pos]],1,FIND(":",tRetro[[#This Row],[MVP_pos]])-1) -> QB | H2: =INT(MID(tRetro[[#This Row],[Key 2]],1,1)) -> 2 | I2: 21341 | J2: 4269 | K2: 2 | L2: 2 | M2: 17 | N2: QB:BAL | O2: RB:KC | P2: WR1:KC | Q2: WR2:KC | R2: TE:BAL | U2: 2 | V2: 56000 | W2: 52.94 | X2: 15 | Y2: 118.18 | Z2: 105733-63115:Lamar Jackson | AA2: 105733-92575:Isiah Pacheco | AB2: 105733-111311:Rashee Rice | AC2: 105733-158974:Xavier Worthy | AD2: 105733-87260:Isaiah Likely
D3: =COUNTIF(tRetro[[#This Row],[Key 1]],tRetro[[#This Row],[MVP Key]]) -> 0 | E3: =COUNTIF(tRetro[[#This Row],[Key 1]],"<>"&tRetro[[#This Row],[MVP Key]]) -> 1 | G3: =MID(tRetro[[#This Row],[MVP_pos]],1,FIND(":",tRetro[[#This Row],[MVP_pos]])-1) -> RB | H3: =INT(MID(tRetro[[#This Row],[Key 2]],1,1)) -> 3 | I3: 18307 | J3: 3662 | K3: 3 | L3: 4 | M3: 15 | N3: RB:PHI | O3: WR1:PHI | P3: WR2:PHI | Q3: WR3:GB | R3: K:GB | U3: 3 | V3: 57500 | W3: 51.15 | X3: 59.95 | Y3: 133.2 | Z3: 106557-64401:Saquon Barkley | AA3: 106557-72846:A.J. Brown | AB3: 106557-90576:DeVonta Smith | AC3: 106557-89455:Jayden Reed | AD3: 106557-85622:Brayden Narveson
D4: =COUNTIF(tRetro[[#This Row],[Key 1]],tRetro[[#This Row],[MVP Key]]) -> 0 | E4: =COUNTIF(tRetro[[#This Row],[Key 1]],"<>"&tRetro[[#This Row],[MVP Key]]) -> 1 | G4: =MID(tRetro[[#This Row],[MVP_pos]],1,FIND(":",tRetro[[#This Row],[MVP_pos]])-1) -> WR1 | H4: =INT(MID(tRetro[[#This Row],[Key 2]],1,1)) -> 4 | I4: 46488 | J4: 9298 | K4: 4 | L4: 8 | M4: 10 | N4: WR1:LAR | O4: QB:LAR | P4: RB2:DET | Q4: WR2:DET | R4: RB1:DET | U4: 2 | V4: 54000 | W4: 61.11 | X4: 61.11 | Y4: 116.78 | Z4: 106609-79970:Cooper Kupp | AA4: 106609-6654:Matthew Stafford | AB4: 106609-129368:Jahmyr Gibbs | AC4: 106609-111631:Jameson Williams | AD4: 106609-73273:David Montgomery
D5: =COUNTIF(tRetro[[#This Row],[Key 1]],tRetro[[#This Row],[MVP Key]]) -> 0 | E5: =COUNTIF(tRetro[[#This Row],[Key 1]],"<>"&tRetro[[#This Row],[MVP Key]]) -> 1 | G5: =MID(tRetro[[#This Row],[MVP_pos]],1,FIND(":",tRetro[[#This Row],[MVP_pos]])-1) -> K | H5: =INT(MID(tRetro[[#This Row],[Key 2]],1,1)) -> 1 | I5: 7478 | J5: 1496 | K5: 1 | L5: 12 | M5: 16 | N5: K:SF | O5: RB:NYJ | P5: WR1:SF | Q5: RB2:SF | R5: WR3:NYJ | U5: 2 | V5: 49500 | W5: 42.83 | X5: 42.83 | Y5: 119.6 | Z5: 106699-91372:Jake Moody | AA5: 106699-103064:Breece Hall | AB5: 106699-56018:Deebo Samuel Sr. | AC5: 106699-86875:Jordan Mason | AD5: 106699-56809:Allen Lazard
D6: =COUNTIF(tRetro[[#This Row],[Key 1]],tRetro[[#This Row],[MVP Key]]) -> 1 | E6: =COUNTIF(tRetro[[#This Row],[Key 1]],"<>"&tRetro[[#This Row],[MVP Key]]) -> 0 | G6: =MID(tRetro[[#This Row],[MVP_pos]],1,FIND(":",tRetro[[#This Row],[MVP_pos]])-1) -> QB | H6: =INT(MID(tRetro[[#This Row],[Key 2]],1,1)) -> 1 | I6: 1876 | J6: 376 | K6: 1 | L6: 1 | M6: 13 | N6: QB:PHI | O6: QB:ATL | P6: WR1:PHI | Q6: K:ATL | R6: WR2:ATL | U6: 2 | V6: 59500 | W6: 44.52 | X6: 44.52 | Y6: 98.17 | Z6: 106989-69531:Jalen Hurts | AA6: 106989-22038:Kirk Cousins | AB6: 106989-90576:DeVonta Smith | AC6: 106989-53212:Younghoe Koo | AD6: 106989-69777:Darnell Mooney
D7: =COUNTIF(tRetro[[#This Row],[Key 1]],tRetro[[#This Row],[MVP Key]]) -> 0 | E7: =COUNTIF(tRetro[[#This Row],[Key 1]],"<>"&tRetro[[#This Row],[MVP Key]]) -> 1 | G7: =MID(tRetro[[#This Row],[MVP_pos]],1,FIND(":",tRetro[[#This Row],[MVP_pos]])-1) -> RB | H7: =INT(MID(tRetro[[#This Row],[Key 2]],1,1)) -> 1 | I7: 8763 | J7: 1753 | K7: 1 | L7: 5 | M7: 16 | N7: RB:BUF | O7: QB:BUF | P7: RB1:MIA | Q7: D:BUF | R7: TE:MIA | U7: 3 | V7: 57500 | W7: 69.68 | X7: 38 | Y7: 104.06 | Z7: 106717-91626:James Cook | AA7: 106717-62239:Josh Allen | AB7: 106717-138820:De'Von Achane | AC7: 106717-12526:Buffalo Bills | AD7: 106717-48116:Jonnu Smith
D8: =COUNTIF(tRetro[[#This Row],[Key 1]],tRetro[[#This Row],[MVP Key]]) -> 0 | E8: =COUNTIF(tRetro[[#This Row],[Key 1]],"<>"&tRetro[[#This Row],[MVP Key]]) -> 1 | G8: =MID(tRetro[[#This Row],[MVP_pos]],1,FIND(":",tRetro[[#This Row],[MVP_pos]])-1) -> WR2 | H8: =INT(MID(tRetro[[#This Row],[Key 2]],1,1)) -> 1 | I8: 7957 | J8: 1592 | K8: 1 | L8: 3 | M8: 14 | N8: WR2:HOU | O8: QB:HOU | P8: K:CHI | Q8: K:HOU | R8: D:HOU | U8: 4 | V8: 56000 | W8: 70.36 | X8: 104.3 | Y8: 100.05 | Z8: 106876-91419:Nico Collins | AA8: 106876-129471:C.J. Stroud | AB8: 106876-33714:Cairo Santos | AC8: 106876-29932:Ka'imi Fairbairn | AD8: 106876-12556:Houston Texans
D9: =COUNTIF(tRetro[[#This Row],[Key 1]],tRetro[[#This Row],[MVP Key]]) -> 1 | E9: =COUNTIF(tRetro[[#This Row],[Key 1]],"<>"&tRetro[[#This Row],[MVP Key]]) -> 0 | G9: =MID(tRetro[[#This Row],[MVP_pos]],1,FIND(":",tRetro[[#This Row],[MVP_pos]])-1) -> QB | H9: =INT(MID(tRetro[[#This Row],[Key 2]],1,1)) -> 1 | I9: 2556 | J9: 512 | K9: 1 | L9: 1 | M9: 22 | N9: QB:BUF | O9: RB:BUF | P9: WR2:BUF | Q9: WR3:JAC | R9: RB3:BUF | U9: 4 | V9: 59000 | W9: 54.42 | X9: 108.8 | Y9: 103.28 | Z9: 107260-62239:Josh Allen | AA9: 107260-91626:James Cook | AB9: 107260-86518:Khalil Shakir | AC9: 107260-60858:Christian Kirk | AD9: 107260-63050:Ty Johnson
D10: =COUNTIF(tRetro[[#This Row],[Key 1]],tRetro[[#This Row],[MVP Key]]) -> 0 | E10: =COUNTIF(tRetro[[#This Row],[Key 1]],"<>"&tRetro[[#This Row],[MVP Key]]) -> 1 | G10: =MID(tRetro[[#This Row],[MVP_pos]],1,FIND(":",tRetro[[#This Row],[MVP_pos]])-1) -> WR1 | H10: =INT(MID(tRetro[[#This Row],[Key 2]],1,1)) -> 1 | I10: 3812 | J10: 763 | K10: 1 | L10: 4 | M10: 11 | N10: WR1:KC | O10: QB:KC | P10: WR1:ATL | Q10: WR2:ATL | R10: K:KC | U10: 3 | V10: 60000 | W10: 58.79 | X10: 114.6 | Y10: 95.83 | Z10: 107208-111311:Rashee Rice | AA10: 107208-57439:Patrick Mahomes | AB10: 107208-112745:Drake London | AC10: 107208-69777:Darnell Mooney | AD10: 107208-41642:Harrison Butker
D11: =COUNTIF(tRetro[[#This Row],[Key 1]],tRetro[[#This Row],[MVP Key]]) -> 0 | E11: =COUNTIF(tRetro[[#This Row],[Key 1]],"<>"&tRetro[[#This Row],[MVP Key]]) -> 1 | G11: =MID(tRetro[[#This Row],[MVP_pos]],1,FIND(":",tRetro[[#This Row],[MVP_pos]])-1) -> QB | H11: =INT(MID(tRetro[[#This Row],[Key 2]],1,1)) -> 1 | I11: 8492 | J11: 1699 | K11: 1 | L11: 3 | M11: 18 | N11: QB:NYJ | O11: RB1:NYJ | P11: WR2:NYJ | Q11: D:NYJ | R11: WR3:NE | U11: 4 | V11: 56500 | W11: 52.41 | X11: 83.1 | Y11: 87.46 | Z11: 107022-6894:Aaron Rodgers | AA11: 107022-103064:Breece Hall | AB11: 107022-56809:Allen Lazard | AC11: 107022-12544:New York Jets | AD11: 107022-111876:DeMario Douglas
D12: =COUNTIF(tRetro[[#This Row],[Key 1]],tRetro[[#This Row],[MVP Key]]) -> 1 | E12: =COUNTIF(tRetro[[#This Row],[Key 1]],"<>"&tRetro[[#This Row],[MVP Key]]) -> 0 | G12: =MID(tRetro[[#This Row],[MVP_pos]],1,FIND(":",tRetro[[#This Row],[MVP_pos]])-1) -> WR1 | H12: =INT(MID(tRetro[[#This Row],[Key 2]],1,1)) -> 1 | I12: 1 | J12: 1 | K12: 1 | L12: 1 | M12: 21 | N12: WR1:CIN | O12: QB:WAS | P12: QB:CIN | Q12: WR1:WAS | R12: RB3:WAS | U12: 2 | V12: 60000 | W12: 44.74 | X12: 82.8 | Y12: 122.22 | Z12: 107261-85701:Ja'Marr Chase | AA12: 107261-102785:Jayden Daniels | AB12: 107261-63336:Joe Burrow | AC12: 107261-56250:Terry McLaurin | AD12: 107261-56648:Jeremy McNichols
D13: =COUNTIF(tRetro[[#This Row],[Key 1]],tRetro[[#This Row],[MVP Key]]) -> 0 | E13: =COUNTIF(tRetro[[#This Row],[Key 1]],"<>"&tRetro[[#This Row],[MVP Key]]) -> 1 | G13: =MID(tRetro[[#This Row],[MVP_pos]],1,FIND(":",tRetro[[#This Row],[MVP_pos]])-1) -> RB | H13: =INT(MID(tRetro[[#This Row],[Key 2]],1,1)) -> 2 | I13: 32747 | J13: 6550 | K13: 2 | L13: 3 | M13: 11 | N13: RB:BAL | O13: QB:BAL | P13: WR1:BUF | Q13: D:BAL | R13: RB:BAL | U13: 4 | V13: 58500 | W13: 67.39 | X13: 67.39 | Y13: 115.54 | Z13: 107485-39280:Derrick Henry | AA13: 107485-63115:Lamar Jackson | AB13: 107485-86518:Khalil Shakir | AC13: 107485-12555:Baltimore Ravens | AD13: 107485-71521:Justice Hill
... D36: =COUNTIF(tRetro[[#This Row],[Key 1]],tRetro[[#This Row],[MVP Key]]) -> 0 | E36: =COUNTIF(tRetro[[#This Row],[Key 1]],"<>"&tRetro[[#This Row],[MVP Key]]) -> 1 | G36: =MID(tRetro[[#This Row],[MVP_pos]],1,FIND(":",tRetro[[#This Row],[MVP_pos]])-1) -> K | H36: =INT(MID(tRetro[[#This Row],[Key 2]],1,1)) -> 2 | I36: 39004 | J36: 7801 | K36: 2 | L36: 11 | M36: 12 | N36: K:LAR | O36: WR1:LAR | P36: WR2:LAR | Q36: QB:LAR | R36: K:MIA | U36: 4 | V36: 58500 | W36: 52.65 | X36: 35 | Y36: 80.02 | Z36: 109359-133172:Joshua Karty | AA36: 109359-79970:Cooper Kupp | AB36: 109359-103020:Puka Nacua | AC36: 109359-6654:Matthew Stafford | AD36: 109359-52767:Jason Sanders
D37: =COUNTIF(tRetro[[#This Row],[Key 1]],tRetro[[#This Row],[MVP Key]]) -> 1 | E37: =COUNTIF(tRetro[[#This Row],[Key 1]],"<>"&tRetro[[#This Row],[MVP Key]]) -> 0 | G37: =MID(tRetro[[#This Row],[MVP_pos]],1,FIND(":",tRetro[[#This Row],[MVP_pos]])-1) -> RB | H37: =INT(MID(tRetro[[#This Row],[Key 2]],1,1)) -> 1 | I37: 1495 | K37: 12 | L37: 1 | M37: 2 | N37: RB:PHI | O37: QB:PHI | P37: RB1:WAS | Q37: RB:WAS | R37: TE:WAS | U37: 2 | V37: 59500 | W37: 76.24 | X37: 86.82 | Y37: 115.44 | Z37: 109392-64401:Saquon Barkley | AA37: 109392-69531:Jalen Hurts | AB37: 109392-90562:Brian Robinson Jr. | AC37: 109392-80001:Austin Ekeler
D38: =COUNTIF(tRetro[[#This Row],[Key 1]],tRetro[[#This Row],[MVP Key]]) -> 1 | E38: =COUNTIF(tRetro[[#This Row],[Key 1]],"<>"&tRetro[[#This Row],[MVP Key]]) -> 0 | G38: =MID(tRetro[[#This Row],[MVP_pos]],1,FIND(":",tRetro[[#This Row],[MVP_pos]])-1) -> QB | H38: =INT(MID(tRetro[[#This Row],[Key 2]],1,1)) -> 2 | I38: 49425 | K38: 23 | L38: 2 | M38: 1 | N38: QB:CIN | O38: QB:LAC | P38: WR2:CIN | Q38: WR1:LAC | R38: TE:LAC | U38: 2 | V38: 59500 | W38: 66.37 | X38: 77.58 | Y38: 135.04 | Z38: 109589-63336:Joe Burrow | AA38: 109589-69189:Justin Herbert | AB38: 109589-89981:Tee Higgins | AC38: 109589-133472:Ladd McConkey
D39: =COUNTIF(tRetro[[#This Row],[Key 1]],tRetro[[#This Row],[MVP Key]]) -> 1 | E39: =COUNTIF(tRetro[[#This Row],[Key 1]],"<>"&tRetro[[#This Row],[MVP Key]]) -> 0 | G39: =MID(tRetro[[#This Row],[MVP_pos]],1,FIND(":",tRetro[[#This Row],[MVP_pos]])-1) -> RB | H39: =INT(MID(tRetro[[#This Row],[Key 2]],1,1)) -> 1 | I39: 11260 | K39: 13 | L39: 1 | M39: 1 | N39: RB:HOU | O39: WR1:DAL | P39: QB:DAL | Q39: D:HOU | R39: WR:DAL | U39: 2 | V39: 59500 | W39: 50.11 | X39: 61 | Y39: 126.01 | Z39: 109667-52442:Joe Mixon | AA39: 109667-86631:CeeDee Lamb | AB39: 109667-44715:Cooper Rush | AC39: 109667-12556:Houston Texans
D40: =COUNTIF(tRetro[[#This Row],[Key 1]],tRetro[[#This Row],[MVP Key]]) -> 0 | E40: =COUNTIF(tRetro[[#This Row],[Key 1]],"<>"&tRetro[[#This Row],[MVP Key]]) -> 1 | G40: =MID(tRetro[[#This Row],[MVP_pos]],1,FIND(":",tRetro[[#This Row],[MVP_pos]])-1) -> RB1 | H40: =INT(MID(tRetro[[#This Row],[Key 2]],1,1)) -> 1 | I40: 3792 | K40: 12 | L40: 6 | M40: 16 | N40: RB1:CLE | O40: QB:CLE | P40: QB:PIT | Q40: RB:PIT | R40: WR3:PIT | U40: 3 | V40: 58500 | W40: 44.55 | X40: 47.53 | Y40: 85.21 | Z40: 109710-53562:Nick Chubb | AA40: 109710-24849:Jameis Winston | AB40: 109710-22015:Russell Wilson | AC40: 109710-112057:Jaylen Warren
D41: =COUNTIF(tRetro[[#This Row],[Key 1]],tRetro[[#This Row],[MVP Key]]) -> 1 | E41: =COUNTIF(tRetro[[#This Row],[Key 1]],"<>"&tRetro[[#This Row],[MVP Key]]) -> 0 | G41: =MID(tRetro[[#This Row],[MVP_pos]],1,FIND(":",tRetro[[#This Row],[MVP_pos]])-1) -> RB | H41: =INT(MID(tRetro[[#This Row],[Key 2]],1,1)) -> 1 | I41: 8395 | K41: 15 | L41: 1 | M41: 2 | N41: RB:PHI | O41: WR1:PHI | P41: QB:LAR | Q41: WR3:LAR | R41: K:PHI | U41: 3 | V41: 59000 | W41: 67.31 | X41: 78.62 | Y41: 134.42 | Z41: 109885-64401:Saquon Barkley | AA41: 109885-72846:A.J. Brown | AB41: 109885-6654:Matthew Stafford | AC41: 109885-38264:Demarcus Robinson
D42: =COUNTIF(tRetro[[#This Row],[Key 1]],tRetro[[#This Row],[MVP Key]]) -> 1 | E42: =COUNTIF(tRetro[[#This Row],[Key 1]],"<>"&tRetro[[#This Row],[MVP Key]]) -> 0 | G42: =MID(tRetro[[#This Row],[MVP_pos]],1,FIND(":",tRetro[[#This Row],[MVP_pos]])-1) -> QB | H42: =INT(MID(tRetro[[#This Row],[Key 2]],1,1)) -> 2 | I42: 62485 | K42: 23 | L42: 2 | M42: 1 | N42: QB:BAL | O42: QB:LAC | P42: TE1:BAL | Q42: K:LAC | R42: RB:BAL | U42: 3 | V42: 54500 | W42: 65.95 | X42: 78.92 | Y42: 93.79 | Z42: 109995-63115:Lamar Jackson | AA42: 109995-69189:Justin Herbert | AB42: 109995-52436:Mark Andrews | AC42: 109995-92496:Cameron Dicker
D43: =COUNTIF(tRetro[[#This Row],[Key 1]],tRetro[[#This Row],[MVP Key]]) -> 1 | E43: =COUNTIF(tRetro[[#This Row],[Key 1]],"<>"&tRetro[[#This Row],[MVP Key]]) -> 0 | G43: =MID(tRetro[[#This Row],[MVP_pos]],1,FIND(":",tRetro[[#This Row],[MVP_pos]])-1) -> QB | H43: =INT(MID(tRetro[[#This Row],[Key 2]],1,1)) -> 2 | I43: 33265 | K43: 23 | L43: 2 | M43: 2 | N43: QB:MIA | O43: RB:GB | P43: QB:GB | Q43: TE:MIA | R43: K:GB | U43: 2 | V43: 59500 | W43: 70.01 | X43: 79.05 | Y43: 113.26 | Z43: 110092-90572:Tua Tagovailoa | AA43: 110092-72731:Josh Jacobs | AB43: 110092-69017:Jordan Love | AC43: 110092-48116:Jonnu Smith
D44: =COUNTIF(tRetro[[#This Row],[Key 1]],tRetro[[#This Row],[MVP Key]]) -> 0 | E44: =COUNTIF(tRetro[[#This Row],[Key 1]],"<>"&tRetro[[#This Row],[MVP Key]]) -> 1 | G44: =MID(tRetro[[#This Row],[MVP_pos]],1,FIND(":",tRetro[[#This Row],[MVP_pos]])-1) -> TE | H44: =INT(MID(tRetro[[#This Row],[Key 2]],1,1)) -> 1 | I44: 11621 | K44: 14 | L44: 4 | M44: 4 | N44: TE:LV | O44: QB:KC | P44: WR1:LV | Q44: WR2:LV | R44: QB:LV | U44: 1 | V44: 53000 | W44: 54.58 | X44: 42.43 | Y44: 110.6 | Z44: 110093-151794:Brock Bowers | AA44: 110093-57439:Patrick Mahomes | AB44: 110093-63634:Jakobi Meyers | AC44: 110093-103619:Tre Tucker
D45: =COUNTIF(tRetro[[#This Row],[Key 1]],tRetro[[#This Row],[MVP Key]]) -> 0 | E45: =COUNTIF(tRetro[[#This Row],[Key 1]],"<>"&tRetro[[#This Row],[MVP Key]]) -> 1 | G45: =MID(tRetro[[#This Row],[MVP_pos]],1,FIND(":",tRetro[[#This Row],[MVP_pos]])-1) -> WR1 | H45: =INT(MID(tRetro[[#This Row],[Key 2]],1,1)) -> 2 | I45: 202767 | K45: 25 | L45: 7 | M45: 5 | N45: WR1:CLE | O45: TE:CLE | P45: QB:CLE | Q45: D:DEN | R45: WR:DEN | U45: 3 | V45: 55000 | W45: 42.16 | X45: 46.88 | Y45: 160.58 | Z45: 110324-90561:Jerry Jeudy | AA45: 110324-55335:David Njoku | AB45: 110324-24849:Jameis Winston | AC45: 110324-12531:Denver Broncos
D46: =COUNTIF(tRetro[[#This Row],[Key 1]],tRetro[[#This Row],[MVP Key]]) -> 0 | E46: =COUNTIF(tRetro[[#This Row],[Key 1]],"<>"&tRetro[[#This Row],[MVP Key]]) -> 1 | G46: =MID(tRetro[[#This Row],[MVP_pos]],1,FIND(":",tRetro[[#This Row],[MVP_pos]])-1) -> RB1Q | H46: =INT(MID(tRetro[[#This Row],[Key 2]],1,1)) -> 3 | I46: 25302 | K46: 34 | L46: 5 | M46: 4 | N46: RB1Q:GB | O46: QB:DET | P46: QB:GB | Q46: RB2:DET | R46: WR3:DET | U46: 2 | V46: 59000 | W46: 73.03 | X46: 81.33 | Y46: 110.66 | Z46: 110352-72731:Josh Jacobs | AA46: 110352-38435:Jared Goff | AB46: 110352-69017:Jordan Love | AC46: 110352-73273:David Montgomery
D47: =COUNTIF(tRetro[[#This Row],[Key 1]],tRetro[[#This Row],[MVP Key]]) -> 0 | E47: =COUNTIF(tRetro[[#This Row],[Key 1]],"<>"&tRetro[[#This Row],[MVP Key]]) -> 1 | G47: =MID(tRetro[[#This Row],[MVP_pos]],1,FIND(":",tRetro[[#This Row],[MVP_pos]])-1) -> K | H47: =INT(MID(tRetro[[#This Row],[Key 2]],1,1)) -> 1 | I47: 3589 | K47: 12 | L47: 12 | M47: 3 | N47: K:KC | O47: QB:LAC | P47: WR1:KC | Q47: WR2:LAC | R47: QB:KC | U47: 3 | V47: 59500 | W47: 64.11 | X47: 70.86 | Y47: 76.32 | Z47: 110543-57330:Matthew Wright | AA47: 110543-69189:Justin Herbert | AB47: 110543-16606:DeAndre Hopkins | AC47: 110543-120639:Quentin Johnston
D48: =COUNTIF(tRetro[[#This Row],[Key 1]],tRetro[[#This Row],[MVP Key]]) -> 1 | E48: =COUNTIF(tRetro[[#This Row],[Key 1]],"<>"&tRetro[[#This Row],[MVP Key]]) -> 0 | G48: =MID(tRetro[[#This Row],[MVP_pos]],1,FIND(":",tRetro[[#This Row],[MVP_pos]])-1) -> WR1 | H48: =INT(MID(tRetro[[#This Row],[Key 2]],1,1)) -> 1 | I48: 875 | K48: 12 | L48: 1 | M48: 2 | N48: WR1:CIN | O48: QB:CIN | P48: RB:CIN | Q48: RB:DAL | R48: TE:CIN | U48: 4 | V48: 60000 | W48: 71.78 | X48: 81.85 | Y48: 131.51 | Z48: 110656-85701:Ja'Marr Chase | AA48: 110656-63336:Joe Burrow | AB48: 110656-89493:Chase Brown | AC48: 110656-72297:Rico Dowdle
... D72: =COUNTIF(tRetro[[#This Row],[Key 1]],tRetro[[#This Row],[MVP Key]]) -> 0 | E72: =COUNTIF(tRetro[[#This Row],[Key 1]],"<>"&tRetro[[#This Row],[MVP Key]]) -> 1 | G72: =MID(tRetro[[#This Row],[MVP_pos]],1,FIND(":",tRetro[[#This Row],[MVP_pos]])-1) -> WR1 | H72: =INT(MID(tRetro[[#This Row],[Key 2]],1,1)) -> 2 | I72: 42457 | K72: 23 | L72: 6 | M72: 7 | N72: WR1:KC | O72: QB:PHI | P72: QB:KC | Q72: K:PHI | R72: D:PHI | U72: 2 | V72: 56000 | W72: 68.14 | X72: 73.22 | Y72: 143.87 | Z72: 112626-158974:Xavier Worthy | AA72: 112626-69531:Jalen Hurts | AB72: 112626-57439:Patrick Mahomes | AC72: 112626-41235:Jake Elliott

Sheet MVP Keys
B18: {=[1]!sql(SQL!B13,retro)} -> sqlite3.OperationalError: no such column: s_key ~~~~~~~~~^^^^^^^ c.execute(query) File "C:\Users\mxmei\anaconda3\Lib\site-packages\xlwings\ext\sql.py", line 68, in _sql return _sql(query, *tables) File "C:\Users\mxmei\anaconda3\Lib\site-packages\xlwings\ext\sql.py", line 28, in sql_dynamic ret = func(*args) File "C:\Users\mxmei\anaconda3\Lib\site-packages\xlwings\udfs.py", line 536, in call_udf res = call_udf(script, fname, args, this_workbook, FromVariant(caller)) File "C:\Users\mxmei\anaconda3\Lib\site-packages\xlwings\com_server.py", line 235, in CallUDF return func(*args) File "C:\Users\mxmei\anaconda3\Lib\site-packages\win32com\server\policy.py", line 633, in _invokeex_ ~~~~~~~~~~~~~~~^^^^^^^^^^^^^^^^^^^^^^^^^^^^^^^^^^^^^^^^ return S_OK, -1, self._invokeex_(dispid, lcid, wFlags, args, None, None) File "C:\Users\mxmei\anaconda3\Lib\site-packages\win32com\server\policy.py", line 303, in _invoke_ ~~~~~~~~~~~~~^^^^^^^^^^^^^^^^^^^^^^^^^^^^ return self._invoke_(dispid, lcid, wFlags, args) File "C:\Users\mxmei\anaconda3\Lib\site-packages\win32com\server\policy.py", line 298, in _Invoke_ | C18: sqlite3.OperationalError: no such column: s_key ~~~~~~~~~^^^^^^^ c.execute(query) File "C:\Users\mxmei\anaconda3\Lib\site-packages\xlwings\ext\sql.py", line 68, in _sql return _sql(query, *tables) File "C:\Users\mxmei\anaconda3\Lib\site-packages\xlwings\ext\sql.py", line 28, in sql_dynamic ret = func(*args) File "C:\Users\mxmei\anaconda3\Lib\site-packages\xlwings\udfs.py", line 536, in call_udf res = call_udf(script, fname, args, this_workbook, FromVariant(caller)) File "C:\Users\mxmei\anaconda3\Lib\site-packages\xlwings\com_server.py", line 235, in CallUDF return func(*args) File "C:\Users\mxmei\anaconda3\Lib\site-packages\win32com\server\policy.py", line 633, in _invokeex_ ~~~~~~~~~~~~~~~^^^^^^^^^^^^^^^^^^^^^^^^^^^^^^^^^^^^^^^^ return S_OK, -1, self._invokeex_(dispid, lcid, wFlags, args, None, None) File "C:\Users\mxmei\anaconda3\Lib\site-packages\win32com\server\policy.py", line 303, in _invoke_ ~~~~~~~~~~~~~^^^^^^^^^^^^^^^^^^^^^^^^^^^^ return self._invoke_(dispid, lcid, wFlags, args) File "C:\Users\mxmei\anaconda3\Lib\site-packages\win32com\server\policy.py", line 298, in _Invoke_ | J18: {=[1]!sql(SQL!B15,retro)} -> sqlite3.OperationalError: no such column: f_key ~~~~~~~~~^^^^^^^ c.execute(query) File "C:\Users\mxmei\anaconda3\Lib\site-packages\xlwings\ext\sql.py", line 68, in _sql return _sql(query, *tables) File "C:\Users\mxmei\anaconda3\Lib\site-packages\xlwings\ext\sql.py", line 28, in sql_dynamic ret = func(*args) File "C:\Users\mxmei\anaconda3\Lib\site-packages\xlwings\udfs.py", line 536, in call_udf res = call_udf(script, fname, args, this_workbook, FromVariant(caller)) File "C:\Users\mxmei\anaconda3\Lib\site-packages\xlwings\com_server.py", line 235, in CallUDF return func(*args) File "C:\Users\mxmei\anaconda3\Lib\site-packages\win32com\server\policy.py", line 633, in _invokeex_ ~~~~~~~~~~~~~~~^^^^^^^^^^^^^^^^^^^^^^^^^^^^^^^^^^^^^^^^ return S_OK, -1, self._invokeex_(dispid, lcid, wFlags, args, None, None) File "C:\Users\mxmei\anaconda3\Lib\site-packages\win32com\server\policy.py", line 303, in _invoke_ ~~~~~~~~~~~~~^^^^^^^^^^^^^^^^^^^^^^^^^^^^ return self._invoke_(dispid, lcid, wFlags, args) File "C:\Users\mxmei\anaconda3\Lib\site-packages\win32com\server\policy.py", line 298, in _Invoke_ | K18: sqlite3.OperationalError: no such column: f_key ~~~~~~~~~^^^^^^^ c.execute(query) File "C:\Users\mxmei\anaconda3\Lib\site-packages\xlwings\ext\sql.py", line 68, in _sql return _sql(query, *tables) File "C:\Users\mxmei\anaconda3\Lib\site-packages\xlwings\ext\sql.py", line 28, in sql_dynamic ret = func(*args) File "C:\Users\mxmei\anaconda3\Lib\site-packages\xlwings\udfs.py", line 536, in call_udf res = call_udf(script, fname, args, this_workbook, FromVariant(caller)) File "C:\Users\mxmei\anaconda3\Lib\site-packages\xlwings\com_server.py", line 235, in CallUDF return func(*args) File "C:\Users\mxmei\anaconda3\Lib\site-packages\win32com\server\policy.py", line 633, in _invokeex_ ~~~~~~~~~~~~~~~^^^^^^^^^^^^^^^^^^^^^^^^^^^^^^^^^^^^^^^^ return S_OK, -1, self._invokeex_(dispid, lcid, wFlags, args, None, None) File "C:\Users\mxmei\anaconda3\Lib\site-packages\win32com\server\policy.py", line 303, in _invoke_ ~~~~~~~~~~~~~^^^^^^^^^^^^^^^^^^^^^^^^^^^^ return self._invoke_(dispid, lcid, wFlags, args) File "C:\Users\mxmei\anaconda3\Lib\site-packages\win32com\server\policy.py", line 298, in _Invoke_
B19: sqlite3.OperationalError: no such column: s_key ~~~~~~~~~^^^^^^^ c.execute(query) File "C:\Users\mxmei\anaconda3\Lib\site-packages\xlwings\ext\sql.py", line 68, in _sql return _sql(query, *tables) File "C:\Users\mxmei\anaconda3\Lib\site-packages\xlwings\ext\sql.py", line 28, in sql_dynamic ret = func(*args) File "C:\Users\mxmei\anaconda3\Lib\site-packages\xlwings\udfs.py", line 536, in call_udf res = call_udf(script, fname, args, this_workbook, FromVariant(caller)) File "C:\Users\mxmei\anaconda3\Lib\site-packages\xlwings\com_server.py", line 235, in CallUDF return func(*args) File "C:\Users\mxmei\anaconda3\Lib\site-packages\win32com\server\policy.py", line 633, in _invokeex_ ~~~~~~~~~~~~~~~^^^^^^^^^^^^^^^^^^^^^^^^^^^^^^^^^^^^^^^^ return S_OK, -1, self._invokeex_(dispid, lcid, wFlags, args, None, None) File "C:\Users\mxmei\anaconda3\Lib\site-packages\win32com\server\policy.py", line 303, in _invoke_ ~~~~~~~~~~~~~^^^^^^^^^^^^^^^^^^^^^^^^^^^^ return self._invoke_(dispid, lcid, wFlags, args) File "C:\Users\mxmei\anaconda3\Lib\site-packages\win32com\server\policy.py", line 298, in _Invoke_ | C19: sqlite3.OperationalError: no such column: s_key ~~~~~~~~~^^^^^^^ c.execute(query) File "C:\Users\mxmei\anaconda3\Lib\site-packages\xlwings\ext\sql.py", line 68, in _sql return _sql(query, *tables) File "C:\Users\mxmei\anaconda3\Lib\site-packages\xlwings\ext\sql.py", line 28, in sql_dynamic ret = func(*args) File "C:\Users\mxmei\anaconda3\Lib\site-packages\xlwings\udfs.py", line 536, in call_udf res = call_udf(script, fname, args, this_workbook, FromVariant(caller)) File "C:\Users\mxmei\anaconda3\Lib\site-packages\xlwings\com_server.py", line 235, in CallUDF return func(*args) File "C:\Users\mxmei\anaconda3\Lib\site-packages\win32com\server\policy.py", line 633, in _invokeex_ ~~~~~~~~~~~~~~~^^^^^^^^^^^^^^^^^^^^^^^^^^^^^^^^^^^^^^^^ return S_OK, -1, self._invokeex_(dispid, lcid, wFlags, args, None, None) File "C:\Users\mxmei\anaconda3\Lib\site-packages\win32com\server\policy.py", line 303, in _invoke_ ~~~~~~~~~~~~~^^^^^^^^^^^^^^^^^^^^^^^^^^^^ return self._invoke_(dispid, lcid, wFlags, args) File "C:\Users\mxmei\anaconda3\Lib\site-packages\win32com\server\policy.py", line 298, in _Invoke_ | J19: sqlite3.OperationalError: no such column: f_key ~~~~~~~~~^^^^^^^ c.execute(query) File "C:\Users\mxmei\anaconda3\Lib\site-packages\xlwings\ext\sql.py", line 68, in _sql return _sql(query, *tables) File "C:\Users\mxmei\anaconda3\Lib\site-packages\xlwings\ext\sql.py", line 28, in sql_dynamic ret = func(*args) File "C:\Users\mxmei\anaconda3\Lib\site-packages\xlwings\udfs.py", line 536, in call_udf res = call_udf(script, fname, args, this_workbook, FromVariant(caller)) File "C:\Users\mxmei\anaconda3\Lib\site-packages\xlwings\com_server.py", line 235, in CallUDF return func(*args) File "C:\Users\mxmei\anaconda3\Lib\site-packages\win32com\server\policy.py", line 633, in _invokeex_ ~~~~~~~~~~~~~~~^^^^^^^^^^^^^^^^^^^^^^^^^^^^^^^^^^^^^^^^ return S_OK, -1, self._invokeex_(dispid, lcid, wFlags, args, None, None) File "C:\Users\mxmei\anaconda3\Lib\site-packages\win32com\server\policy.py", line 303, in _invoke_ ~~~~~~~~~~~~~^^^^^^^^^^^^^^^^^^^^^^^^^^^^ return self._invoke_(dispid, lcid, wFlags, args) File "C:\Users\mxmei\anaconda3\Lib\site-packages\win32com\server\policy.py", line 298, in _Invoke_ | K19: sqlite3.OperationalError: no such column: f_key ~~~~~~~~~^^^^^^^ c.execute(query) File "C:\Users\mxmei\anaconda3\Lib\site-packages\xlwings\ext\sql.py", line 68, in _sql return _sql(query, *tables) File "C:\Users\mxmei\anaconda3\Lib\site-packages\xlwings\ext\sql.py", line 28, in sql_dynamic ret = func(*args) File "C:\Users\mxmei\anaconda3\Lib\site-packages\xlwings\udfs.py", line 536, in call_udf res = call_udf(script, fname, args, this_workbook, FromVariant(caller)) File "C:\Users\mxmei\anaconda3\Lib\site-packages\xlwings\com_server.py", line 235, in CallUDF return func(*args) File "C:\Users\mxmei\anaconda3\Lib\site-packages\win32com\server\policy.py", line 633, in _invokeex_ ~~~~~~~~~~~~~~~^^^^^^^^^^^^^^^^^^^^^^^^^^^^^^^^^^^^^^^^ return S_OK, -1, self._invokeex_(dispid, lcid, wFlags, args, None, None) File "C:\Users\mxmei\anaconda3\Lib\site-packages\win32com\server\policy.py", line 303, in _invoke_ ~~~~~~~~~~~~~^^^^^^^^^^^^^^^^^^^^^^^^^^^^ return self._invoke_(dispid, lcid, wFlags, args) File "C:\Users\mxmei\anaconda3\Lib\site-packages\win32com\server\policy.py", line 298, in _Invoke_
B20: sqlite3.OperationalError: no such column: s_key ~~~~~~~~~^^^^^^^ c.execute(query) File "C:\Users\mxmei\anaconda3\Lib\site-packages\xlwings\ext\sql.py", line 68, in _sql return _sql(query, *tables) File "C:\Users\mxmei\anaconda3\Lib\site-packages\xlwings\ext\sql.py", line 28, in sql_dynamic ret = func(*args) File "C:\Users\mxmei\anaconda3\Lib\site-packages\xlwings\udfs.py", line 536, in call_udf res = call_udf(script, fname, args, this_workbook, FromVariant(caller)) File "C:\Users\mxmei\anaconda3\Lib\site-packages\xlwings\com_server.py", line 235, in CallUDF return func(*args) File "C:\Users\mxmei\anaconda3\Lib\site-packages\win32com\server\policy.py", line 633, in _invokeex_ ~~~~~~~~~~~~~~~^^^^^^^^^^^^^^^^^^^^^^^^^^^^^^^^^^^^^^^^ return S_OK, -1, self._invokeex_(dispid, lcid, wFlags, args, None, None) File "C:\Users\mxmei\anaconda3\Lib\site-packages\win32com\server\policy.py", line 303, in _invoke_ ~~~~~~~~~~~~~^^^^^^^^^^^^^^^^^^^^^^^^^^^^ return self._invoke_(dispid, lcid, wFlags, args) File "C:\Users\mxmei\anaconda3\Lib\site-packages\win32com\server\policy.py", line 298, in _Invoke_ | C20: sqlite3.OperationalError: no such column: s_key ~~~~~~~~~^^^^^^^ c.execute(query) File "C:\Users\mxmei\anaconda3\Lib\site-packages\xlwings\ext\sql.py", line 68, in _sql return _sql(query, *tables) File "C:\Users\mxmei\anaconda3\Lib\site-packages\xlwings\ext\sql.py", line 28, in sql_dynamic ret = func(*args) File "C:\Users\mxmei\anaconda3\Lib\site-packages\xlwings\udfs.py", line 536, in call_udf res = call_udf(script, fname, args, this_workbook, FromVariant(caller)) File "C:\Users\mxmei\anaconda3\Lib\site-packages\xlwings\com_server.py", line 235, in CallUDF return func(*args) File "C:\Users\mxmei\anaconda3\Lib\site-packages\win32com\server\policy.py", line 633, in _invokeex_ ~~~~~~~~~~~~~~~^^^^^^^^^^^^^^^^^^^^^^^^^^^^^^^^^^^^^^^^ return S_OK, -1, self._invokeex_(dispid, lcid, wFlags, args, None, None) File "C:\Users\mxmei\anaconda3\Lib\site-packages\win32com\server\policy.py", line 303, in _invoke_ ~~~~~~~~~~~~~^^^^^^^^^^^^^^^^^^^^^^^^^^^^ return self._invoke_(dispid, lcid, wFlags, args) File "C:\Users\mxmei\anaconda3\Lib\site-packages\win32com\server\policy.py", line 298, in _Invoke_ | J20: sqlite3.OperationalError: no such column: f_key ~~~~~~~~~^^^^^^^ c.execute(query) File "C:\Users\mxmei\anaconda3\Lib\site-packages\xlwings\ext\sql.py", line 68, in _sql return _sql(query, *tables) File "C:\Users\mxmei\anaconda3\Lib\site-packages\xlwings\ext\sql.py", line 28, in sql_dynamic ret = func(*args) File "C:\Users\mxmei\anaconda3\Lib\site-packages\xlwings\udfs.py", line 536, in call_udf res = call_udf(script, fname, args, this_workbook, FromVariant(caller)) File "C:\Users\mxmei\anaconda3\Lib\site-packages\xlwings\com_server.py", line 235, in CallUDF return func(*args) File "C:\Users\mxmei\anaconda3\Lib\site-packages\win32com\server\policy.py", line 633, in _invokeex_ ~~~~~~~~~~~~~~~^^^^^^^^^^^^^^^^^^^^^^^^^^^^^^^^^^^^^^^^ return S_OK, -1, self._invokeex_(dispid, lcid, wFlags, args, None, None) File "C:\Users\mxmei\anaconda3\Lib\site-packages\win32com\server\policy.py", line 303, in _invoke_ ~~~~~~~~~~~~~^^^^^^^^^^^^^^^^^^^^^^^^^^^^ return self._invoke_(dispid, lcid, wFlags, args) File "C:\Users\mxmei\anaconda3\Lib\site-packages\win32com\server\policy.py", line 298, in _Invoke_ | K20: sqlite3.OperationalError: no such column: f_key ~~~~~~~~~^^^^^^^ c.execute(query) File "C:\Users\mxmei\anaconda3\Lib\site-packages\xlwings\ext\sql.py", line 68, in _sql return _sql(query, *tables) File "C:\Users\mxmei\anaconda3\Lib\site-packages\xlwings\ext\sql.py", line 28, in sql_dynamic ret = func(*args) File "C:\Users\mxmei\anaconda3\Lib\site-packages\xlwings\udfs.py", line 536, in call_udf res = call_udf(script, fname, args, this_workbook, FromVariant(caller)) File "C:\Users\mxmei\anaconda3\Lib\site-packages\xlwings\com_server.py", line 235, in CallUDF return func(*args) File "C:\Users\mxmei\anaconda3\Lib\site-packages\win32com\server\policy.py", line 633, in _invokeex_ ~~~~~~~~~~~~~~~^^^^^^^^^^^^^^^^^^^^^^^^^^^^^^^^^^^^^^^^ return S_OK, -1, self._invokeex_(dispid, lcid, wFlags, args, None, None) File "C:\Users\mxmei\anaconda3\Lib\site-packages\win32com\server\policy.py", line 303, in _invoke_ ~~~~~~~~~~~~~^^^^^^^^^^^^^^^^^^^^^^^^^^^^ return self._invoke_(dispid, lcid, wFlags, args) File "C:\Users\mxmei\anaconda3\Lib\site-packages\win32com\server\policy.py", line 298, in _Invoke_
B21: sqlite3.OperationalError: no such column: s_key ~~~~~~~~~^^^^^^^ c.execute(query) File "C:\Users\mxmei\anaconda3\Lib\site-packages\xlwings\ext\sql.py", line 68, in _sql return _sql(query, *tables) File "C:\Users\mxmei\anaconda3\Lib\site-packages\xlwings\ext\sql.py", line 28, in sql_dynamic ret = func(*args) File "C:\Users\mxmei\anaconda3\Lib\site-packages\xlwings\udfs.py", line 536, in call_udf res = call_udf(script, fname, args, this_workbook, FromVariant(caller)) File "C:\Users\mxmei\anaconda3\Lib\site-packages\xlwings\com_server.py", line 235, in CallUDF return func(*args) File "C:\Users\mxmei\anaconda3\Lib\site-packages\win32com\server\policy.py", line 633, in _invokeex_ ~~~~~~~~~~~~~~~^^^^^^^^^^^^^^^^^^^^^^^^^^^^^^^^^^^^^^^^ return S_OK, -1, self._invokeex_(dispid, lcid, wFlags, args, None, None) File "C:\Users\mxmei\anaconda3\Lib\site-packages\win32com\server\policy.py", line 303, in _invoke_ ~~~~~~~~~~~~~^^^^^^^^^^^^^^^^^^^^^^^^^^^^ return self._invoke_(dispid, lcid, wFlags, args) File "C:\Users\mxmei\anaconda3\Lib\site-packages\win32com\server\policy.py", line 298, in _Invoke_ | C21: sqlite3.OperationalError: no such column: s_key ~~~~~~~~~^^^^^^^ c.execute(query) File "C:\Users\mxmei\anaconda3\Lib\site-packages\xlwings\ext\sql.py", line 68, in _sql return _sql(query, *tables) File "C:\Users\mxmei\anaconda3\Lib\site-packages\xlwings\ext\sql.py", line 28, in sql_dynamic ret = func(*args) File "C:\Users\mxmei\anaconda3\Lib\site-packages\xlwings\udfs.py", line 536, in call_udf res = call_udf(script, fname, args, this_workbook, FromVariant(caller)) File "C:\Users\mxmei\anaconda3\Lib\site-packages\xlwings\com_server.py", line 235, in CallUDF return func(*args) File "C:\Users\mxmei\anaconda3\Lib\site-packages\win32com\server\policy.py", line 633, in _invokeex_ ~~~~~~~~~~~~~~~^^^^^^^^^^^^^^^^^^^^^^^^^^^^^^^^^^^^^^^^ return S_OK, -1, self._invokeex_(dispid, lcid, wFlags, args, None, None) File "C:\Users\mxmei\anaconda3\Lib\site-packages\win32com\server\policy.py", line 303, in _invoke_ ~~~~~~~~~~~~~^^^^^^^^^^^^^^^^^^^^^^^^^^^^ return self._invoke_(dispid, lcid, wFlags, args) File "C:\Users\mxmei\anaconda3\Lib\site-packages\win32com\server\policy.py", line 298, in _Invoke_ | J21: sqlite3.OperationalError: no such column: f_key ~~~~~~~~~^^^^^^^ c.execute(query) File "C:\Users\mxmei\anaconda3\Lib\site-packages\xlwings\ext\sql.py", line 68, in _sql return _sql(query, *tables) File "C:\Users\mxmei\anaconda3\Lib\site-packages\xlwings\ext\sql.py", line 28, in sql_dynamic ret = func(*args) File "C:\Users\mxmei\anaconda3\Lib\site-packages\xlwings\udfs.py", line 536, in call_udf res = call_udf(script, fname, args, this_workbook, FromVariant(caller)) File "C:\Users\mxmei\anaconda3\Lib\site-packages\xlwings\com_server.py", line 235, in CallUDF return func(*args) File "C:\Users\mxmei\anaconda3\Lib\site-packages\win32com\server\policy.py", line 633, in _invokeex_ ~~~~~~~~~~~~~~~^^^^^^^^^^^^^^^^^^^^^^^^^^^^^^^^^^^^^^^^ return S_OK, -1, self._invokeex_(dispid, lcid, wFlags, args, None, None) File "C:\Users\mxmei\anaconda3\Lib\site-packages\win32com\server\policy.py", line 303, in _invoke_ ~~~~~~~~~~~~~^^^^^^^^^^^^^^^^^^^^^^^^^^^^ return self._invoke_(dispid, lcid, wFlags, args) File "C:\Users\mxmei\anaconda3\Lib\site-packages\win32com\server\policy.py", line 298, in _Invoke_ | K21: sqlite3.OperationalError: no such column: f_key ~~~~~~~~~^^^^^^^ c.execute(query) File "C:\Users\mxmei\anaconda3\Lib\site-packages\xlwings\ext\sql.py", line 68, in _sql return _sql(query, *tables) File "C:\Users\mxmei\anaconda3\Lib\site-packages\xlwings\ext\sql.py", line 28, in sql_dynamic ret = func(*args) File "C:\Users\mxmei\anaconda3\Lib\site-packages\xlwings\udfs.py", line 536, in call_udf res = call_udf(script, fname, args, this_workbook, FromVariant(caller)) File "C:\Users\mxmei\anaconda3\Lib\site-packages\xlwings\com_server.py", line 235, in CallUDF return func(*args) File "C:\Users\mxmei\anaconda3\Lib\site-packages\win32com\server\policy.py", line 633, in _invokeex_ ~~~~~~~~~~~~~~~^^^^^^^^^^^^^^^^^^^^^^^^^^^^^^^^^^^^^^^^ return S_OK, -1, self._invokeex_(dispid, lcid, wFlags, args, None, None) File "C:\Users\mxmei\anaconda3\Lib\site-packages\win32com\server\policy.py", line 303, in _invoke_ ~~~~~~~~~~~~~^^^^^^^^^^^^^^^^^^^^^^^^^^^^ return self._invoke_(dispid, lcid, wFlags, args) File "C:\Users\mxmei\anaconda3\Lib\site-packages\win32com\server\policy.py", line 298, in _Invoke_
B22: sqlite3.OperationalError: no such column: s_key ~~~~~~~~~^^^^^^^ c.execute(query) File "C:\Users\mxmei\anaconda3\Lib\site-packages\xlwings\ext\sql.py", line 68, in _sql return _sql(query, *tables) File "C:\Users\mxmei\anaconda3\Lib\site-packages\xlwings\ext\sql.py", line 28, in sql_dynamic ret = func(*args) File "C:\Users\mxmei\anaconda3\Lib\site-packages\xlwings\udfs.py", line 536, in call_udf res = call_udf(script, fname, args, this_workbook, FromVariant(caller)) File "C:\Users\mxmei\anaconda3\Lib\site-packages\xlwings\com_server.py", line 235, in CallUDF return func(*args) File "C:\Users\mxmei\anaconda3\Lib\site-packages\win32com\server\policy.py", line 633, in _invokeex_ ~~~~~~~~~~~~~~~^^^^^^^^^^^^^^^^^^^^^^^^^^^^^^^^^^^^^^^^ return S_OK, -1, self._invokeex_(dispid, lcid, wFlags, args, None, None) File "C:\Users\mxmei\anaconda3\Lib\site-packages\win32com\server\policy.py", line 303, in _invoke_ ~~~~~~~~~~~~~^^^^^^^^^^^^^^^^^^^^^^^^^^^^ return self._invoke_(dispid, lcid, wFlags, args) File "C:\Users\mxmei\anaconda3\Lib\site-packages\win32com\server\policy.py", line 298, in _Invoke_ | C22: sqlite3.OperationalError: no such column: s_key ~~~~~~~~~^^^^^^^ c.execute(query) File "C:\Users\mxmei\anaconda3\Lib\site-packages\xlwings\ext\sql.py", line 68, in _sql return _sql(query, *tables) File "C:\Users\mxmei\anaconda3\Lib\site-packages\xlwings\ext\sql.py", line 28, in sql_dynamic ret = func(*args) File "C:\Users\mxmei\anaconda3\Lib\site-packages\xlwings\udfs.py", line 536, in call_udf res = call_udf(script, fname, args, this_workbook, FromVariant(caller)) File "C:\Users\mxmei\anaconda3\Lib\site-packages\xlwings\com_server.py", line 235, in CallUDF return func(*args) File "C:\Users\mxmei\anaconda3\Lib\site-packages\win32com\server\policy.py", line 633, in _invokeex_ ~~~~~~~~~~~~~~~^^^^^^^^^^^^^^^^^^^^^^^^^^^^^^^^^^^^^^^^ return S_OK, -1, self._invokeex_(dispid, lcid, wFlags, args, None, None) File "C:\Users\mxmei\anaconda3\Lib\site-packages\win32com\server\policy.py", line 303, in _invoke_ ~~~~~~~~~~~~~^^^^^^^^^^^^^^^^^^^^^^^^^^^^ return self._invoke_(dispid, lcid, wFlags, args) File "C:\Users\mxmei\anaconda3\Lib\site-packages\win32com\server\policy.py", line 298, in _Invoke_ | J22: sqlite3.OperationalError: no such column: f_key ~~~~~~~~~^^^^^^^ c.execute(query) File "C:\Users\mxmei\anaconda3\Lib\site-packages\xlwings\ext\sql.py", line 68, in _sql return _sql(query, *tables) File "C:\Users\mxmei\anaconda3\Lib\site-packages\xlwings\ext\sql.py", line 28, in sql_dynamic ret = func(*args) File "C:\Users\mxmei\anaconda3\Lib\site-packages\xlwings\udfs.py", line 536, in call_udf res = call_udf(script, fname, args, this_workbook, FromVariant(caller)) File "C:\Users\mxmei\anaconda3\Lib\site-packages\xlwings\com_server.py", line 235, in CallUDF return func(*args) File "C:\Users\mxmei\anaconda3\Lib\site-packages\win32com\server\policy.py", line 633, in _invokeex_ ~~~~~~~~~~~~~~~^^^^^^^^^^^^^^^^^^^^^^^^^^^^^^^^^^^^^^^^ return S_OK, -1, self._invokeex_(dispid, lcid, wFlags, args, None, None) File "C:\Users\mxmei\anaconda3\Lib\site-packages\win32com\server\policy.py", line 303, in _invoke_ ~~~~~~~~~~~~~^^^^^^^^^^^^^^^^^^^^^^^^^^^^ return self._invoke_(dispid, lcid, wFlags, args) File "C:\Users\mxmei\anaconda3\Lib\site-packages\win32com\server\policy.py", line 298, in _Invoke_ | K22: sqlite3.OperationalError: no such column: f_key ~~~~~~~~~^^^^^^^ c.execute(query) File "C:\Users\mxmei\anaconda3\Lib\site-packages\xlwings\ext\sql.py", line 68, in _sql return _sql(query, *tables) File "C:\Users\mxmei\anaconda3\Lib\site-packages\xlwings\ext\sql.py", line 28, in sql_dynamic ret = func(*args) File "C:\Users\mxmei\anaconda3\Lib\site-packages\xlwings\udfs.py", line 536, in call_udf res = call_udf(script, fname, args, this_workbook, FromVariant(caller)) File "C:\Users\mxmei\anaconda3\Lib\site-packages\xlwings\com_server.py", line 235, in CallUDF return func(*args) File "C:\Users\mxmei\anaconda3\Lib\site-packages\win32com\server\policy.py", line 633, in _invokeex_ ~~~~~~~~~~~~~~~^^^^^^^^^^^^^^^^^^^^^^^^^^^^^^^^^^^^^^^^ return S_OK, -1, self._invokeex_(dispid, lcid, wFlags, args, None, None) File "C:\Users\mxmei\anaconda3\Lib\site-packages\win32com\server\policy.py", line 303, in _invoke_ ~~~~~~~~~~~~~^^^^^^^^^^^^^^^^^^^^^^^^^^^^ return self._invoke_(dispid, lcid, wFlags, args) File "C:\Users\mxmei\anaconda3\Lib\site-packages\win32com\server\policy.py", line 298, in _Invoke_
B23: sqlite3.OperationalError: no such column: s_key ~~~~~~~~~^^^^^^^ c.execute(query) File "C:\Users\mxmei\anaconda3\Lib\site-packages\xlwings\ext\sql.py", line 68, in _sql return _sql(query, *tables) File "C:\Users\mxmei\anaconda3\Lib\site-packages\xlwings\ext\sql.py", line 28, in sql_dynamic ret = func(*args) File "C:\Users\mxmei\anaconda3\Lib\site-packages\xlwings\udfs.py", line 536, in call_udf res = call_udf(script, fname, args, this_workbook, FromVariant(caller)) File "C:\Users\mxmei\anaconda3\Lib\site-packages\xlwings\com_server.py", line 235, in CallUDF return func(*args) File "C:\Users\mxmei\anaconda3\Lib\site-packages\win32com\server\policy.py", line 633, in _invokeex_ ~~~~~~~~~~~~~~~^^^^^^^^^^^^^^^^^^^^^^^^^^^^^^^^^^^^^^^^ return S_OK, -1, self._invokeex_(dispid, lcid, wFlags, args, None, None) File "C:\Users\mxmei\anaconda3\Lib\site-packages\win32com\server\policy.py", line 303, in _invoke_ ~~~~~~~~~~~~~^^^^^^^^^^^^^^^^^^^^^^^^^^^^ return self._invoke_(dispid, lcid, wFlags, args) File "C:\Users\mxmei\anaconda3\Lib\site-packages\win32com\server\policy.py", line 298, in _Invoke_ | C23: sqlite3.OperationalError: no such column: s_key ~~~~~~~~~^^^^^^^ c.execute(query) File "C:\Users\mxmei\anaconda3\Lib\site-packages\xlwings\ext\sql.py", line 68, in _sql return _sql(query, *tables) File "C:\Users\mxmei\anaconda3\Lib\site-packages\xlwings\ext\sql.py", line 28, in sql_dynamic ret = func(*args) File "C:\Users\mxmei\anaconda3\Lib\site-packages\xlwings\udfs.py", line 536, in call_udf res = call_udf(script, fname, args, this_workbook, FromVariant(caller)) File "C:\Users\mxmei\anaconda3\Lib\site-packages\xlwings\com_server.py", line 235, in CallUDF return func(*args) File "C:\Users\mxmei\anaconda3\Lib\site-packages\win32com\server\policy.py", line 633, in _invokeex_ ~~~~~~~~~~~~~~~^^^^^^^^^^^^^^^^^^^^^^^^^^^^^^^^^^^^^^^^ return S_OK, -1, self._invokeex_(dispid, lcid, wFlags, args, None, None) File "C:\Users\mxmei\anaconda3\Lib\site-packages\win32com\server\policy.py", line 303, in _invoke_ ~~~~~~~~~~~~~^^^^^^^^^^^^^^^^^^^^^^^^^^^^ return self._invoke_(dispid, lcid, wFlags, args) File "C:\Users\mxmei\anaconda3\Lib\site-packages\win32com\server\policy.py", line 298, in _Invoke_ | J23: sqlite3.OperationalError: no such column: f_key ~~~~~~~~~^^^^^^^ c.execute(query) File "C:\Users\mxmei\anaconda3\Lib\site-packages\xlwings\ext\sql.py", line 68, in _sql return _sql(query, *tables) File "C:\Users\mxmei\anaconda3\Lib\site-packages\xlwings\ext\sql.py", line 28, in sql_dynamic ret = func(*args) File "C:\Users\mxmei\anaconda3\Lib\site-packages\xlwings\udfs.py", line 536, in call_udf res = call_udf(script, fname, args, this_workbook, FromVariant(caller)) File "C:\Users\mxmei\anaconda3\Lib\site-packages\xlwings\com_server.py", line 235, in CallUDF return func(*args) File "C:\Users\mxmei\anaconda3\Lib\site-packages\win32com\server\policy.py", line 633, in _invokeex_ ~~~~~~~~~~~~~~~^^^^^^^^^^^^^^^^^^^^^^^^^^^^^^^^^^^^^^^^ return S_OK, -1, self._invokeex_(dispid, lcid, wFlags, args, None, None) File "C:\Users\mxmei\anaconda3\Lib\site-packages\win32com\server\policy.py", line 303, in _invoke_ ~~~~~~~~~~~~~^^^^^^^^^^^^^^^^^^^^^^^^^^^^ return self._invoke_(dispid, lcid, wFlags, args) File "C:\Users\mxmei\anaconda3\Lib\site-packages\win32com\server\policy.py", line 298, in _Invoke_ | K23: sqlite3.OperationalError: no such column: f_key ~~~~~~~~~^^^^^^^ c.execute(query) File "C:\Users\mxmei\anaconda3\Lib\site-packages\xlwings\ext\sql.py", line 68, in _sql return _sql(query, *tables) File "C:\Users\mxmei\anaconda3\Lib\site-packages\xlwings\ext\sql.py", line 28, in sql_dynamic ret = func(*args) File "C:\Users\mxmei\anaconda3\Lib\site-packages\xlwings\udfs.py", line 536, in call_udf res = call_udf(script, fname, args, this_workbook, FromVariant(caller)) File "C:\Users\mxmei\anaconda3\Lib\site-packages\xlwings\com_server.py", line 235, in CallUDF return func(*args) File "C:\Users\mxmei\anaconda3\Lib\site-packages\win32com\server\policy.py", line 633, in _invokeex_ ~~~~~~~~~~~~~~~^^^^^^^^^^^^^^^^^^^^^^^^^^^^^^^^^^^^^^^^ return S_OK, -1, self._invokeex_(dispid, lcid, wFlags, args, None, None) File "C:\Users\mxmei\anaconda3\Lib\site-packages\win32com\server\policy.py", line 303, in _invoke_ ~~~~~~~~~~~~~^^^^^^^^^^^^^^^^^^^^^^^^^^^^ return self._invoke_(dispid, lcid, wFlags, args) File "C:\Users\mxmei\anaconda3\Lib\site-packages\win32com\server\policy.py", line 298, in _Invoke_
B24: sqlite3.OperationalError: no such column: s_key ~~~~~~~~~^^^^^^^ c.execute(query) File "C:\Users\mxmei\anaconda3\Lib\site-packages\xlwings\ext\sql.py", line 68, in _sql return _sql(query, *tables) File "C:\Users\mxmei\anaconda3\Lib\site-packages\xlwings\ext\sql.py", line 28, in sql_dynamic ret = func(*args) File "C:\Users\mxmei\anaconda3\Lib\site-packages\xlwings\udfs.py", line 536, in call_udf res = call_udf(script, fname, args, this_workbook, FromVariant(caller)) File "C:\Users\mxmei\anaconda3\Lib\site-packages\xlwings\com_server.py", line 235, in CallUDF return func(*args) File "C:\Users\mxmei\anaconda3\Lib\site-packages\win32com\server\policy.py", line 633, in _invokeex_ ~~~~~~~~~~~~~~~^^^^^^^^^^^^^^^^^^^^^^^^^^^^^^^^^^^^^^^^ return S_OK, -1, self._invokeex_(dispid, lcid, wFlags, args, None, None) File "C:\Users\mxmei\anaconda3\Lib\site-packages\win32com\server\policy.py", line 303, in _invoke_ ~~~~~~~~~~~~~^^^^^^^^^^^^^^^^^^^^^^^^^^^^ return self._invoke_(dispid, lcid, wFlags, args) File "C:\Users\mxmei\anaconda3\Lib\site-packages\win32com\server\policy.py", line 298, in _Invoke_ | C24: sqlite3.OperationalError: no such column: s_key ~~~~~~~~~^^^^^^^ c.execute(query) File "C:\Users\mxmei\anaconda3\Lib\site-packages\xlwings\ext\sql.py", line 68, in _sql return _sql(query, *tables) File "C:\Users\mxmei\anaconda3\Lib\site-packages\xlwings\ext\sql.py", line 28, in sql_dynamic ret = func(*args) File "C:\Users\mxmei\anaconda3\Lib\site-packages\xlwings\udfs.py", line 536, in call_udf res = call_udf(script, fname, args, this_workbook, FromVariant(caller)) File "C:\Users\mxmei\anaconda3\Lib\site-packages\xlwings\com_server.py", line 235, in CallUDF return func(*args) File "C:\Users\mxmei\anaconda3\Lib\site-packages\win32com\server\policy.py", line 633, in _invokeex_ ~~~~~~~~~~~~~~~^^^^^^^^^^^^^^^^^^^^^^^^^^^^^^^^^^^^^^^^ return S_OK, -1, self._invokeex_(dispid, lcid, wFlags, args, None, None) File "C:\Users\mxmei\anaconda3\Lib\site-packages\win32com\server\policy.py", line 303, in _invoke_ ~~~~~~~~~~~~~^^^^^^^^^^^^^^^^^^^^^^^^^^^^ return self._invoke_(dispid, lcid, wFlags, args) File "C:\Users\mxmei\anaconda3\Lib\site-packages\win32com\server\policy.py", line 298, in _Invoke_ | J24: sqlite3.OperationalError: no such column: f_key ~~~~~~~~~^^^^^^^ c.execute(query) File "C:\Users\mxmei\anaconda3\Lib\site-packages\xlwings\ext\sql.py", line 68, in _sql return _sql(query, *tables) File "C:\Users\mxmei\anaconda3\Lib\site-packages\xlwings\ext\sql.py", line 28, in sql_dynamic ret = func(*args) File "C:\Users\mxmei\anaconda3\Lib\site-packages\xlwings\udfs.py", line 536, in call_udf res = call_udf(script, fname, args, this_workbook, FromVariant(caller)) File "C:\Users\mxmei\anaconda3\Lib\site-packages\xlwings\com_server.py", line 235, in CallUDF return func(*args) File "C:\Users\mxmei\anaconda3\Lib\site-packages\win32com\server\policy.py", line 633, in _invokeex_ ~~~~~~~~~~~~~~~^^^^^^^^^^^^^^^^^^^^^^^^^^^^^^^^^^^^^^^^ return S_OK, -1, self._invokeex_(dispid, lcid, wFlags, args, None, None) File "C:\Users\mxmei\anaconda3\Lib\site-packages\win32com\server\policy.py", line 303, in _invoke_ ~~~~~~~~~~~~~^^^^^^^^^^^^^^^^^^^^^^^^^^^^ return self._invoke_(dispid, lcid, wFlags, args) File "C:\Users\mxmei\anaconda3\Lib\site-packages\win32com\server\policy.py", line 298, in _Invoke_ | K24: sqlite3.OperationalError: no such column: f_key ~~~~~~~~~^^^^^^^ c.execute(query) File "C:\Users\mxmei\anaconda3\Lib\site-packages\xlwings\ext\sql.py", line 68, in _sql return _sql(query, *tables) File "C:\Users\mxmei\anaconda3\Lib\site-packages\xlwings\ext\sql.py", line 28, in sql_dynamic ret = func(*args) File "C:\Users\mxmei\anaconda3\Lib\site-packages\xlwings\udfs.py", line 536, in call_udf res = call_udf(script, fname, args, this_workbook, FromVariant(caller)) File "C:\Users\mxmei\anaconda3\Lib\site-packages\xlwings\com_server.py", line 235, in CallUDF return func(*args) File "C:\Users\mxmei\anaconda3\Lib\site-packages\win32com\server\policy.py", line 633, in _invokeex_ ~~~~~~~~~~~~~~~^^^^^^^^^^^^^^^^^^^^^^^^^^^^^^^^^^^^^^^^ return S_OK, -1, self._invokeex_(dispid, lcid, wFlags, args, None, None) File "C:\Users\mxmei\anaconda3\Lib\site-packages\win32com\server\policy.py", line 303, in _invoke_ ~~~~~~~~~~~~~^^^^^^^^^^^^^^^^^^^^^^^^^^^^ return self._invoke_(dispid, lcid, wFlags, args) File "C:\Users\mxmei\anaconda3\Lib\site-packages\win32com\server\policy.py", line 298, in _Invoke_
B25: sqlite3.OperationalError: no such column: s_key ~~~~~~~~~^^^^^^^ c.execute(query) File "C:\Users\mxmei\anaconda3\Lib\site-packages\xlwings\ext\sql.py", line 68, in _sql return _sql(query, *tables) File "C:\Users\mxmei\anaconda3\Lib\site-packages\xlwings\ext\sql.py", line 28, in sql_dynamic ret = func(*args) File "C:\Users\mxmei\anaconda3\Lib\site-packages\xlwings\udfs.py", line 536, in call_udf res = call_udf(script, fname, args, this_workbook, FromVariant(caller)) File "C:\Users\mxmei\anaconda3\Lib\site-packages\xlwings\com_server.py", line 235, in CallUDF return func(*args) File "C:\Users\mxmei\anaconda3\Lib\site-packages\win32com\server\policy.py", line 633, in _invokeex_ ~~~~~~~~~~~~~~~^^^^^^^^^^^^^^^^^^^^^^^^^^^^^^^^^^^^^^^^ return S_OK, -1, self._invokeex_(dispid, lcid, wFlags, args, None, None) File "C:\Users\mxmei\anaconda3\Lib\site-packages\win32com\server\policy.py", line 303, in _invoke_ ~~~~~~~~~~~~~^^^^^^^^^^^^^^^^^^^^^^^^^^^^ return self._invoke_(dispid, lcid, wFlags, args) File "C:\Users\mxmei\anaconda3\Lib\site-packages\win32com\server\policy.py", line 298, in _Invoke_ | C25: sqlite3.OperationalError: no such column: s_key ~~~~~~~~~^^^^^^^ c.execute(query) File "C:\Users\mxmei\anaconda3\Lib\site-packages\xlwings\ext\sql.py", line 68, in _sql return _sql(query, *tables) File "C:\Users\mxmei\anaconda3\Lib\site-packages\xlwings\ext\sql.py", line 28, in sql_dynamic ret = func(*args) File "C:\Users\mxmei\anaconda3\Lib\site-packages\xlwings\udfs.py", line 536, in call_udf res = call_udf(script, fname, args, this_workbook, FromVariant(caller)) File "C:\Users\mxmei\anaconda3\Lib\site-packages\xlwings\com_server.py", line 235, in CallUDF return func(*args) File "C:\Users\mxmei\anaconda3\Lib\site-packages\win32com\server\policy.py", line 633, in _invokeex_ ~~~~~~~~~~~~~~~^^^^^^^^^^^^^^^^^^^^^^^^^^^^^^^^^^^^^^^^ return S_OK, -1, self._invokeex_(dispid, lcid, wFlags, args, None, None) File "C:\Users\mxmei\anaconda3\Lib\site-packages\win32com\server\policy.py", line 303, in _invoke_ ~~~~~~~~~~~~~^^^^^^^^^^^^^^^^^^^^^^^^^^^^ return self._invoke_(dispid, lcid, wFlags, args) File "C:\Users\mxmei\anaconda3\Lib\site-packages\win32com\server\policy.py", line 298, in _Invoke_ | J25: sqlite3.OperationalError: no such column: f_key ~~~~~~~~~^^^^^^^ c.execute(query) File "C:\Users\mxmei\anaconda3\Lib\site-packages\xlwings\ext\sql.py", line 68, in _sql return _sql(query, *tables) File "C:\Users\mxmei\anaconda3\Lib\site-packages\xlwings\ext\sql.py", line 28, in sql_dynamic ret = func(*args) File "C:\Users\mxmei\anaconda3\Lib\site-packages\xlwings\udfs.py", line 536, in call_udf res = call_udf(script, fname, args, this_workbook, FromVariant(caller)) File "C:\Users\mxmei\anaconda3\Lib\site-packages\xlwings\com_server.py", line 235, in CallUDF return func(*args) File "C:\Users\mxmei\anaconda3\Lib\site-packages\win32com\server\policy.py", line 633, in _invokeex_ ~~~~~~~~~~~~~~~^^^^^^^^^^^^^^^^^^^^^^^^^^^^^^^^^^^^^^^^ return S_OK, -1, self._invokeex_(dispid, lcid, wFlags, args, None, None) File "C:\Users\mxmei\anaconda3\Lib\site-packages\win32com\server\policy.py", line 303, in _invoke_ ~~~~~~~~~~~~~^^^^^^^^^^^^^^^^^^^^^^^^^^^^ return self._invoke_(dispid, lcid, wFlags, args) File "C:\Users\mxmei\anaconda3\Lib\site-packages\win32com\server\policy.py", line 298, in _Invoke_ | K25: sqlite3.OperationalError: no such column: f_key ~~~~~~~~~^^^^^^^ c.execute(query) File "C:\Users\mxmei\anaconda3\Lib\site-packages\xlwings\ext\sql.py", line 68, in _sql return _sql(query, *tables) File "C:\Users\mxmei\anaconda3\Lib\site-packages\xlwings\ext\sql.py", line 28, in sql_dynamic ret = func(*args) File "C:\Users\mxmei\anaconda3\Lib\site-packages\xlwings\udfs.py", line 536, in call_udf res = call_udf(script, fname, args, this_workbook, FromVariant(caller)) File "C:\Users\mxmei\anaconda3\Lib\site-packages\xlwings\com_server.py", line 235, in CallUDF return func(*args) File "C:\Users\mxmei\anaconda3\Lib\site-packages\win32com\server\policy.py", line 633, in _invokeex_ ~~~~~~~~~~~~~~~^^^^^^^^^^^^^^^^^^^^^^^^^^^^^^^^^^^^^^^^ return S_OK, -1, self._invokeex_(dispid, lcid, wFlags, args, None, None) File "C:\Users\mxmei\anaconda3\Lib\site-packages\win32com\server\policy.py", line 303, in _invoke_ ~~~~~~~~~~~~~^^^^^^^^^^^^^^^^^^^^^^^^^^^^ return self._invoke_(dispid, lcid, wFlags, args) File "C:\Users\mxmei\anaconda3\Lib\site-packages\win32com\server\policy.py", line 298, in _Invoke_
B26: sqlite3.OperationalError: no such column: s_key ~~~~~~~~~^^^^^^^ c.execute(query) File "C:\Users\mxmei\anaconda3\Lib\site-packages\xlwings\ext\sql.py", line 68, in _sql return _sql(query, *tables) File "C:\Users\mxmei\anaconda3\Lib\site-packages\xlwings\ext\sql.py", line 28, in sql_dynamic ret = func(*args) File "C:\Users\mxmei\anaconda3\Lib\site-packages\xlwings\udfs.py", line 536, in call_udf res = call_udf(script, fname, args, this_workbook, FromVariant(caller)) File "C:\Users\mxmei\anaconda3\Lib\site-packages\xlwings\com_server.py", line 235, in CallUDF return func(*args) File "C:\Users\mxmei\anaconda3\Lib\site-packages\win32com\server\policy.py", line 633, in _invokeex_ ~~~~~~~~~~~~~~~^^^^^^^^^^^^^^^^^^^^^^^^^^^^^^^^^^^^^^^^ return S_OK, -1, self._invokeex_(dispid, lcid, wFlags, args, None, None) File "C:\Users\mxmei\anaconda3\Lib\site-packages\win32com\server\policy.py", line 303, in _invoke_ ~~~~~~~~~~~~~^^^^^^^^^^^^^^^^^^^^^^^^^^^^ return self._invoke_(dispid, lcid, wFlags, args) File "C:\Users\mxmei\anaconda3\Lib\site-packages\win32com\server\policy.py", line 298, in _Invoke_ | C26: sqlite3.OperationalError: no such column: s_key ~~~~~~~~~^^^^^^^ c.execute(query) File "C:\Users\mxmei\anaconda3\Lib\site-packages\xlwings\ext\sql.py", line 68, in _sql return _sql(query, *tables) File "C:\Users\mxmei\anaconda3\Lib\site-packages\xlwings\ext\sql.py", line 28, in sql_dynamic ret = func(*args) File "C:\Users\mxmei\anaconda3\Lib\site-packages\xlwings\udfs.py", line 536, in call_udf res = call_udf(script, fname, args, this_workbook, FromVariant(caller)) File "C:\Users\mxmei\anaconda3\Lib\site-packages\xlwings\com_server.py", line 235, in CallUDF return func(*args) File "C:\Users\mxmei\anaconda3\Lib\site-packages\win32com\server\policy.py", line 633, in _invokeex_ ~~~~~~~~~~~~~~~^^^^^^^^^^^^^^^^^^^^^^^^^^^^^^^^^^^^^^^^ return S_OK, -1, self._invokeex_(dispid, lcid, wFlags, args, None, None) File "C:\Users\mxmei\anaconda3\Lib\site-packages\win32com\server\policy.py", line 303, in _invoke_ ~~~~~~~~~~~~~^^^^^^^^^^^^^^^^^^^^^^^^^^^^ return self._invoke_(dispid, lcid, wFlags, args) File "C:\Users\mxmei\anaconda3\Lib\site-packages\win32com\server\policy.py", line 298, in _Invoke_ | J26: sqlite3.OperationalError: no such column: f_key ~~~~~~~~~^^^^^^^ c.execute(query) File "C:\Users\mxmei\anaconda3\Lib\site-packages\xlwings\ext\sql.py", line 68, in _sql return _sql(query, *tables) File "C:\Users\mxmei\anaconda3\Lib\site-packages\xlwings\ext\sql.py", line 28, in sql_dynamic ret = func(*args) File "C:\Users\mxmei\anaconda3\Lib\site-packages\xlwings\udfs.py", line 536, in call_udf res = call_udf(script, fname, args, this_workbook, FromVariant(caller)) File "C:\Users\mxmei\anaconda3\Lib\site-packages\xlwings\com_server.py", line 235, in CallUDF return func(*args) File "C:\Users\mxmei\anaconda3\Lib\site-packages\win32com\server\policy.py", line 633, in _invokeex_ ~~~~~~~~~~~~~~~^^^^^^^^^^^^^^^^^^^^^^^^^^^^^^^^^^^^^^^^ return S_OK, -1, self._invokeex_(dispid, lcid, wFlags, args, None, None) File "C:\Users\mxmei\anaconda3\Lib\site-packages\win32com\server\policy.py", line 303, in _invoke_ ~~~~~~~~~~~~~^^^^^^^^^^^^^^^^^^^^^^^^^^^^ return self._invoke_(dispid, lcid, wFlags, args) File "C:\Users\mxmei\anaconda3\Lib\site-packages\win32com\server\policy.py", line 298, in _Invoke_ | K26: sqlite3.OperationalError: no such column: f_key ~~~~~~~~~^^^^^^^ c.execute(query) File "C:\Users\mxmei\anaconda3\Lib\site-packages\xlwings\ext\sql.py", line 68, in _sql return _sql(query, *tables) File "C:\Users\mxmei\anaconda3\Lib\site-packages\xlwings\ext\sql.py", line 28, in sql_dynamic ret = func(*args) File "C:\Users\mxmei\anaconda3\Lib\site-packages\xlwings\udfs.py", line 536, in call_udf res = call_udf(script, fname, args, this_workbook, FromVariant(caller)) File "C:\Users\mxmei\anaconda3\Lib\site-packages\xlwings\com_server.py", line 235, in CallUDF return func(*args) File "C:\Users\mxmei\anaconda3\Lib\site-packages\win32com\server\policy.py", line 633, in _invokeex_ ~~~~~~~~~~~~~~~^^^^^^^^^^^^^^^^^^^^^^^^^^^^^^^^^^^^^^^^ return S_OK, -1, self._invokeex_(dispid, lcid, wFlags, args, None, None) File "C:\Users\mxmei\anaconda3\Lib\site-packages\win32com\server\policy.py", line 303, in _invoke_ ~~~~~~~~~~~~~^^^^^^^^^^^^^^^^^^^^^^^^^^^^ return self._invoke_(dispid, lcid, wFlags, args) File "C:\Users\mxmei\anaconda3\Lib\site-packages\win32com\server\policy.py", line 298, in _Invoke_
B27: sqlite3.OperationalError: no such column: s_key ~~~~~~~~~^^^^^^^ c.execute(query) File "C:\Users\mxmei\anaconda3\Lib\site-packages\xlwings\ext\sql.py", line 68, in _sql return _sql(query, *tables) File "C:\Users\mxmei\anaconda3\Lib\site-packages\xlwings\ext\sql.py", line 28, in sql_dynamic ret = func(*args) File "C:\Users\mxmei\anaconda3\Lib\site-packages\xlwings\udfs.py", line 536, in call_udf res = call_udf(script, fname, args, this_workbook, FromVariant(caller)) File "C:\Users\mxmei\anaconda3\Lib\site-packages\xlwings\com_server.py", line 235, in CallUDF return func(*args) File "C:\Users\mxmei\anaconda3\Lib\site-packages\win32com\server\policy.py", line 633, in _invokeex_ ~~~~~~~~~~~~~~~^^^^^^^^^^^^^^^^^^^^^^^^^^^^^^^^^^^^^^^^ return S_OK, -1, self._invokeex_(dispid, lcid, wFlags, args, None, None) File "C:\Users\mxmei\anaconda3\Lib\site-packages\win32com\server\policy.py", line 303, in _invoke_ ~~~~~~~~~~~~~^^^^^^^^^^^^^^^^^^^^^^^^^^^^ return self._invoke_(dispid, lcid, wFlags, args) File "C:\Users\mxmei\anaconda3\Lib\site-packages\win32com\server\policy.py", line 298, in _Invoke_ | C27: sqlite3.OperationalError: no such column: s_key ~~~~~~~~~^^^^^^^ c.execute(query) File "C:\Users\mxmei\anaconda3\Lib\site-packages\xlwings\ext\sql.py", line 68, in _sql return _sql(query, *tables) File "C:\Users\mxmei\anaconda3\Lib\site-packages\xlwings\ext\sql.py", line 28, in sql_dynamic ret = func(*args) File "C:\Users\mxmei\anaconda3\Lib\site-packages\xlwings\udfs.py", line 536, in call_udf res = call_udf(script, fname, args, this_workbook, FromVariant(caller)) File "C:\Users\mxmei\anaconda3\Lib\site-packages\xlwings\com_server.py", line 235, in CallUDF return func(*args) File "C:\Users\mxmei\anaconda3\Lib\site-packages\win32com\server\policy.py", line 633, in _invokeex_ ~~~~~~~~~~~~~~~^^^^^^^^^^^^^^^^^^^^^^^^^^^^^^^^^^^^^^^^ return S_OK, -1, self._invokeex_(dispid, lcid, wFlags, args, None, None) File "C:\Users\mxmei\anaconda3\Lib\site-packages\win32com\server\policy.py", line 303, in _invoke_ ~~~~~~~~~~~~~^^^^^^^^^^^^^^^^^^^^^^^^^^^^ return self._invoke_(dispid, lcid, wFlags, args) File "C:\Users\mxmei\anaconda3\Lib\site-packages\win32com\server\policy.py", line 298, in _Invoke_ | J27: sqlite3.OperationalError: no such column: f_key ~~~~~~~~~^^^^^^^ c.execute(query) File "C:\Users\mxmei\anaconda3\Lib\site-packages\xlwings\ext\sql.py", line 68, in _sql return _sql(query, *tables) File "C:\Users\mxmei\anaconda3\Lib\site-packages\xlwings\ext\sql.py", line 28, in sql_dynamic ret = func(*args) File "C:\Users\mxmei\anaconda3\Lib\site-packages\xlwings\udfs.py", line 536, in call_udf res = call_udf(script, fname, args, this_workbook, FromVariant(caller)) File "C:\Users\mxmei\anaconda3\Lib\site-packages\xlwings\com_server.py", line 235, in CallUDF return func(*args) File "C:\Users\mxmei\anaconda3\Lib\site-packages\win32com\server\policy.py", line 633, in _invokeex_ ~~~~~~~~~~~~~~~^^^^^^^^^^^^^^^^^^^^^^^^^^^^^^^^^^^^^^^^ return S_OK, -1, self._invokeex_(dispid, lcid, wFlags, args, None, None) File "C:\Users\mxmei\anaconda3\Lib\site-packages\win32com\server\policy.py", line 303, in _invoke_ ~~~~~~~~~~~~~^^^^^^^^^^^^^^^^^^^^^^^^^^^^ return self._invoke_(dispid, lcid, wFlags, args) File "C:\Users\mxmei\anaconda3\Lib\site-packages\win32com\server\policy.py", line 298, in _Invoke_ | K27: sqlite3.OperationalError: no such column: f_key ~~~~~~~~~^^^^^^^ c.execute(query) File "C:\Users\mxmei\anaconda3\Lib\site-packages\xlwings\ext\sql.py", line 68, in _sql return _sql(query, *tables) File "C:\Users\mxmei\anaconda3\Lib\site-packages\xlwings\ext\sql.py", line 28, in sql_dynamic ret = func(*args) File "C:\Users\mxmei\anaconda3\Lib\site-packages\xlwings\udfs.py", line 536, in call_udf res = call_udf(script, fname, args, this_workbook, FromVariant(caller)) File "C:\Users\mxmei\anaconda3\Lib\site-packages\xlwings\com_server.py", line 235, in CallUDF return func(*args) File "C:\Users\mxmei\anaconda3\Lib\site-packages\win32com\server\policy.py", line 633, in _invokeex_ ~~~~~~~~~~~~~~~^^^^^^^^^^^^^^^^^^^^^^^^^^^^^^^^^^^^^^^^ return S_OK, -1, self._invokeex_(dispid, lcid, wFlags, args, None, None) File "C:\Users\mxmei\anaconda3\Lib\site-packages\win32com\server\policy.py", line 303, in _invoke_ ~~~~~~~~~~~~~^^^^^^^^^^^^^^^^^^^^^^^^^^^^ return self._invoke_(dispid, lcid, wFlags, args) File "C:\Users\mxmei\anaconda3\Lib\site-packages\win32com\server\policy.py", line 298, in _Invoke_
B28: sqlite3.OperationalError: no such column: s_key ~~~~~~~~~^^^^^^^ c.execute(query) File "C:\Users\mxmei\anaconda3\Lib\site-packages\xlwings\ext\sql.py", line 68, in _sql return _sql(query, *tables) File "C:\Users\mxmei\anaconda3\Lib\site-packages\xlwings\ext\sql.py", line 28, in sql_dynamic ret = func(*args) File "C:\Users\mxmei\anaconda3\Lib\site-packages\xlwings\udfs.py", line 536, in call_udf res = call_udf(script, fname, args, this_workbook, FromVariant(caller)) File "C:\Users\mxmei\anaconda3\Lib\site-packages\xlwings\com_server.py", line 235, in CallUDF return func(*args) File "C:\Users\mxmei\anaconda3\Lib\site-packages\win32com\server\policy.py", line 633, in _invokeex_ ~~~~~~~~~~~~~~~^^^^^^^^^^^^^^^^^^^^^^^^^^^^^^^^^^^^^^^^ return S_OK, -1, self._invokeex_(dispid, lcid, wFlags, args, None, None) File "C:\Users\mxmei\anaconda3\Lib\site-packages\win32com\server\policy.py", line 303, in _invoke_ ~~~~~~~~~~~~~^^^^^^^^^^^^^^^^^^^^^^^^^^^^ return self._invoke_(dispid, lcid, wFlags, args) File "C:\Users\mxmei\anaconda3\Lib\site-packages\win32com\server\policy.py", line 298, in _Invoke_ | C28: sqlite3.OperationalError: no such column: s_key ~~~~~~~~~^^^^^^^ c.execute(query) File "C:\Users\mxmei\anaconda3\Lib\site-packages\xlwings\ext\sql.py", line 68, in _sql return _sql(query, *tables) File "C:\Users\mxmei\anaconda3\Lib\site-packages\xlwings\ext\sql.py", line 28, in sql_dynamic ret = func(*args) File "C:\Users\mxmei\anaconda3\Lib\site-packages\xlwings\udfs.py", line 536, in call_udf res = call_udf(script, fname, args, this_workbook, FromVariant(caller)) File "C:\Users\mxmei\anaconda3\Lib\site-packages\xlwings\com_server.py", line 235, in CallUDF return func(*args) File "C:\Users\mxmei\anaconda3\Lib\site-packages\win32com\server\policy.py", line 633, in _invokeex_ ~~~~~~~~~~~~~~~^^^^^^^^^^^^^^^^^^^^^^^^^^^^^^^^^^^^^^^^ return S_OK, -1, self._invokeex_(dispid, lcid, wFlags, args, None, None) File "C:\Users\mxmei\anaconda3\Lib\site-packages\win32com\server\policy.py", line 303, in _invoke_ ~~~~~~~~~~~~~^^^^^^^^^^^^^^^^^^^^^^^^^^^^ return self._invoke_(dispid, lcid, wFlags, args) File "C:\Users\mxmei\anaconda3\Lib\site-packages\win32com\server\policy.py", line 298, in _Invoke_ | J28: sqlite3.OperationalError: no such column: f_key ~~~~~~~~~^^^^^^^ c.execute(query) File "C:\Users\mxmei\anaconda3\Lib\site-packages\xlwings\ext\sql.py", line 68, in _sql return _sql(query, *tables) File "C:\Users\mxmei\anaconda3\Lib\site-packages\xlwings\ext\sql.py", line 28, in sql_dynamic ret = func(*args) File "C:\Users\mxmei\anaconda3\Lib\site-packages\xlwings\udfs.py", line 536, in call_udf res = call_udf(script, fname, args, this_workbook, FromVariant(caller)) File "C:\Users\mxmei\anaconda3\Lib\site-packages\xlwings\com_server.py", line 235, in CallUDF return func(*args) File "C:\Users\mxmei\anaconda3\Lib\site-packages\win32com\server\policy.py", line 633, in _invokeex_ ~~~~~~~~~~~~~~~^^^^^^^^^^^^^^^^^^^^^^^^^^^^^^^^^^^^^^^^ return S_OK, -1, self._invokeex_(dispid, lcid, wFlags, args, None, None) File "C:\Users\mxmei\anaconda3\Lib\site-packages\win32com\server\policy.py", line 303, in _invoke_ ~~~~~~~~~~~~~^^^^^^^^^^^^^^^^^^^^^^^^^^^^ return self._invoke_(dispid, lcid, wFlags, args) File "C:\Users\mxmei\anaconda3\Lib\site-packages\win32com\server\policy.py", line 298, in _Invoke_ | K28: sqlite3.OperationalError: no such column: f_key ~~~~~~~~~^^^^^^^ c.execute(query) File "C:\Users\mxmei\anaconda3\Lib\site-packages\xlwings\ext\sql.py", line 68, in _sql return _sql(query, *tables) File "C:\Users\mxmei\anaconda3\Lib\site-packages\xlwings\ext\sql.py", line 28, in sql_dynamic ret = func(*args) File "C:\Users\mxmei\anaconda3\Lib\site-packages\xlwings\udfs.py", line 536, in call_udf res = call_udf(script, fname, args, this_workbook, FromVariant(caller)) File "C:\Users\mxmei\anaconda3\Lib\site-packages\xlwings\com_server.py", line 235, in CallUDF return func(*args) File "C:\Users\mxmei\anaconda3\Lib\site-packages\win32com\server\policy.py", line 633, in _invokeex_ ~~~~~~~~~~~~~~~^^^^^^^^^^^^^^^^^^^^^^^^^^^^^^^^^^^^^^^^ return S_OK, -1, self._invokeex_(dispid, lcid, wFlags, args, None, None) File "C:\Users\mxmei\anaconda3\Lib\site-packages\win32com\server\policy.py", line 303, in _invoke_ ~~~~~~~~~~~~~^^^^^^^^^^^^^^^^^^^^^^^^^^^^ return self._invoke_(dispid, lcid, wFlags, args) File "C:\Users\mxmei\anaconda3\Lib\site-packages\win32com\server\policy.py", line 298, in _Invoke_
B29: sqlite3.OperationalError: no such column: s_key ~~~~~~~~~^^^^^^^ c.execute(query) File "C:\Users\mxmei\anaconda3\Lib\site-packages\xlwings\ext\sql.py", line 68, in _sql return _sql(query, *tables) File "C:\Users\mxmei\anaconda3\Lib\site-packages\xlwings\ext\sql.py", line 28, in sql_dynamic ret = func(*args) File "C:\Users\mxmei\anaconda3\Lib\site-packages\xlwings\udfs.py", line 536, in call_udf res = call_udf(script, fname, args, this_workbook, FromVariant(caller)) File "C:\Users\mxmei\anaconda3\Lib\site-packages\xlwings\com_server.py", line 235, in CallUDF return func(*args) File "C:\Users\mxmei\anaconda3\Lib\site-packages\win32com\server\policy.py", line 633, in _invokeex_ ~~~~~~~~~~~~~~~^^^^^^^^^^^^^^^^^^^^^^^^^^^^^^^^^^^^^^^^ return S_OK, -1, self._invokeex_(dispid, lcid, wFlags, args, None, None) File "C:\Users\mxmei\anaconda3\Lib\site-packages\win32com\server\policy.py", line 303, in _invoke_ ~~~~~~~~~~~~~^^^^^^^^^^^^^^^^^^^^^^^^^^^^ return self._invoke_(dispid, lcid, wFlags, args) File "C:\Users\mxmei\anaconda3\Lib\site-packages\win32com\server\policy.py", line 298, in _Invoke_ | C29: sqlite3.OperationalError: no such column: s_key ~~~~~~~~~^^^^^^^ c.execute(query) File "C:\Users\mxmei\anaconda3\Lib\site-packages\xlwings\ext\sql.py", line 68, in _sql return _sql(query, *tables) File "C:\Users\mxmei\anaconda3\Lib\site-packages\xlwings\ext\sql.py", line 28, in sql_dynamic ret = func(*args) File "C:\Users\mxmei\anaconda3\Lib\site-packages\xlwings\udfs.py", line 536, in call_udf res = call_udf(script, fname, args, this_workbook, FromVariant(caller)) File "C:\Users\mxmei\anaconda3\Lib\site-packages\xlwings\com_server.py", line 235, in CallUDF return func(*args) File "C:\Users\mxmei\anaconda3\Lib\site-packages\win32com\server\policy.py", line 633, in _invokeex_ ~~~~~~~~~~~~~~~^^^^^^^^^^^^^^^^^^^^^^^^^^^^^^^^^^^^^^^^ return S_OK, -1, self._invokeex_(dispid, lcid, wFlags, args, None, None) File "C:\Users\mxmei\anaconda3\Lib\site-packages\win32com\server\policy.py", line 303, in _invoke_ ~~~~~~~~~~~~~^^^^^^^^^^^^^^^^^^^^^^^^^^^^ return self._invoke_(dispid, lcid, wFlags, args) File "C:\Users\mxmei\anaconda3\Lib\site-packages\win32com\server\policy.py", line 298, in _Invoke_ | J29: sqlite3.OperationalError: no such column: f_key ~~~~~~~~~^^^^^^^ c.execute(query) File "C:\Users\mxmei\anaconda3\Lib\site-packages\xlwings\ext\sql.py", line 68, in _sql return _sql(query, *tables) File "C:\Users\mxmei\anaconda3\Lib\site-packages\xlwings\ext\sql.py", line 28, in sql_dynamic ret = func(*args) File "C:\Users\mxmei\anaconda3\Lib\site-packages\xlwings\udfs.py", line 536, in call_udf res = call_udf(script, fname, args, this_workbook, FromVariant(caller)) File "C:\Users\mxmei\anaconda3\Lib\site-packages\xlwings\com_server.py", line 235, in CallUDF return func(*args) File "C:\Users\mxmei\anaconda3\Lib\site-packages\win32com\server\policy.py", line 633, in _invokeex_ ~~~~~~~~~~~~~~~^^^^^^^^^^^^^^^^^^^^^^^^^^^^^^^^^^^^^^^^ return S_OK, -1, self._invokeex_(dispid, lcid, wFlags, args, None, None) File "C:\Users\mxmei\anaconda3\Lib\site-packages\win32com\server\policy.py", line 303, in _invoke_ ~~~~~~~~~~~~~^^^^^^^^^^^^^^^^^^^^^^^^^^^^ return self._invoke_(dispid, lcid, wFlags, args) File "C:\Users\mxmei\anaconda3\Lib\site-packages\win32com\server\policy.py", line 298, in _Invoke_ | K29: sqlite3.OperationalError: no such column: f_key ~~~~~~~~~^^^^^^^ c.execute(query) File "C:\Users\mxmei\anaconda3\Lib\site-packages\xlwings\ext\sql.py", line 68, in _sql return _sql(query, *tables) File "C:\Users\mxmei\anaconda3\Lib\site-packages\xlwings\ext\sql.py", line 28, in sql_dynamic ret = func(*args) File "C:\Users\mxmei\anaconda3\Lib\site-packages\xlwings\udfs.py", line 536, in call_udf res = call_udf(script, fname, args, this_workbook, FromVariant(caller)) File "C:\Users\mxmei\anaconda3\Lib\site-packages\xlwings\com_server.py", line 235, in CallUDF return func(*args) File "C:\Users\mxmei\anaconda3\Lib\site-packages\win32com\server\policy.py", line 633, in _invokeex_ ~~~~~~~~~~~~~~~^^^^^^^^^^^^^^^^^^^^^^^^^^^^^^^^^^^^^^^^ return S_OK, -1, self._invokeex_(dispid, lcid, wFlags, args, None, None) File "C:\Users\mxmei\anaconda3\Lib\site-packages\win32com\server\policy.py", line 303, in _invoke_ ~~~~~~~~~~~~~^^^^^^^^^^^^^^^^^^^^^^^^^^^^ return self._invoke_(dispid, lcid, wFlags, args) File "C:\Users\mxmei\anaconda3\Lib\site-packages\win32com\server\policy.py", line 298, in _Invoke_
B30: sqlite3.OperationalError: no such column: s_key ~~~~~~~~~^^^^^^^ c.execute(query) File "C:\Users\mxmei\anaconda3\Lib\site-packages\xlwings\ext\sql.py", line 68, in _sql return _sql(query, *tables) File "C:\Users\mxmei\anaconda3\Lib\site-packages\xlwings\ext\sql.py", line 28, in sql_dynamic ret = func(*args) File "C:\Users\mxmei\anaconda3\Lib\site-packages\xlwings\udfs.py", line 536, in call_udf res = call_udf(script, fname, args, this_workbook, FromVariant(caller)) File "C:\Users\mxmei\anaconda3\Lib\site-packages\xlwings\com_server.py", line 235, in CallUDF return func(*args) File "C:\Users\mxmei\anaconda3\Lib\site-packages\win32com\server\policy.py", line 633, in _invokeex_ ~~~~~~~~~~~~~~~^^^^^^^^^^^^^^^^^^^^^^^^^^^^^^^^^^^^^^^^ return S_OK, -1, self._invokeex_(dispid, lcid, wFlags, args, None, None) File "C:\Users\mxmei\anaconda3\Lib\site-packages\win32com\server\policy.py", line 303, in _invoke_ ~~~~~~~~~~~~~^^^^^^^^^^^^^^^^^^^^^^^^^^^^ return self._invoke_(dispid, lcid, wFlags, args) File "C:\Users\mxmei\anaconda3\Lib\site-packages\win32com\server\policy.py", line 298, in _Invoke_ | C30: sqlite3.OperationalError: no such column: s_key ~~~~~~~~~^^^^^^^ c.execute(query) File "C:\Users\mxmei\anaconda3\Lib\site-packages\xlwings\ext\sql.py", line 68, in _sql return _sql(query, *tables) File "C:\Users\mxmei\anaconda3\Lib\site-packages\xlwings\ext\sql.py", line 28, in sql_dynamic ret = func(*args) File "C:\Users\mxmei\anaconda3\Lib\site-packages\xlwings\udfs.py", line 536, in call_udf res = call_udf(script, fname, args, this_workbook, FromVariant(caller)) File "C:\Users\mxmei\anaconda3\Lib\site-packages\xlwings\com_server.py", line 235, in CallUDF return func(*args) File "C:\Users\mxmei\anaconda3\Lib\site-packages\win32com\server\policy.py", line 633, in _invokeex_ ~~~~~~~~~~~~~~~^^^^^^^^^^^^^^^^^^^^^^^^^^^^^^^^^^^^^^^^ return S_OK, -1, self._invokeex_(dispid, lcid, wFlags, args, None, None) File "C:\Users\mxmei\anaconda3\Lib\site-packages\win32com\server\policy.py", line 303, in _invoke_ ~~~~~~~~~~~~~^^^^^^^^^^^^^^^^^^^^^^^^^^^^ return self._invoke_(dispid, lcid, wFlags, args) File "C:\Users\mxmei\anaconda3\Lib\site-packages\win32com\server\policy.py", line 298, in _Invoke_ | J30: sqlite3.OperationalError: no such column: f_key ~~~~~~~~~^^^^^^^ c.execute(query) File "C:\Users\mxmei\anaconda3\Lib\site-packages\xlwings\ext\sql.py", line 68, in _sql return _sql(query, *tables) File "C:\Users\mxmei\anaconda3\Lib\site-packages\xlwings\ext\sql.py", line 28, in sql_dynamic ret = func(*args) File "C:\Users\mxmei\anaconda3\Lib\site-packages\xlwings\udfs.py", line 536, in call_udf res = call_udf(script, fname, args, this_workbook, FromVariant(caller)) File "C:\Users\mxmei\anaconda3\Lib\site-packages\xlwings\com_server.py", line 235, in CallUDF return func(*args) File "C:\Users\mxmei\anaconda3\Lib\site-packages\win32com\server\policy.py", line 633, in _invokeex_ ~~~~~~~~~~~~~~~^^^^^^^^^^^^^^^^^^^^^^^^^^^^^^^^^^^^^^^^ return S_OK, -1, self._invokeex_(dispid, lcid, wFlags, args, None, None) File "C:\Users\mxmei\anaconda3\Lib\site-packages\win32com\server\policy.py", line 303, in _invoke_ ~~~~~~~~~~~~~^^^^^^^^^^^^^^^^^^^^^^^^^^^^ return self._invoke_(dispid, lcid, wFlags, args) File "C:\Users\mxmei\anaconda3\Lib\site-packages\win32com\server\policy.py", line 298, in _Invoke_ | K30: sqlite3.OperationalError: no such column: f_key ~~~~~~~~~^^^^^^^ c.execute(query) File "C:\Users\mxmei\anaconda3\Lib\site-packages\xlwings\ext\sql.py", line 68, in _sql return _sql(query, *tables) File "C:\Users\mxmei\anaconda3\Lib\site-packages\xlwings\ext\sql.py", line 28, in sql_dynamic ret = func(*args) File "C:\Users\mxmei\anaconda3\Lib\site-packages\xlwings\udfs.py", line 536, in call_udf res = call_udf(script, fname, args, this_workbook, FromVariant(caller)) File "C:\Users\mxmei\anaconda3\Lib\site-packages\xlwings\com_server.py", line 235, in CallUDF return func(*args) File "C:\Users\mxmei\anaconda3\Lib\site-packages\win32com\server\policy.py", line 633, in _invokeex_ ~~~~~~~~~~~~~~~^^^^^^^^^^^^^^^^^^^^^^^^^^^^^^^^^^^^^^^^ return S_OK, -1, self._invokeex_(dispid, lcid, wFlags, args, None, None) File "C:\Users\mxmei\anaconda3\Lib\site-packages\win32com\server\policy.py", line 303, in _invoke_ ~~~~~~~~~~~~~^^^^^^^^^^^^^^^^^^^^^^^^^^^^ return self._invoke_(dispid, lcid, wFlags, args) File "C:\Users\mxmei\anaconda3\Lib\site-packages\win32com\server\policy.py", line 298, in _Invoke_
B31: sqlite3.OperationalError: no such column: s_key ~~~~~~~~~^^^^^^^ c.execute(query) File "C:\Users\mxmei\anaconda3\Lib\site-packages\xlwings\ext\sql.py", line 68, in _sql return _sql(query, *tables) File "C:\Users\mxmei\anaconda3\Lib\site-packages\xlwings\ext\sql.py", line 28, in sql_dynamic ret = func(*args) File "C:\Users\mxmei\anaconda3\Lib\site-packages\xlwings\udfs.py", line 536, in call_udf res = call_udf(script, fname, args, this_workbook, FromVariant(caller)) File "C:\Users\mxmei\anaconda3\Lib\site-packages\xlwings\com_server.py", line 235, in CallUDF return func(*args) File "C:\Users\mxmei\anaconda3\Lib\site-packages\win32com\server\policy.py", line 633, in _invokeex_ ~~~~~~~~~~~~~~~^^^^^^^^^^^^^^^^^^^^^^^^^^^^^^^^^^^^^^^^ return S_OK, -1, self._invokeex_(dispid, lcid, wFlags, args, None, None) File "C:\Users\mxmei\anaconda3\Lib\site-packages\win32com\server\policy.py", line 303, in _invoke_ ~~~~~~~~~~~~~^^^^^^^^^^^^^^^^^^^^^^^^^^^^ return self._invoke_(dispid, lcid, wFlags, args) File "C:\Users\mxmei\anaconda3\Lib\site-packages\win32com\server\policy.py", line 298, in _Invoke_ | C31: sqlite3.OperationalError: no such column: s_key ~~~~~~~~~^^^^^^^ c.execute(query) File "C:\Users\mxmei\anaconda3\Lib\site-packages\xlwings\ext\sql.py", line 68, in _sql return _sql(query, *tables) File "C:\Users\mxmei\anaconda3\Lib\site-packages\xlwings\ext\sql.py", line 28, in sql_dynamic ret = func(*args) File "C:\Users\mxmei\anaconda3\Lib\site-packages\xlwings\udfs.py", line 536, in call_udf res = call_udf(script, fname, args, this_workbook, FromVariant(caller)) File "C:\Users\mxmei\anaconda3\Lib\site-packages\xlwings\com_server.py", line 235, in CallUDF return func(*args) File "C:\Users\mxmei\anaconda3\Lib\site-packages\win32com\server\policy.py", line 633, in _invokeex_ ~~~~~~~~~~~~~~~^^^^^^^^^^^^^^^^^^^^^^^^^^^^^^^^^^^^^^^^ return S_OK, -1, self._invokeex_(dispid, lcid, wFlags, args, None, None) File "C:\Users\mxmei\anaconda3\Lib\site-packages\win32com\server\policy.py", line 303, in _invoke_ ~~~~~~~~~~~~~^^^^^^^^^^^^^^^^^^^^^^^^^^^^ return self._invoke_(dispid, lcid, wFlags, args) File "C:\Users\mxmei\anaconda3\Lib\site-packages\win32com\server\policy.py", line 298, in _Invoke_ | J31: sqlite3.OperationalError: no such column: f_key ~~~~~~~~~^^^^^^^ c.execute(query) File "C:\Users\mxmei\anaconda3\Lib\site-packages\xlwings\ext\sql.py", line 68, in _sql return _sql(query, *tables) File "C:\Users\mxmei\anaconda3\Lib\site-packages\xlwings\ext\sql.py", line 28, in sql_dynamic ret = func(*args) File "C:\Users\mxmei\anaconda3\Lib\site-packages\xlwings\udfs.py", line 536, in call_udf res = call_udf(script, fname, args, this_workbook, FromVariant(caller)) File "C:\Users\mxmei\anaconda3\Lib\site-packages\xlwings\com_server.py", line 235, in CallUDF return func(*args) File "C:\Users\mxmei\anaconda3\Lib\site-packages\win32com\server\policy.py", line 633, in _invokeex_ ~~~~~~~~~~~~~~~^^^^^^^^^^^^^^^^^^^^^^^^^^^^^^^^^^^^^^^^ return S_OK, -1, self._invokeex_(dispid, lcid, wFlags, args, None, None) File "C:\Users\mxmei\anaconda3\Lib\site-packages\win32com\server\policy.py", line 303, in _invoke_ ~~~~~~~~~~~~~^^^^^^^^^^^^^^^^^^^^^^^^^^^^ return self._invoke_(dispid, lcid, wFlags, args) File "C:\Users\mxmei\anaconda3\Lib\site-packages\win32com\server\policy.py", line 298, in _Invoke_ | K31: sqlite3.OperationalError: no such column: f_key ~~~~~~~~~^^^^^^^ c.execute(query) File "C:\Users\mxmei\anaconda3\Lib\site-packages\xlwings\ext\sql.py", line 68, in _sql return _sql(query, *tables) File "C:\Users\mxmei\anaconda3\Lib\site-packages\xlwings\ext\sql.py", line 28, in sql_dynamic ret = func(*args) File "C:\Users\mxmei\anaconda3\Lib\site-packages\xlwings\udfs.py", line 536, in call_udf res = call_udf(script, fname, args, this_workbook, FromVariant(caller)) File "C:\Users\mxmei\anaconda3\Lib\site-packages\xlwings\com_server.py", line 235, in CallUDF return func(*args) File "C:\Users\mxmei\anaconda3\Lib\site-packages\win32com\server\policy.py", line 633, in _invokeex_ ~~~~~~~~~~~~~~~^^^^^^^^^^^^^^^^^^^^^^^^^^^^^^^^^^^^^^^^ return S_OK, -1, self._invokeex_(dispid, lcid, wFlags, args, None, None) File "C:\Users\mxmei\anaconda3\Lib\site-packages\win32com\server\policy.py", line 303, in _invoke_ ~~~~~~~~~~~~~^^^^^^^^^^^^^^^^^^^^^^^^^^^^ return self._invoke_(dispid, lcid, wFlags, args) File "C:\Users\mxmei\anaconda3\Lib\site-packages\win32com\server\policy.py", line 298, in _Invoke_
J32: sqlite3.OperationalError: no such column: f_key ~~~~~~~~~^^^^^^^ c.execute(query) File "C:\Users\mxmei\anaconda3\Lib\site-packages\xlwings\ext\sql.py", line 68, in _sql return _sql(query, *tables) File "C:\Users\mxmei\anaconda3\Lib\site-packages\xlwings\ext\sql.py", line 28, in sql_dynamic ret = func(*args) File "C:\Users\mxmei\anaconda3\Lib\site-packages\xlwings\udfs.py", line 536, in call_udf res = call_udf(script, fname, args, this_workbook, FromVariant(caller)) File "C:\Users\mxmei\anaconda3\Lib\site-packages\xlwings\com_server.py", line 235, in CallUDF return func(*args) File "C:\Users\mxmei\anaconda3\Lib\site-packages\win32com\server\policy.py", line 633, in _invokeex_ ~~~~~~~~~~~~~~~^^^^^^^^^^^^^^^^^^^^^^^^^^^^^^^^^^^^^^^^ return S_OK, -1, self._invokeex_(dispid, lcid, wFlags, args, None, None) File "C:\Users\mxmei\anaconda3\Lib\site-packages\win32com\server\policy.py", line 303, in _invoke_ ~~~~~~~~~~~~~^^^^^^^^^^^^^^^^^^^^^^^^^^^^ return self._invoke_(dispid, lcid, wFlags, args) File "C:\Users\mxmei\anaconda3\Lib\site-packages\win32com\server\policy.py", line 298, in _Invoke_ | K32: sqlite3.OperationalError: no such column: f_key ~~~~~~~~~^^^^^^^ c.execute(query) File "C:\Users\mxmei\anaconda3\Lib\site-packages\xlwings\ext\sql.py", line 68, in _sql return _sql(query, *tables) File "C:\Users\mxmei\anaconda3\Lib\site-packages\xlwings\ext\sql.py", line 28, in sql_dynamic ret = func(*args) File "C:\Users\mxmei\anaconda3\Lib\site-packages\xlwings\udfs.py", line 536, in call_udf res = call_udf(script, fname, args, this_workbook, FromVariant(caller)) File "C:\Users\mxmei\anaconda3\Lib\site-packages\xlwings\com_server.py", line 235, in CallUDF return func(*args) File "C:\Users\mxmei\anaconda3\Lib\site-packages\win32com\server\policy.py", line 633, in _invokeex_ ~~~~~~~~~~~~~~~^^^^^^^^^^^^^^^^^^^^^^^^^^^^^^^^^^^^^^^^ return S_OK, -1, self._invokeex_(dispid, lcid, wFlags, args, None, None) File "C:\Users\mxmei\anaconda3\Lib\site-packages\win32com\server\policy.py", line 303, in _invoke_ ~~~~~~~~~~~~~^^^^^^^^^^^^^^^^^^^^^^^^^^^^ return self._invoke_(dispid, lcid, wFlags, args) File "C:\Users\mxmei\anaconda3\Lib\site-packages\win32com\server\policy.py", line 298, in _Invoke_
J33: sqlite3.OperationalError: no such column: f_key ~~~~~~~~~^^^^^^^ c.execute(query) File "C:\Users\mxmei\anaconda3\Lib\site-packages\xlwings\ext\sql.py", line 68, in _sql return _sql(query, *tables) File "C:\Users\mxmei\anaconda3\Lib\site-packages\xlwings\ext\sql.py", line 28, in sql_dynamic ret = func(*args) File "C:\Users\mxmei\anaconda3\Lib\site-packages\xlwings\udfs.py", line 536, in call_udf res = call_udf(script, fname, args, this_workbook, FromVariant(caller)) File "C:\Users\mxmei\anaconda3\Lib\site-packages\xlwings\com_server.py", line 235, in CallUDF return func(*args) File "C:\Users\mxmei\anaconda3\Lib\site-packages\win32com\server\policy.py", line 633, in _invokeex_ ~~~~~~~~~~~~~~~^^^^^^^^^^^^^^^^^^^^^^^^^^^^^^^^^^^^^^^^ return S_OK, -1, self._invokeex_(dispid, lcid, wFlags, args, None, None) File "C:\Users\mxmei\anaconda3\Lib\site-packages\win32com\server\policy.py", line 303, in _invoke_ ~~~~~~~~~~~~~^^^^^^^^^^^^^^^^^^^^^^^^^^^^ return self._invoke_(dispid, lcid, wFlags, args) File "C:\Users\mxmei\anaconda3\Lib\site-packages\win32com\server\policy.py", line 298, in _Invoke_ | K33: sqlite3.OperationalError: no such column: f_key ~~~~~~~~~^^^^^^^ c.execute(query) File "C:\Users\mxmei\anaconda3\Lib\site-packages\xlwings\ext\sql.py", line 68, in _sql return _sql(query, *tables) File "C:\Users\mxmei\anaconda3\Lib\site-packages\xlwings\ext\sql.py", line 28, in sql_dynamic ret = func(*args) File "C:\Users\mxmei\anaconda3\Lib\site-packages\xlwings\udfs.py", line 536, in call_udf res = call_udf(script, fname, args, this_workbook, FromVariant(caller)) File "C:\Users\mxmei\anaconda3\Lib\site-packages\xlwings\com_server.py", line 235, in CallUDF return func(*args) File "C:\Users\mxmei\anaconda3\Lib\site-packages\win32com\server\policy.py", line 633, in _invokeex_ ~~~~~~~~~~~~~~~^^^^^^^^^^^^^^^^^^^^^^^^^^^^^^^^^^^^^^^^ return S_OK, -1, self._invokeex_(dispid, lcid, wFlags, args, None, None) File "C:\Users\mxmei\anaconda3\Lib\site-packages\win32com\server\policy.py", line 303, in _invoke_ ~~~~~~~~~~~~~^^^^^^^^^^^^^^^^^^^^^^^^^^^^ return self._invoke_(dispid, lcid, wFlags, args) File "C:\Users\mxmei\anaconda3\Lib\site-packages\win32com\server\policy.py", line 298, in _Invoke_
J34: sqlite3.OperationalError: no such column: f_key ~~~~~~~~~^^^^^^^ c.execute(query) File "C:\Users\mxmei\anaconda3\Lib\site-packages\xlwings\ext\sql.py", line 68, in _sql return _sql(query, *tables) File "C:\Users\mxmei\anaconda3\Lib\site-packages\xlwings\ext\sql.py", line 28, in sql_dynamic ret = func(*args) File "C:\Users\mxmei\anaconda3\Lib\site-packages\xlwings\udfs.py", line 536, in call_udf res = call_udf(script, fname, args, this_workbook, FromVariant(caller)) File "C:\Users\mxmei\anaconda3\Lib\site-packages\xlwings\com_server.py", line 235, in CallUDF return func(*args) File "C:\Users\mxmei\anaconda3\Lib\site-packages\win32com\server\policy.py", line 633, in _invokeex_ ~~~~~~~~~~~~~~~^^^^^^^^^^^^^^^^^^^^^^^^^^^^^^^^^^^^^^^^ return S_OK, -1, self._invokeex_(dispid, lcid, wFlags, args, None, None) File "C:\Users\mxmei\anaconda3\Lib\site-packages\win32com\server\policy.py", line 303, in _invoke_ ~~~~~~~~~~~~~^^^^^^^^^^^^^^^^^^^^^^^^^^^^ return self._invoke_(dispid, lcid, wFlags, args) File "C:\Users\mxmei\anaconda3\Lib\site-packages\win32com\server\policy.py", line 298, in _Invoke_ | K34: sqlite3.OperationalError: no such column: f_key ~~~~~~~~~^^^^^^^ c.execute(query) File "C:\Users\mxmei\anaconda3\Lib\site-packages\xlwings\ext\sql.py", line 68, in _sql return _sql(query, *tables) File "C:\Users\mxmei\anaconda3\Lib\site-packages\xlwings\ext\sql.py", line 28, in sql_dynamic ret = func(*args) File "C:\Users\mxmei\anaconda3\Lib\site-packages\xlwings\udfs.py", line 536, in call_udf res = call_udf(script, fname, args, this_workbook, FromVariant(caller)) File "C:\Users\mxmei\anaconda3\Lib\site-packages\xlwings\com_server.py", line 235, in CallUDF return func(*args) File "C:\Users\mxmei\anaconda3\Lib\site-packages\win32com\server\policy.py", line 633, in _invokeex_ ~~~~~~~~~~~~~~~^^^^^^^^^^^^^^^^^^^^^^^^^^^^^^^^^^^^^^^^ return S_OK, -1, self._invokeex_(dispid, lcid, wFlags, args, None, None) File "C:\Users\mxmei\anaconda3\Lib\site-packages\win32com\server\policy.py", line 303, in _invoke_ ~~~~~~~~~~~~~^^^^^^^^^^^^^^^^^^^^^^^^^^^^ return self._invoke_(dispid, lcid, wFlags, args) File "C:\Users\mxmei\anaconda3\Lib\site-packages\win32com\server\policy.py", line 298, in _Invoke_
B36: {=[1]!sql(SQL!B17,retro)} -> sqlite3.OperationalError: no such column: s_key ~~~~~~~~~^^^^^^^ c.execute(query) File "C:\Users\mxmei\anaconda3\Lib\site-packages\xlwings\ext\sql.py", line 68, in _sql return _sql(query, *tables) File "C:\Users\mxmei\anaconda3\Lib\site-packages\xlwings\ext\sql.py", line 28, in sql_dynamic ret = func(*args) File "C:\Users\mxmei\anaconda3\Lib\site-packages\xlwings\udfs.py", line 536, in call_udf res = call_udf(script, fname, args, this_workbook, FromVariant(caller)) File "C:\Users\mxmei\anaconda3\Lib\site-packages\xlwings\com_server.py", line 235, in CallUDF return func(*args) File "C:\Users\mxmei\anaconda3\Lib\site-packages\win32com\server\policy.py", line 633, in _invokeex_ ~~~~~~~~~~~~~~~^^^^^^^^^^^^^^^^^^^^^^^^^^^^^^^^^^^^^^^^ return S_OK, -1, self._invokeex_(dispid, lcid, wFlags, args, None, None) File "C:\Users\mxmei\anaconda3\Lib\site-packages\win32com\server\policy.py", line 303, in _invoke_ ~~~~~~~~~~~~~^^^^^^^^^^^^^^^^^^^^^^^^^^^^ return self._invoke_(dispid, lcid, wFlags, args) File "C:\Users\mxmei\anaconda3\Lib\site-packages\win32com\server\policy.py", line 298, in _Invoke_ | C36: sqlite3.OperationalError: no such column: s_key ~~~~~~~~~^^^^^^^ c.execute(query) File "C:\Users\mxmei\anaconda3\Lib\site-packages\xlwings\ext\sql.py", line 68, in _sql return _sql(query, *tables) File "C:\Users\mxmei\anaconda3\Lib\site-packages\xlwings\ext\sql.py", line 28, in sql_dynamic ret = func(*args) File "C:\Users\mxmei\anaconda3\Lib\site-packages\xlwings\udfs.py", line 536, in call_udf res = call_udf(script, fname, args, this_workbook, FromVariant(caller)) File "C:\Users\mxmei\anaconda3\Lib\site-packages\xlwings\com_server.py", line 235, in CallUDF return func(*args) File "C:\Users\mxmei\anaconda3\Lib\site-packages\win32com\server\policy.py", line 633, in _invokeex_ ~~~~~~~~~~~~~~~^^^^^^^^^^^^^^^^^^^^^^^^^^^^^^^^^^^^^^^^ return S_OK, -1, self._invokeex_(dispid, lcid, wFlags, args, None, None) File "C:\Users\mxmei\anaconda3\Lib\site-packages\win32com\server\policy.py", line 303, in _invoke_ ~~~~~~~~~~~~~^^^^^^^^^^^^^^^^^^^^^^^^^^^^ return self._invoke_(dispid, lcid, wFlags, args) File "C:\Users\mxmei\anaconda3\Lib\site-packages\win32com\server\policy.py", line 298, in _Invoke_
B37: sqlite3.OperationalError: no such column: s_key ~~~~~~~~~^^^^^^^ c.execute(query) File "C:\Users\mxmei\anaconda3\Lib\site-packages\xlwings\ext\sql.py", line 68, in _sql return _sql(query, *tables) File "C:\Users\mxmei\anaconda3\Lib\site-packages\xlwings\ext\sql.py", line 28, in sql_dynamic ret = func(*args) File "C:\Users\mxmei\anaconda3\Lib\site-packages\xlwings\udfs.py", line 536, in call_udf res = call_udf(script, fname, args, this_workbook, FromVariant(caller)) File "C:\Users\mxmei\anaconda3\Lib\site-packages\xlwings\com_server.py", line 235, in CallUDF return func(*args) File "C:\Users\mxmei\anaconda3\Lib\site-packages\win32com\server\policy.py", line 633, in _invokeex_ ~~~~~~~~~~~~~~~^^^^^^^^^^^^^^^^^^^^^^^^^^^^^^^^^^^^^^^^ return S_OK, -1, self._invokeex_(dispid, lcid, wFlags, args, None, None) File "C:\Users\mxmei\anaconda3\Lib\site-packages\win32com\server\policy.py", line 303, in _invoke_ ~~~~~~~~~~~~~^^^^^^^^^^^^^^^^^^^^^^^^^^^^ return self._invoke_(dispid, lcid, wFlags, args) File "C:\Users\mxmei\anaconda3\Lib\site-packages\win32com\server\policy.py", line 298, in _Invoke_ | C37: sqlite3.OperationalError: no such column: s_key ~~~~~~~~~^^^^^^^ c.execute(query) File "C:\Users\mxmei\anaconda3\Lib\site-packages\xlwings\ext\sql.py", line 68, in _sql return _sql(query, *tables) File "C:\Users\mxmei\anaconda3\Lib\site-packages\xlwings\ext\sql.py", line 28, in sql_dynamic ret = func(*args) File "C:\Users\mxmei\anaconda3\Lib\site-packages\xlwings\udfs.py", line 536, in call_udf res = call_udf(script, fname, args, this_workbook, FromVariant(caller)) File "C:\Users\mxmei\anaconda3\Lib\site-packages\xlwings\com_server.py", line 235, in CallUDF return func(*args) File "C:\Users\mxmei\anaconda3\Lib\site-packages\win32com\server\policy.py", line 633, in _invokeex_ ~~~~~~~~~~~~~~~^^^^^^^^^^^^^^^^^^^^^^^^^^^^^^^^^^^^^^^^ return S_OK, -1, self._invokeex_(dispid, lcid, wFlags, args, None, None) File "C:\Users\mxmei\anaconda3\Lib\site-packages\win32com\server\policy.py", line 303, in _invoke_ ~~~~~~~~~~~~~^^^^^^^^^^^^^^^^^^^^^^^^^^^^ return self._invoke_(dispid, lcid, wFlags, args) File "C:\Users\mxmei\anaconda3\Lib\site-packages\win32com\server\policy.py", line 298, in _Invoke_
B38: sqlite3.OperationalError: no such column: s_key ~~~~~~~~~^^^^^^^ c.execute(query) File "C:\Users\mxmei\anaconda3\Lib\site-packages\xlwings\ext\sql.py", line 68, in _sql return _sql(query, *tables) File "C:\Users\mxmei\anaconda3\Lib\site-packages\xlwings\ext\sql.py", line 28, in sql_dynamic ret = func(*args) File "C:\Users\mxmei\anaconda3\Lib\site-packages\xlwings\udfs.py", line 536, in call_udf res = call_udf(script, fname, args, this_workbook, FromVariant(caller)) File "C:\Users\mxmei\anaconda3\Lib\site-packages\xlwings\com_server.py", line 235, in CallUDF return func(*args) File "C:\Users\mxmei\anaconda3\Lib\site-packages\win32com\server\policy.py", line 633, in _invokeex_ ~~~~~~~~~~~~~~~^^^^^^^^^^^^^^^^^^^^^^^^^^^^^^^^^^^^^^^^ return S_OK, -1, self._invokeex_(dispid, lcid, wFlags, args, None, None) File "C:\Users\mxmei\anaconda3\Lib\site-packages\win32com\server\policy.py", line 303, in _invoke_ ~~~~~~~~~~~~~^^^^^^^^^^^^^^^^^^^^^^^^^^^^ return self._invoke_(dispid, lcid, wFlags, args) File "C:\Users\mxmei\anaconda3\Lib\site-packages\win32com\server\policy.py", line 298, in _Invoke_ | C38: sqlite3.OperationalError: no such column: s_key ~~~~~~~~~^^^^^^^ c.execute(query) File "C:\Users\mxmei\anaconda3\Lib\site-packages\xlwings\ext\sql.py", line 68, in _sql return _sql(query, *tables) File "C:\Users\mxmei\anaconda3\Lib\site-packages\xlwings\ext\sql.py", line 28, in sql_dynamic ret = func(*args) File "C:\Users\mxmei\anaconda3\Lib\site-packages\xlwings\udfs.py", line 536, in call_udf res = call_udf(script, fname, args, this_workbook, FromVariant(caller)) File "C:\Users\mxmei\anaconda3\Lib\site-packages\xlwings\com_server.py", line 235, in CallUDF return func(*args) File "C:\Users\mxmei\anaconda3\Lib\site-packages\win32com\server\policy.py", line 633, in _invokeex_ ~~~~~~~~~~~~~~~^^^^^^^^^^^^^^^^^^^^^^^^^^^^^^^^^^^^^^^^ return S_OK, -1, self._invokeex_(dispid, lcid, wFlags, args, None, None) File "C:\Users\mxmei\anaconda3\Lib\site-packages\win32com\server\policy.py", line 303, in _invoke_ ~~~~~~~~~~~~~^^^^^^^^^^^^^^^^^^^^^^^^^^^^ return self._invoke_(dispid, lcid, wFlags, args) File "C:\Users\mxmei\anaconda3\Lib\site-packages\win32com\server\policy.py", line 298, in _Invoke_
B39: sqlite3.OperationalError: no such column: s_key ~~~~~~~~~^^^^^^^ c.execute(query) File "C:\Users\mxmei\anaconda3\Lib\site-packages\xlwings\ext\sql.py", line 68, in _sql return _sql(query, *tables) File "C:\Users\mxmei\anaconda3\Lib\site-packages\xlwings\ext\sql.py", line 28, in sql_dynamic ret = func(*args) File "C:\Users\mxmei\anaconda3\Lib\site-packages\xlwings\udfs.py", line 536, in call_udf res = call_udf(script, fname, args, this_workbook, FromVariant(caller)) File "C:\Users\mxmei\anaconda3\Lib\site-packages\xlwings\com_server.py", line 235, in CallUDF return func(*args) File "C:\Users\mxmei\anaconda3\Lib\site-packages\win32com\server\policy.py", line 633, in _invokeex_ ~~~~~~~~~~~~~~~^^^^^^^^^^^^^^^^^^^^^^^^^^^^^^^^^^^^^^^^ return S_OK, -1, self._invokeex_(dispid, lcid, wFlags, args, None, None) File "C:\Users\mxmei\anaconda3\Lib\site-packages\win32com\server\policy.py", line 303, in _invoke_ ~~~~~~~~~~~~~^^^^^^^^^^^^^^^^^^^^^^^^^^^^ return self._invoke_(dispid, lcid, wFlags, args) File "C:\Users\mxmei\anaconda3\Lib\site-packages\win32com\server\policy.py", line 298, in _Invoke_ | C39: sqlite3.OperationalError: no such column: s_key ~~~~~~~~~^^^^^^^ c.execute(query) File "C:\Users\mxmei\anaconda3\Lib\site-packages\xlwings\ext\sql.py", line 68, in _sql return _sql(query, *tables) File "C:\Users\mxmei\anaconda3\Lib\site-packages\xlwings\ext\sql.py", line 28, in sql_dynamic ret = func(*args) File "C:\Users\mxmei\anaconda3\Lib\site-packages\xlwings\udfs.py", line 536, in call_udf res = call_udf(script, fname, args, this_workbook, FromVariant(caller)) File "C:\Users\mxmei\anaconda3\Lib\site-packages\xlwings\com_server.py", line 235, in CallUDF return func(*args) File "C:\Users\mxmei\anaconda3\Lib\site-packages\win32com\server\policy.py", line 633, in _invokeex_ ~~~~~~~~~~~~~~~^^^^^^^^^^^^^^^^^^^^^^^^^^^^^^^^^^^^^^^^ return S_OK, -1, self._invokeex_(dispid, lcid, wFlags, args, None, None) File "C:\Users\mxmei\anaconda3\Lib\site-packages\win32com\server\policy.py", line 303, in _invoke_ ~~~~~~~~~~~~~^^^^^^^^^^^^^^^^^^^^^^^^^^^^ return self._invoke_(dispid, lcid, wFlags, args) File "C:\Users\mxmei\anaconda3\Lib\site-packages\win32com\server\policy.py", line 298, in _Invoke_
B40: sqlite3.OperationalError: no such column: s_key ~~~~~~~~~^^^^^^^ c.execute(query) File "C:\Users\mxmei\anaconda3\Lib\site-packages\xlwings\ext\sql.py", line 68, in _sql return _sql(query, *tables) File "C:\Users\mxmei\anaconda3\Lib\site-packages\xlwings\ext\sql.py", line 28, in sql_dynamic ret = func(*args) File "C:\Users\mxmei\anaconda3\Lib\site-packages\xlwings\udfs.py", line 536, in call_udf res = call_udf(script, fname, args, this_workbook, FromVariant(caller)) File "C:\Users\mxmei\anaconda3\Lib\site-packages\xlwings\com_server.py", line 235, in CallUDF return func(*args) File "C:\Users\mxmei\anaconda3\Lib\site-packages\win32com\server\policy.py", line 633, in _invokeex_ ~~~~~~~~~~~~~~~^^^^^^^^^^^^^^^^^^^^^^^^^^^^^^^^^^^^^^^^ return S_OK, -1, self._invokeex_(dispid, lcid, wFlags, args, None, None) File "C:\Users\mxmei\anaconda3\Lib\site-packages\win32com\server\policy.py", line 303, in _invoke_ ~~~~~~~~~~~~~^^^^^^^^^^^^^^^^^^^^^^^^^^^^ return self._invoke_(dispid, lcid, wFlags, args) File "C:\Users\mxmei\anaconda3\Lib\site-packages\win32com\server\policy.py", line 298, in _Invoke_ | C40: sqlite3.OperationalError: no such column: s_key ~~~~~~~~~^^^^^^^ c.execute(query) File "C:\Users\mxmei\anaconda3\Lib\site-packages\xlwings\ext\sql.py", line 68, in _sql return _sql(query, *tables) File "C:\Users\mxmei\anaconda3\Lib\site-packages\xlwings\ext\sql.py", line 28, in sql_dynamic ret = func(*args) File "C:\Users\mxmei\anaconda3\Lib\site-packages\xlwings\udfs.py", line 536, in call_udf res = call_udf(script, fname, args, this_workbook, FromVariant(caller)) File "C:\Users\mxmei\anaconda3\Lib\site-packages\xlwings\com_server.py", line 235, in CallUDF return func(*args) File "C:\Users\mxmei\anaconda3\Lib\site-packages\win32com\server\policy.py", line 633, in _invokeex_ ~~~~~~~~~~~~~~~^^^^^^^^^^^^^^^^^^^^^^^^^^^^^^^^^^^^^^^^ return S_OK, -1, self._invokeex_(dispid, lcid, wFlags, args, None, None) File "C:\Users\mxmei\anaconda3\Lib\site-packages\win32com\server\policy.py", line 303, in _invoke_ ~~~~~~~~~~~~~^^^^^^^^^^^^^^^^^^^^^^^^^^^^ return self._invoke_(dispid, lcid, wFlags, args) File "C:\Users\mxmei\anaconda3\Lib\site-packages\win32com\server\policy.py", line 298, in _Invoke_
B41: sqlite3.OperationalError: no such column: s_key ~~~~~~~~~^^^^^^^ c.execute(query) File "C:\Users\mxmei\anaconda3\Lib\site-packages\xlwings\ext\sql.py", line 68, in _sql return _sql(query, *tables) File "C:\Users\mxmei\anaconda3\Lib\site-packages\xlwings\ext\sql.py", line 28, in sql_dynamic ret = func(*args) File "C:\Users\mxmei\anaconda3\Lib\site-packages\xlwings\udfs.py", line 536, in call_udf res = call_udf(script, fname, args, this_workbook, FromVariant(caller)) File "C:\Users\mxmei\anaconda3\Lib\site-packages\xlwings\com_server.py", line 235, in CallUDF return func(*args) File "C:\Users\mxmei\anaconda3\Lib\site-packages\win32com\server\policy.py", line 633, in _invokeex_ ~~~~~~~~~~~~~~~^^^^^^^^^^^^^^^^^^^^^^^^^^^^^^^^^^^^^^^^ return S_OK, -1, self._invokeex_(dispid, lcid, wFlags, args, None, None) File "C:\Users\mxmei\anaconda3\Lib\site-packages\win32com\server\policy.py", line 303, in _invoke_ ~~~~~~~~~~~~~^^^^^^^^^^^^^^^^^^^^^^^^^^^^ return self._invoke_(dispid, lcid, wFlags, args) File "C:\Users\mxmei\anaconda3\Lib\site-packages\win32com\server\policy.py", line 298, in _Invoke_ | C41: sqlite3.OperationalError: no such column: s_key ~~~~~~~~~^^^^^^^ c.execute(query) File "C:\Users\mxmei\anaconda3\Lib\site-packages\xlwings\ext\sql.py", line 68, in _sql return _sql(query, *tables) File "C:\Users\mxmei\anaconda3\Lib\site-packages\xlwings\ext\sql.py", line 28, in sql_dynamic ret = func(*args) File "C:\Users\mxmei\anaconda3\Lib\site-packages\xlwings\udfs.py", line 536, in call_udf res = call_udf(script, fname, args, this_workbook, FromVariant(caller)) File "C:\Users\mxmei\anaconda3\Lib\site-packages\xlwings\com_server.py", line 235, in CallUDF return func(*args) File "C:\Users\mxmei\anaconda3\Lib\site-packages\win32com\server\policy.py", line 633, in _invokeex_ ~~~~~~~~~~~~~~~^^^^^^^^^^^^^^^^^^^^^^^^^^^^^^^^^^^^^^^^ return S_OK, -1, self._invokeex_(dispid, lcid, wFlags, args, None, None) File "C:\Users\mxmei\anaconda3\Lib\site-packages\win32com\server\policy.py", line 303, in _invoke_ ~~~~~~~~~~~~~^^^^^^^^^^^^^^^^^^^^^^^^^^^^ return self._invoke_(dispid, lcid, wFlags, args) File "C:\Users\mxmei\anaconda3\Lib\site-packages\win32com\server\policy.py", line 298, in _Invoke_
B42: sqlite3.OperationalError: no such column: s_key ~~~~~~~~~^^^^^^^ c.execute(query) File "C:\Users\mxmei\anaconda3\Lib\site-packages\xlwings\ext\sql.py", line 68, in _sql return _sql(query, *tables) File "C:\Users\mxmei\anaconda3\Lib\site-packages\xlwings\ext\sql.py", line 28, in sql_dynamic ret = func(*args) File "C:\Users\mxmei\anaconda3\Lib\site-packages\xlwings\udfs.py", line 536, in call_udf res = call_udf(script, fname, args, this_workbook, FromVariant(caller)) File "C:\Users\mxmei\anaconda3\Lib\site-packages\xlwings\com_server.py", line 235, in CallUDF return func(*args) File "C:\Users\mxmei\anaconda3\Lib\site-packages\win32com\server\policy.py", line 633, in _invokeex_ ~~~~~~~~~~~~~~~^^^^^^^^^^^^^^^^^^^^^^^^^^^^^^^^^^^^^^^^ return S_OK, -1, self._invokeex_(dispid, lcid, wFlags, args, None, None) File "C:\Users\mxmei\anaconda3\Lib\site-packages\win32com\server\policy.py", line 303, in _invoke_ ~~~~~~~~~~~~~^^^^^^^^^^^^^^^^^^^^^^^^^^^^ return self._invoke_(dispid, lcid, wFlags, args) File "C:\Users\mxmei\anaconda3\Lib\site-packages\win32com\server\policy.py", line 298, in _Invoke_ | C42: sqlite3.OperationalError: no such column: s_key ~~~~~~~~~^^^^^^^ c.execute(query) File "C:\Users\mxmei\anaconda3\Lib\site-packages\xlwings\ext\sql.py", line 68, in _sql return _sql(query, *tables) File "C:\Users\mxmei\anaconda3\Lib\site-packages\xlwings\ext\sql.py", line 28, in sql_dynamic ret = func(*args) File "C:\Users\mxmei\anaconda3\Lib\site-packages\xlwings\udfs.py", line 536, in call_udf res = call_udf(script, fname, args, this_workbook, FromVariant(caller)) File "C:\Users\mxmei\anaconda3\Lib\site-packages\xlwings\com_server.py", line 235, in CallUDF return func(*args) File "C:\Users\mxmei\anaconda3\Lib\site-packages\win32com\server\policy.py", line 633, in _invokeex_ ~~~~~~~~~~~~~~~^^^^^^^^^^^^^^^^^^^^^^^^^^^^^^^^^^^^^^^^ return S_OK, -1, self._invokeex_(dispid, lcid, wFlags, args, None, None) File "C:\Users\mxmei\anaconda3\Lib\site-packages\win32com\server\policy.py", line 303, in _invoke_ ~~~~~~~~~~~~~^^^^^^^^^^^^^^^^^^^^^^^^^^^^ return self._invoke_(dispid, lcid, wFlags, args) File "C:\Users\mxmei\anaconda3\Lib\site-packages\win32com\server\policy.py", line 298, in _Invoke_
B43: sqlite3.OperationalError: no such column: s_key ~~~~~~~~~^^^^^^^ c.execute(query) File "C:\Users\mxmei\anaconda3\Lib\site-packages\xlwings\ext\sql.py", line 68, in _sql return _sql(query, *tables) File "C:\Users\mxmei\anaconda3\Lib\site-packages\xlwings\ext\sql.py", line 28, in sql_dynamic ret = func(*args) File "C:\Users\mxmei\anaconda3\Lib\site-packages\xlwings\udfs.py", line 536, in call_udf res = call_udf(script, fname, args, this_workbook, FromVariant(caller)) File "C:\Users\mxmei\anaconda3\Lib\site-packages\xlwings\com_server.py", line 235, in CallUDF return func(*args) File "C:\Users\mxmei\anaconda3\Lib\site-packages\win32com\server\policy.py", line 633, in _invokeex_ ~~~~~~~~~~~~~~~^^^^^^^^^^^^^^^^^^^^^^^^^^^^^^^^^^^^^^^^ return S_OK, -1, self._invokeex_(dispid, lcid, wFlags, args, None, None) File "C:\Users\mxmei\anaconda3\Lib\site-packages\win32com\server\policy.py", line 303, in _invoke_ ~~~~~~~~~~~~~^^^^^^^^^^^^^^^^^^^^^^^^^^^^ return self._invoke_(dispid, lcid, wFlags, args) File "C:\Users\mxmei\anaconda3\Lib\site-packages\win32com\server\policy.py", line 298, in _Invoke_ | C43: sqlite3.OperationalError: no such column: s_key ~~~~~~~~~^^^^^^^ c.execute(query) File "C:\Users\mxmei\anaconda3\Lib\site-packages\xlwings\ext\sql.py", line 68, in _sql return _sql(query, *tables) File "C:\Users\mxmei\anaconda3\Lib\site-packages\xlwings\ext\sql.py", line 28, in sql_dynamic ret = func(*args) File "C:\Users\mxmei\anaconda3\Lib\site-packages\xlwings\udfs.py", line 536, in call_udf res = call_udf(script, fname, args, this_workbook, FromVariant(caller)) File "C:\Users\mxmei\anaconda3\Lib\site-packages\xlwings\com_server.py", line 235, in CallUDF return func(*args) File "C:\Users\mxmei\anaconda3\Lib\site-packages\win32com\server\policy.py", line 633, in _invokeex_ ~~~~~~~~~~~~~~~^^^^^^^^^^^^^^^^^^^^^^^^^^^^^^^^^^^^^^^^ return S_OK, -1, self._invokeex_(dispid, lcid, wFlags, args, None, None) File "C:\Users\mxmei\anaconda3\Lib\site-packages\win32com\server\policy.py", line 303, in _invoke_ ~~~~~~~~~~~~~^^^^^^^^^^^^^^^^^^^^^^^^^^^^ return self._invoke_(dispid, lcid, wFlags, args) File "C:\Users\mxmei\anaconda3\Lib\site-packages\win32com\server\policy.py", line 298, in _Invoke_
B44: sqlite3.OperationalError: no such column: s_key ~~~~~~~~~^^^^^^^ c.execute(query) File "C:\Users\mxmei\anaconda3\Lib\site-packages\xlwings\ext\sql.py", line 68, in _sql return _sql(query, *tables) File "C:\Users\mxmei\anaconda3\Lib\site-packages\xlwings\ext\sql.py", line 28, in sql_dynamic ret = func(*args) File "C:\Users\mxmei\anaconda3\Lib\site-packages\xlwings\udfs.py", line 536, in call_udf res = call_udf(script, fname, args, this_workbook, FromVariant(caller)) File "C:\Users\mxmei\anaconda3\Lib\site-packages\xlwings\com_server.py", line 235, in CallUDF return func(*args) File "C:\Users\mxmei\anaconda3\Lib\site-packages\win32com\server\policy.py", line 633, in _invokeex_ ~~~~~~~~~~~~~~~^^^^^^^^^^^^^^^^^^^^^^^^^^^^^^^^^^^^^^^^ return S_OK, -1, self._invokeex_(dispid, lcid, wFlags, args, None, None) File "C:\Users\mxmei\anaconda3\Lib\site-packages\win32com\server\policy.py", line 303, in _invoke_ ~~~~~~~~~~~~~^^^^^^^^^^^^^^^^^^^^^^^^^^^^ return self._invoke_(dispid, lcid, wFlags, args) File "C:\Users\mxmei\anaconda3\Lib\site-packages\win32com\server\policy.py", line 298, in _Invoke_ | C44: sqlite3.OperationalError: no such column: s_key ~~~~~~~~~^^^^^^^ c.execute(query) File "C:\Users\mxmei\anaconda3\Lib\site-packages\xlwings\ext\sql.py", line 68, in _sql return _sql(query, *tables) File "C:\Users\mxmei\anaconda3\Lib\site-packages\xlwings\ext\sql.py", line 28, in sql_dynamic ret = func(*args) File "C:\Users\mxmei\anaconda3\Lib\site-packages\xlwings\udfs.py", line 536, in call_udf res = call_udf(script, fname, args, this_workbook, FromVariant(caller)) File "C:\Users\mxmei\anaconda3\Lib\site-packages\xlwings\com_server.py", line 235, in CallUDF return func(*args) File "C:\Users\mxmei\anaconda3\Lib\site-packages\win32com\server\policy.py", line 633, in _invokeex_ ~~~~~~~~~~~~~~~^^^^^^^^^^^^^^^^^^^^^^^^^^^^^^^^^^^^^^^^ return S_OK, -1, self._invokeex_(dispid, lcid, wFlags, args, None, None) File "C:\Users\mxmei\anaconda3\Lib\site-packages\win32com\server\policy.py", line 303, in _invoke_ ~~~~~~~~~~~~~^^^^^^^^^^^^^^^^^^^^^^^^^^^^ return self._invoke_(dispid, lcid, wFlags, args) File "C:\Users\mxmei\anaconda3\Lib\site-packages\win32com\server\policy.py", line 298, in _Invoke_
B45: sqlite3.OperationalError: no such column: s_key ~~~~~~~~~^^^^^^^ c.execute(query) File "C:\Users\mxmei\anaconda3\Lib\site-packages\xlwings\ext\sql.py", line 68, in _sql return _sql(query, *tables) File "C:\Users\mxmei\anaconda3\Lib\site-packages\xlwings\ext\sql.py", line 28, in sql_dynamic ret = func(*args) File "C:\Users\mxmei\anaconda3\Lib\site-packages\xlwings\udfs.py", line 536, in call_udf res = call_udf(script, fname, args, this_workbook, FromVariant(caller)) File "C:\Users\mxmei\anaconda3\Lib\site-packages\xlwings\com_server.py", line 235, in CallUDF return func(*args) File "C:\Users\mxmei\anaconda3\Lib\site-packages\win32com\server\policy.py", line 633, in _invokeex_ ~~~~~~~~~~~~~~~^^^^^^^^^^^^^^^^^^^^^^^^^^^^^^^^^^^^^^^^ return S_OK, -1, self._invokeex_(dispid, lcid, wFlags, args, None, None) File "C:\Users\mxmei\anaconda3\Lib\site-packages\win32com\server\policy.py", line 303, in _invoke_ ~~~~~~~~~~~~~^^^^^^^^^^^^^^^^^^^^^^^^^^^^ return self._invoke_(dispid, lcid, wFlags, args) File "C:\Users\mxmei\anaconda3\Lib\site-packages\win32com\server\policy.py", line 298, in _Invoke_ | C45: sqlite3.OperationalError: no such column: s_key ~~~~~~~~~^^^^^^^ c.execute(query) File "C:\Users\mxmei\anaconda3\Lib\site-packages\xlwings\ext\sql.py", line 68, in _sql return _sql(query, *tables) File "C:\Users\mxmei\anaconda3\Lib\site-packages\xlwings\ext\sql.py", line 28, in sql_dynamic ret = func(*args) File "C:\Users\mxmei\anaconda3\Lib\site-packages\xlwings\udfs.py", line 536, in call_udf res = call_udf(script, fname, args, this_workbook, FromVariant(caller)) File "C:\Users\mxmei\anaconda3\Lib\site-packages\xlwings\com_server.py", line 235, in CallUDF return func(*args) File "C:\Users\mxmei\anaconda3\Lib\site-packages\win32com\server\policy.py", line 633, in _invokeex_ ~~~~~~~~~~~~~~~^^^^^^^^^^^^^^^^^^^^^^^^^^^^^^^^^^^^^^^^ return S_OK, -1, self._invokeex_(dispid, lcid, wFlags, args, None, None) File "C:\Users\mxmei\anaconda3\Lib\site-packages\win32com\server\policy.py", line 303, in _invoke_ ~~~~~~~~~~~~~^^^^^^^^^^^^^^^^^^^^^^^^^^^^ return self._invoke_(dispid, lcid, wFlags, args) File "C:\Users\mxmei\anaconda3\Lib\site-packages\win32com\server\policy.py", line 298, in _Invoke_
B46: sqlite3.OperationalError: no such column: s_key ~~~~~~~~~^^^^^^^ c.execute(query) File "C:\Users\mxmei\anaconda3\Lib\site-packages\xlwings\ext\sql.py", line 68, in _sql return _sql(query, *tables) File "C:\Users\mxmei\anaconda3\Lib\site-packages\xlwings\ext\sql.py", line 28, in sql_dynamic ret = func(*args) File "C:\Users\mxmei\anaconda3\Lib\site-packages\xlwings\udfs.py", line 536, in call_udf res = call_udf(script, fname, args, this_workbook, FromVariant(caller)) File "C:\Users\mxmei\anaconda3\Lib\site-packages\xlwings\com_server.py", line 235, in CallUDF return func(*args) File "C:\Users\mxmei\anaconda3\Lib\site-packages\win32com\server\policy.py", line 633, in _invokeex_ ~~~~~~~~~~~~~~~^^^^^^^^^^^^^^^^^^^^^^^^^^^^^^^^^^^^^^^^ return S_OK, -1, self._invokeex_(dispid, lcid, wFlags, args, None, None) File "C:\Users\mxmei\anaconda3\Lib\site-packages\win32com\server\policy.py", line 303, in _invoke_ ~~~~~~~~~~~~~^^^^^^^^^^^^^^^^^^^^^^^^^^^^ return self._invoke_(dispid, lcid, wFlags, args) File "C:\Users\mxmei\anaconda3\Lib\site-packages\win32com\server\policy.py", line 298, in _Invoke_ | C46: sqlite3.OperationalError: no such column: s_key ~~~~~~~~~^^^^^^^ c.execute(query) File "C:\Users\mxmei\anaconda3\Lib\site-packages\xlwings\ext\sql.py", line 68, in _sql return _sql(query, *tables) File "C:\Users\mxmei\anaconda3\Lib\site-packages\xlwings\ext\sql.py", line 28, in sql_dynamic ret = func(*args) File "C:\Users\mxmei\anaconda3\Lib\site-packages\xlwings\udfs.py", line 536, in call_udf res = call_udf(script, fname, args, this_workbook, FromVariant(caller)) File "C:\Users\mxmei\anaconda3\Lib\site-packages\xlwings\com_server.py", line 235, in CallUDF return func(*args) File "C:\Users\mxmei\anaconda3\Lib\site-packages\win32com\server\policy.py", line 633, in _invokeex_ ~~~~~~~~~~~~~~~^^^^^^^^^^^^^^^^^^^^^^^^^^^^^^^^^^^^^^^^ return S_OK, -1, self._invokeex_(dispid, lcid, wFlags, args, None, None) File "C:\Users\mxmei\anaconda3\Lib\site-packages\win32com\server\policy.py", line 303, in _invoke_ ~~~~~~~~~~~~~^^^^^^^^^^^^^^^^^^^^^^^^^^^^ return self._invoke_(dispid, lcid, wFlags, args) File "C:\Users\mxmei\anaconda3\Lib\site-packages\win32com\server\policy.py", line 298, in _Invoke_
B47: sqlite3.OperationalError: no such column: s_key ~~~~~~~~~^^^^^^^ c.execute(query) File "C:\Users\mxmei\anaconda3\Lib\site-packages\xlwings\ext\sql.py", line 68, in _sql return _sql(query, *tables) File "C:\Users\mxmei\anaconda3\Lib\site-packages\xlwings\ext\sql.py", line 28, in sql_dynamic ret = func(*args) File "C:\Users\mxmei\anaconda3\Lib\site-packages\xlwings\udfs.py", line 536, in call_udf res = call_udf(script, fname, args, this_workbook, FromVariant(caller)) File "C:\Users\mxmei\anaconda3\Lib\site-packages\xlwings\com_server.py", line 235, in CallUDF return func(*args) File "C:\Users\mxmei\anaconda3\Lib\site-packages\win32com\server\policy.py", line 633, in _invokeex_ ~~~~~~~~~~~~~~~^^^^^^^^^^^^^^^^^^^^^^^^^^^^^^^^^^^^^^^^ return S_OK, -1, self._invokeex_(dispid, lcid, wFlags, args, None, None) File "C:\Users\mxmei\anaconda3\Lib\site-packages\win32com\server\policy.py", line 303, in _invoke_ ~~~~~~~~~~~~~^^^^^^^^^^^^^^^^^^^^^^^^^^^^ return self._invoke_(dispid, lcid, wFlags, args) File "C:\Users\mxmei\anaconda3\Lib\site-packages\win32com\server\policy.py", line 298, in _Invoke_ | C47: sqlite3.OperationalError: no such column: s_key ~~~~~~~~~^^^^^^^ c.execute(query) File "C:\Users\mxmei\anaconda3\Lib\site-packages\xlwings\ext\sql.py", line 68, in _sql return _sql(query, *tables) File "C:\Users\mxmei\anaconda3\Lib\site-packages\xlwings\ext\sql.py", line 28, in sql_dynamic ret = func(*args) File "C:\Users\mxmei\anaconda3\Lib\site-packages\xlwings\udfs.py", line 536, in call_udf res = call_udf(script, fname, args, this_workbook, FromVariant(caller)) File "C:\Users\mxmei\anaconda3\Lib\site-packages\xlwings\com_server.py", line 235, in CallUDF return func(*args) File "C:\Users\mxmei\anaconda3\Lib\site-packages\win32com\server\policy.py", line 633, in _invokeex_ ~~~~~~~~~~~~~~~^^^^^^^^^^^^^^^^^^^^^^^^^^^^^^^^^^^^^^^^ return S_OK, -1, self._invokeex_(dispid, lcid, wFlags, args, None, None) File "C:\Users\mxmei\anaconda3\Lib\site-packages\win32com\server\policy.py", line 303, in _invoke_ ~~~~~~~~~~~~~^^^^^^^^^^^^^^^^^^^^^^^^^^^^ return self._invoke_(dispid, lcid, wFlags, args) File "C:\Users\mxmei\anaconda3\Lib\site-packages\win32com\server\policy.py", line 298, in _Invoke_
B48: sqlite3.OperationalError: no such column: s_key ~~~~~~~~~^^^^^^^ c.execute(query) File "C:\Users\mxmei\anaconda3\Lib\site-packages\xlwings\ext\sql.py", line 68, in _sql return _sql(query, *tables) File "C:\Users\mxmei\anaconda3\Lib\site-packages\xlwings\ext\sql.py", line 28, in sql_dynamic ret = func(*args) File "C:\Users\mxmei\anaconda3\Lib\site-packages\xlwings\udfs.py", line 536, in call_udf res = call_udf(script, fname, args, this_workbook, FromVariant(caller)) File "C:\Users\mxmei\anaconda3\Lib\site-packages\xlwings\com_server.py", line 235, in CallUDF return func(*args) File "C:\Users\mxmei\anaconda3\Lib\site-packages\win32com\server\policy.py", line 633, in _invokeex_ ~~~~~~~~~~~~~~~^^^^^^^^^^^^^^^^^^^^^^^^^^^^^^^^^^^^^^^^ return S_OK, -1, self._invokeex_(dispid, lcid, wFlags, args, None, None) File "C:\Users\mxmei\anaconda3\Lib\site-packages\win32com\server\policy.py", line 303, in _invoke_ ~~~~~~~~~~~~~^^^^^^^^^^^^^^^^^^^^^^^^^^^^ return self._invoke_(dispid, lcid, wFlags, args) File "C:\Users\mxmei\anaconda3\Lib\site-packages\win32com\server\policy.py", line 298, in _Invoke_ | C48: sqlite3.OperationalError: no such column: s_key ~~~~~~~~~^^^^^^^ c.execute(query) File "C:\Users\mxmei\anaconda3\Lib\site-packages\xlwings\ext\sql.py", line 68, in _sql return _sql(query, *tables) File "C:\Users\mxmei\anaconda3\Lib\site-packages\xlwings\ext\sql.py", line 28, in sql_dynamic ret = func(*args) File "C:\Users\mxmei\anaconda3\Lib\site-packages\xlwings\udfs.py", line 536, in call_udf res = call_udf(script, fname, args, this_workbook, FromVariant(caller)) File "C:\Users\mxmei\anaconda3\Lib\site-packages\xlwings\com_server.py", line 235, in CallUDF return func(*args) File "C:\Users\mxmei\anaconda3\Lib\site-packages\win32com\server\policy.py", line 633, in _invokeex_ ~~~~~~~~~~~~~~~^^^^^^^^^^^^^^^^^^^^^^^^^^^^^^^^^^^^^^^^ return S_OK, -1, self._invokeex_(dispid, lcid, wFlags, args, None, None) File "C:\Users\mxmei\anaconda3\Lib\site-packages\win32com\server\policy.py", line 303, in _invoke_ ~~~~~~~~~~~~~^^^^^^^^^^^^^^^^^^^^^^^^^^^^ return self._invoke_(dispid, lcid, wFlags, args) File "C:\Users\mxmei\anaconda3\Lib\site-packages\win32com\server\policy.py", line 298, in _Invoke_
... B74: sqlite3.OperationalError: no such column: s_key ~~~~~~~~~^^^^^^^ c.execute(query) File "C:\Users\mxmei\anaconda3\Lib\site-packages\xlwings\ext\sql.py", line 68, in _sql return _sql(query, *tables) File "C:\Users\mxmei\anaconda3\Lib\site-packages\xlwings\ext\sql.py", line 28, in sql_dynamic ret = func(*args) File "C:\Users\mxmei\anaconda3\Lib\site-packages\xlwings\udfs.py", line 536, in call_udf res = call_udf(script, fname, args, this_workbook, FromVariant(caller)) File "C:\Users\mxmei\anaconda3\Lib\site-packages\xlwings\com_server.py", line 235, in CallUDF return func(*args) File "C:\Users\mxmei\anaconda3\Lib\site-packages\win32com\server\policy.py", line 633, in _invokeex_ ~~~~~~~~~~~~~~~^^^^^^^^^^^^^^^^^^^^^^^^^^^^^^^^^^^^^^^^ return S_OK, -1, self._invokeex_(dispid, lcid, wFlags, args, None, None) File "C:\Users\mxmei\anaconda3\Lib\site-packages\win32com\server\policy.py", line 303, in _invoke_ ~~~~~~~~~~~~~^^^^^^^^^^^^^^^^^^^^^^^^^^^^ return self._invoke_(dispid, lcid, wFlags, args) File "C:\Users\mxmei\anaconda3\Lib\site-packages\win32com\server\policy.py", line 298, in _Invoke_ | C74: sqlite3.OperationalError: no such column: s_key ~~~~~~~~~^^^^^^^ c.execute(query) File "C:\Users\mxmei\anaconda3\Lib\site-packages\xlwings\ext\sql.py", line 68, in _sql return _sql(query, *tables) File "C:\Users\mxmei\anaconda3\Lib\site-packages\xlwings\ext\sql.py", line 28, in sql_dynamic ret = func(*args) File "C:\Users\mxmei\anaconda3\Lib\site-packages\xlwings\udfs.py", line 536, in call_udf res = call_udf(script, fname, args, this_workbook, FromVariant(caller)) File "C:\Users\mxmei\anaconda3\Lib\site-packages\xlwings\com_server.py", line 235, in CallUDF return func(*args) File "C:\Users\mxmei\anaconda3\Lib\site-packages\win32com\server\policy.py", line 633, in _invokeex_ ~~~~~~~~~~~~~~~^^^^^^^^^^^^^^^^^^^^^^^^^^^^^^^^^^^^^^^^ return S_OK, -1, self._invokeex_(dispid, lcid, wFlags, args, None, None) File "C:\Users\mxmei\anaconda3\Lib\site-packages\win32com\server\policy.py", line 303, in _invoke_ ~~~~~~~~~~~~~^^^^^^^^^^^^^^^^^^^^^^^^^^^^ return self._invoke_(dispid, lcid, wFlags, args) File "C:\Users\mxmei\anaconda3\Lib\site-packages\win32com\server\policy.py", line 298, in _Invoke_

Sheet Position Matrix
A1: MVP | C1: D | E1: K | G1: QB | I1: RB | L1: TE | N1: WR1 | P1: WR2 | R1: WR3 | T1: WR4
A2: QB:BAL | G2: QB:BAL | I2: RB:KC | L2: TE:BAL | N2: WR1:KC | P2: WR2:KC
A3: RB:PHI | E3: K:GB | I3: RB:PHI | N3: WR1:PHI | P3: WR2:PHI | R3: WR3:GB
A4: WR1:LAR | G4: QB:LAR | I4: RB1:DET | J4: RB2:DET | N4: WR1:LAR | P4: WR2:DET
A5: K:SF | E5: K:SF | I5: RB:NYJ | J5: RB2:SF | N5: WR1:SF | R5: WR3:NYJ
A6: QB:PHI | E6: K:ATL | G6: QB:ATL | H6: QB:PHI | N6: WR1:PHI | P6: WR2:ATL
A7: RB:BUF | C7: D:BUF | G7: QB:BUF | I7: RB:BUF | J7: RB1:MIA | L7: TE:MIA
A8: WR2:HOU | C8: D:HOU | E8: K:CHI | F8: K:HOU | G8: QB:HOU | P8: WR2:HOU
A9: QB:BUF | G9: QB:BUF | I9: RB:BUF | J9: RB:BUF | P9: WR2:BUF | R9: WR3:JAC
A10: WR1:KC | E10: K:KC | G10: QB:KC | N10: WR1:ATL | O10: WR1:KC | P10: WR2:ATL
A11: QB:NYJ | C11: D:NYJ | G11: QB:NYJ | I11: RB1:NYJ | R11: WR3:NE | S11: WR3:NYJ
A12: WR1:CIN | G12: QB:CIN | H12: QB:WAS | I12: RB:WAS | N12: WR1:CIN | O12: WR1:WAS
A13: RB:BAL | C13: D:BAL | G13: QB:BAL | H13: RB:BAL | I13: RB:BAL | N13: WR1:BUF
A14: WR1:NYG | E14: K:NYG | I14: RB:DAL | N14: WR1:DAL | O14: WR1:NYG | P14: WR2:NYG
A15: WR1:DAL | E15: K:NYG | I15: RB:DAL | N15: WR1:DAL | O15: WR1:NYG | P15: WR2:NYG
A16: RB:SEA | G16: QB:DET | H16: QB:SEA | I16: RB:DET | J16: RB:SEA | L16: TE:SEA
A17: RB:SEA | G17: QB:DET | H17: QB:SEA | I17: RB:DET | J17: RB:SEA | P17: WR2:DET
A18: K:TEN | C18: D:TEN | E18: K:TEN | G18: QB:MIA | I18: RB:TEN | J18: RB:TEN
A19: QB:DAL | G19: QB:DAL | H19: QB:PIT | I19: RB:DAL | L19: TE:PIT | P19: WR2:DAL
A20: RB:KC | E20: K:KC | G20: QB:KC | I20: RB:KC | P20: WR2:NO | Q20: WR3:KC
A21: QB:ATL | E21: K:ATL | G21: QB:ATL | H21: QB:TB | N21: WR1:ATL | P21: WR2:ATL
A22: WR1:NYJ | G22: QB:NYJ | I22: RB:BUF | J22: RB:NYJ | N22: WR1:NYJ | P22: WR2:NYJ
A23: QB:CIN | G23: QB:CIN | H23: QB:NYG | I23: RB:CIN | J23: RB:NYG | P23: WR2:NYG
A24: QB:SF | G24: QB:SEA | H24: QB:SF | L24: TE:SF | N24: WR1:SF | R24: WR3:SEA
A25: QB:BAL | G25: QB:BAL | H25: QB:TB | I25: RB:TB | L25: TE:BAL | P25: WR2:BAL
A26: RB:DEN | C26: D:DEN | E26: K:DEN | G26: QB:DEN | I26: RB:DEN | T26: WR4:NO
A27: RB:NYJ | G27: QB2:PIT | I27: RB:NYJ | J27: RB:PIT | N27: WR1:PIT | R27: WR3:PIT
A28: WR1:DAL | E28: K:SF | G28: QB:SF | I28: RB:SF | L28: TE1:SF | N28: WR1:DAL
A29: QB:LAR | G29: QB:LAR | I29: RB:LAR | N29: WR1:MIN | R29: WR3:LAR | T29: WR:LAR
A30: RB2:NYG | C30: D:PIT | I30: RB:PIT | J30: RB2:NYG | R30: WR3:NYG | S30: WR3:PIT
A31: WR1:NYJ | C31: D:NYJ | G31: QB:NYJ | N31: WR1:HOU | O31: WR1:NYJ | P31: WR2:NYJ
A32: WR1:MIN | C32: D:IND | G32: QB:MIN | L32: TE:MIN | N32: WR1:MIN | P32: WR2:MIN
A33: WR1:KC | G33: QB:KC | I33: RB:KC | J33: RB:KC | L33: TE:TB | N33: WR1:KC
A34: WR1:CIN | G34: QB:BAL | H34: QB:CIN | L34: TE:BAL | N34: WR1:CIN | T34: WR:BAL
A35: RB:HOU | E35: K:HOU | I35: RB:HOU | L35: TE:DET | N35: WR1:DET | T35: WR:HOU
A36: K:LAR | E36: K:LAR | F36: K:MIA | G36: QB:LAR | N36: WR1:LAR | P36: WR2:LAR
A37: RB:PHI | G37: QB:PHI | I37: RB:PHI | J37: RB:WAS | K37: RB1:WAS | L37: TE:WAS
A38: QB:CIN | G38: QB:CIN | H38: QB:LAC | L38: TE:LAC | N38: WR1:LAC | P38: WR2:CIN
A39: RB:HOU | C39: D:HOU | G39: QB:DAL | I39: RB:HOU | N39: WR1:DAL | T39: WR:DAL
A40: RB1:CLE | G40: QB:CLE | H40: QB:PIT | I40: RB:PIT | J40: RB:CLE | R40: WR3:PIT
A41: RB:PHI | E41: K:PHI | G41: QB:LAR | I41: RB:PHI | N41: WR1:PHI | R41: WR3:LAR
A42: QB:BAL | E42: K:LAC | G42: QB:BAL | H42: QB:LAC | I42: RB:BAL | L42: TE1:BAL
A43: QB:MIA | E43: K:GB | G43: QB:MIA | H43: QB:GB | I43: RB:GB | L43: TE:MIA
A44: TE:LV | G44: QB:KC | H44: QB:LV | L44: TE:LV | N44: WR1:LV | P44: WR2:LV
A45: WR1:CLE | C45: D:DEN | G45: QB:CLE | L45: TE:CLE | N45: WR1:CLE | T45: WR:DEN
A46: RB1Q:GB | G46: QB:DET | H46: QB:GB | I46: RB1Q:GB | J46: RB2:DET | R46: WR3:DET
A47: K:KC | E47: K:KC | G47: QB:LAC | H47: QB:KC | N47: WR1:KC | P47: WR2:LAC
A48: WR1:CIN | G48: QB:CIN | I48: RB:CIN | J48: RB:DAL | L48: TE:CIN | N48: WR1:CIN
A49: RB:LAR | C49: D:LAR | E49: K:LAR | I49: RB1:LAR | J49: RB1Q:SF | P49: WR2:LAR
A50: D:ATL | C50: D:ATL | G50: QB:LV | I50: RB:ATL | J50: RB:LV | N50: WR1:ATL
A51: RB:MIN | E51: K:MIN | I51: RB:MIN | J51: RB:CHI | N51: WR1:MIN | P51: WR2:CHI
A52: QB:LAC | E52: K:DEN | G52: QB:LAC | H52: QB:DEN | I52: RB:LAC | J52: RB:LAC
A53: RB:BAL | C53: D:BAL | G53: QB:BAL | I53: RB:BAL | J53: RB:PIT | N53: WR1:BAL
A54: QB:TB | E54: K:DAL | G54: QB:TB | H54: QB:DAL | I54: RB1:TB | P54: WR2:TB
A55: RB:GB | C55: D:GB | E55: K:GB | G55: QB:NO | I55: RB:GB | J55: RB:GB
A56: QB:BAL | C56: D:BAL | G56: QB:BAL | I56: RB:BAL | L56: TE:BAL | R56: WR3:HOU
A57: D:SEA | C57: D:SEA | D57: D:CHI | G57: QB:SEA | I57: RB:CHI | N57: WR1:CHI
A58: QB:WAS | G58: QB:WAS | I58: RB:ATL | L58: TE:WAS | N58: WR1:ATL | P58: WR2:WAS
A59: QB:SF | G59: QB:SF | H59: QB:DET | L59: TE:DET | P59: WR2:DET | R59: WR3:SF
A60: WR1:CIN | E60: K:CIN | G60: QB:CIN | I60: RB:PIT | L60: TE:PIT | N60: WR1:CIN
A61: RB:DET | E61: K:MIN | G61: QB:DET | I61: RB:DET | L61: TE:DET | N61: WR1:DET
A62: WR1:LAC | C62: D:HOU | E62: K:HOU | I62: RB:HOU | N62: WR1:LAC | O62: WR1:HOU
A63: RB:BAL | G63: QB:PIT | I63: RB:BAL | J63: RB:BAL | N63: WR1:PIT | P63: WR2:PIT
A64: QB:WAS | G64: QB:WAS | I64: RB2:WAS | N64: WR1:TB | O64: WR1:WAS | T64: WR:WAS
A65: D:LAR | C65: D:LAR | G65: QB:MIN | H65: QB:LAR | I65: RB:LAR | L65: TE:MIN
A66: TE:KC | C66: D:KC | G66: QB:HOU | I66: RB:HOU | J66: RB1:KC | L66: TE:KC
A67: RB:DET | C67: D:WAS | G67: QB:WAS | I67: RB:DET | J67: RB1:WAS | R67: WR3:WAS
A68: QB:BUF | E68: K:BUF | G68: QB:BUF | H68: QB:BAL | L68: TE2:BAL | N68: WR1:BAL
A69: RB:PHI | E69: K:PHI | G69: QB:PHI | H69: QB:LAR | I69: RB:PHI | L69: TE:LAR
A70: QB:KC | G70: QB:KC | I70: RB:BUF | J70: RB:KC | N70: WR1:KC | T70: WR:BUF
A71: RB:PHI | G71: QB:WAS | H71: QB:PHI | I71: RB:PHI | J71: RB:PHI | L71: TE:WAS
A72: WR1:KC | C72: D:PHI | E72: K:PHI | F72: QB:PHI | G72: QB:KC | N72: WR1:KC
A75: Totals | C75: =COUNTA(C2:INDIRECT(ADDRESS((ROW()-1),COLUMN()))) -> 22 | D75: =COUNTA(D2:INDIRECT(ADDRESS((ROW()-1),COLUMN()))) -> 1 | E75: =COUNTA(E2:INDIRECT(ADDRESS((ROW()-1),COLUMN()))) -> 29 | F75: =COUNTA(F2:INDIRECT(ADDRESS((ROW()-1),COLUMN()))) -> 3 | G75: =COUNTA(G2:INDIRECT(ADDRESS((ROW()-1),COLUMN()))) -> 62 | H75: =COUNTA(H2:INDIRECT(ADDRESS((ROW()-1),COLUMN()))) -> 25 | I75: =COUNTA(I2:INDIRECT(ADDRESS((ROW()-1),COLUMN()))) -> 55 | J75: =COUNTA(J2:INDIRECT(ADDRESS((ROW()-1),COLUMN()))) -> 27 | ... T75: =COUNTA(T2:INDIRECT(ADDRESS((ROW()-1),COLUMN()))) -> 8
A77: Games | B77: =COUNTA(A2:A72) -> 71
A78: D | B78: 22 | C78: 1
A79: K | B79: 29 | C79: 3
A80: QB | B80: 62 | C80: 25
A81: RB | B81: 55 | C81: 27 | D81: 1
A82: TE | B82: 28 | C82: 0
A83: WR1 | B83: 42 | C83: 7
A84: WR2 | B84: 28 | C84: 1
A85: WR3 | B85: 14 | C85: 2
A86: WR4 | B86: 8

Sheet SQL
A1: Wins by Key
B2: SELECT SUBSTR(key,1,1) as Key ,COUNT(substr(key,1,1)) as Count ,CAST(COUNT(SUBSTR(key,1,1)) AS REAL)/(SELECT COUNT(*) FROM a) AS Percentage FROM a GROUP BY SUBSTR(key,1,1) ORDER BY 1 | C2: {=[1]!sql(B2,retro)} -> sqlite3.OperationalError: no such column: key ~~~~~~~~~^^^^^^^ c.execute(query) File "C:\Users\mxmei\anaconda3\Lib\site-packages\xlwings\ext\sql.py", line 68, in _sql return _sql(query, *tables) File "C:\Users\mxmei\anaconda3\Lib\site-packages\xlwings\ext\sql.py", line 28, in sql_dynamic ret = func(*args) File "C:\Users\mxmei\anaconda3\Lib\site-packages\xlwings\udfs.py", line 536, in call_udf res = call_udf(script, fname, args, this_workbook, FromVariant(caller)) File "C:\Users\mxmei\anaconda3\Lib\site-packages\xlwings\com_server.py", line 235, in CallUDF return func(*args) File "C:\Users\mxmei\anaconda3\Lib\site-packages\win32com\server\policy.py", line 633, in _invokeex_ ~~~~~~~~~~~~~~~^^^^^^^^^^^^^^^^^^^^^^^^^^^^^^^^^^^^^^^^ return S_OK, -1, self._invokeex_(dispid, lcid, wFlags, args, None, None) File "C:\Users\mxmei\anaconda3\Lib\site-packages\win32com\server\policy.py", line 303, in _invoke_ ~~~~~~~~~~~~~^^^^^^^^^^^^^^^^^^^^^^^^^^^^ return self._invoke_(dispid, lcid, wFlags, args) File "C:\Users\mxmei\anaconda3\Lib\site-packages\win32com\server\policy.py", line 298, in _Invoke_ | D2: sqlite3.OperationalError: no such column: key ~~~~~~~~~^^^^^^^ c.execute(query) File "C:\Users\mxmei\anaconda3\Lib\site-packages\xlwings\ext\sql.py", line 68, in _sql return _sql(query, *tables) File "C:\Users\mxmei\anaconda3\Lib\site-packages\xlwings\ext\sql.py", line 28, in sql_dynamic ret = func(*args) File "C:\Users\mxmei\anaconda3\Lib\site-packages\xlwings\udfs.py", line 536, in call_udf res = call_udf(script, fname, args, this_workbook, FromVariant(caller)) File "C:\Users\mxmei\anaconda3\Lib\site-packages\xlwings\com_server.py", line 235, in CallUDF return func(*args) File "C:\Users\mxmei\anaconda3\Lib\site-packages\win32com\server\policy.py", line 633, in _invokeex_ ~~~~~~~~~~~~~~~^^^^^^^^^^^^^^^^^^^^^^^^^^^^^^^^^^^^^^^^ return S_OK, -1, self._invokeex_(dispid, lcid, wFlags, args, None, None) File "C:\Users\mxmei\anaconda3\Lib\site-packages\win32com\server\policy.py", line 303, in _invoke_ ~~~~~~~~~~~~~^^^^^^^^^^^^^^^^^^^^^^^^^^^^ return self._invoke_(dispid, lcid, wFlags, args) File "C:\Users\mxmei\anaconda3\Lib\site-packages\win32com\server\policy.py", line 298, in _Invoke_ | E2: sqlite3.OperationalError: no such column: key ~~~~~~~~~^^^^^^^ c.execute(query) File "C:\Users\mxmei\anaconda3\Lib\site-packages\xlwings\ext\sql.py", line 68, in _sql return _sql(query, *tables) File "C:\Users\mxmei\anaconda3\Lib\site-packages\xlwings\ext\sql.py", line 28, in sql_dynamic ret = func(*args) File "C:\Users\mxmei\anaconda3\Lib\site-packages\xlwings\udfs.py", line 536, in call_udf res = call_udf(script, fname, args, this_workbook, FromVariant(caller)) File "C:\Users\mxmei\anaconda3\Lib\site-packages\xlwings\com_server.py", line 235, in CallUDF return func(*args) File "C:\Users\mxmei\anaconda3\Lib\site-packages\win32com\server\policy.py", line 633, in _invokeex_ ~~~~~~~~~~~~~~~^^^^^^^^^^^^^^^^^^^^^^^^^^^^^^^^^^^^^^^^ return S_OK, -1, self._invokeex_(dispid, lcid, wFlags, args, None, None) File "C:\Users\mxmei\anaconda3\Lib\site-packages\win32com\server\policy.py", line 303, in _invoke_ ~~~~~~~~~~~~~^^^^^^^^^^^^^^^^^^^^^^^^^^^^ return self._invoke_(dispid, lcid, wFlags, args) File "C:\Users\mxmei\anaconda3\Lib\site-packages\win32com\server\policy.py", line 298, in _Invoke_
B3: SELECT key as Key ,COUNT(key) as Count ,CAST(COUNT(key) AS REAL)/(SELECT COUNT(*) FROM a) AS Percentage FROM a GROUP BY key ORDER BY 2 DESC, 1 | C3: sqlite3.OperationalError: no such column: key ~~~~~~~~~^^^^^^^ c.execute(query) File "C:\Users\mxmei\anaconda3\Lib\site-packages\xlwings\ext\sql.py", line 68, in _sql return _sql(query, *tables) File "C:\Users\mxmei\anaconda3\Lib\site-packages\xlwings\ext\sql.py", line 28, in sql_dynamic ret = func(*args) File "C:\Users\mxmei\anaconda3\Lib\site-packages\xlwings\udfs.py", line 536, in call_udf res = call_udf(script, fname, args, this_workbook, FromVariant(caller)) File "C:\Users\mxmei\anaconda3\Lib\site-packages\xlwings\com_server.py", line 235, in CallUDF return func(*args) File "C:\Users\mxmei\anaconda3\Lib\site-packages\win32com\server\policy.py", line 633, in _invokeex_ ~~~~~~~~~~~~~~~^^^^^^^^^^^^^^^^^^^^^^^^^^^^^^^^^^^^^^^^ return S_OK, -1, self._invokeex_(dispid, lcid, wFlags, args, None, None) File "C:\Users\mxmei\anaconda3\Lib\site-packages\win32com\server\policy.py", line 303, in _invoke_ ~~~~~~~~~~~~~^^^^^^^^^^^^^^^^^^^^^^^^^^^^ return self._invoke_(dispid, lcid, wFlags, args) File "C:\Users\mxmei\anaconda3\Lib\site-packages\win32com\server\policy.py", line 298, in _Invoke_ | D3: sqlite3.OperationalError: no such column: key ~~~~~~~~~^^^^^^^ c.execute(query) File "C:\Users\mxmei\anaconda3\Lib\site-packages\xlwings\ext\sql.py", line 68, in _sql return _sql(query, *tables) File "C:\Users\mxmei\anaconda3\Lib\site-packages\xlwings\ext\sql.py", line 28, in sql_dynamic ret = func(*args) File "C:\Users\mxmei\anaconda3\Lib\site-packages\xlwings\udfs.py", line 536, in call_udf res = call_udf(script, fname, args, this_workbook, FromVariant(caller)) File "C:\Users\mxmei\anaconda3\Lib\site-packages\xlwings\com_server.py", line 235, in CallUDF return func(*args) File "C:\Users\mxmei\anaconda3\Lib\site-packages\win32com\server\policy.py", line 633, in _invokeex_ ~~~~~~~~~~~~~~~^^^^^^^^^^^^^^^^^^^^^^^^^^^^^^^^^^^^^^^^ return S_OK, -1, self._invokeex_(dispid, lcid, wFlags, args, None, None) File "C:\Users\mxmei\anaconda3\Lib\site-packages\win32com\server\policy.py", line 303, in _invoke_ ~~~~~~~~~~~~~^^^^^^^^^^^^^^^^^^^^^^^^^^^^ return self._invoke_(dispid, lcid, wFlags, args) File "C:\Users\mxmei\anaconda3\Lib\site-packages\win32com\server\policy.py", line 298, in _Invoke_ | E3: sqlite3.OperationalError: no such column: key ~~~~~~~~~^^^^^^^ c.execute(query) File "C:\Users\mxmei\anaconda3\Lib\site-packages\xlwings\ext\sql.py", line 68, in _sql return _sql(query, *tables) File "C:\Users\mxmei\anaconda3\Lib\site-packages\xlwings\ext\sql.py", line 28, in sql_dynamic ret = func(*args) File "C:\Users\mxmei\anaconda3\Lib\site-packages\xlwings\udfs.py", line 536, in call_udf res = call_udf(script, fname, args, this_workbook, FromVariant(caller)) File "C:\Users\mxmei\anaconda3\Lib\site-packages\xlwings\com_server.py", line 235, in CallUDF return func(*args) File "C:\Users\mxmei\anaconda3\Lib\site-packages\win32com\server\policy.py", line 633, in _invokeex_ ~~~~~~~~~~~~~~~^^^^^^^^^^^^^^^^^^^^^^^^^^^^^^^^^^^^^^^^ return S_OK, -1, self._invokeex_(dispid, lcid, wFlags, args, None, None) File "C:\Users\mxmei\anaconda3\Lib\site-packages\win32com\server\policy.py", line 303, in _invoke_ ~~~~~~~~~~~~~^^^^^^^^^^^^^^^^^^^^^^^^^^^^ return self._invoke_(dispid, lcid, wFlags, args) File "C:\Users\mxmei\anaconda3\Lib\site-packages\win32com\server\policy.py", line 298, in _Invoke_
A4: MVP by Position | C4: sqlite3.OperationalError: no such column: key ~~~~~~~~~^^^^^^^ c.execute(query) File "C:\Users\mxmei\anaconda3\Lib\site-packages\xlwings\ext\sql.py", line 68, in _sql return _sql(query, *tables) File "C:\Users\mxmei\anaconda3\Lib\site-packages\xlwings\ext\sql.py", line 28, in sql_dynamic ret = func(*args) File "C:\Users\mxmei\anaconda3\Lib\site-packages\xlwings\udfs.py", line 536, in call_udf res = call_udf(script, fname, args, this_workbook, FromVariant(caller)) File "C:\Users\mxmei\anaconda3\Lib\site-packages\xlwings\com_server.py", line 235, in CallUDF return func(*args) File "C:\Users\mxmei\anaconda3\Lib\site-packages\win32com\server\policy.py", line 633, in _invokeex_ ~~~~~~~~~~~~~~~^^^^^^^^^^^^^^^^^^^^^^^^^^^^^^^^^^^^^^^^ return S_OK, -1, self._invokeex_(dispid, lcid, wFlags, args, None, None) File "C:\Users\mxmei\anaconda3\Lib\site-packages\win32com\server\policy.py", line 303, in _invoke_ ~~~~~~~~~~~~~^^^^^^^^^^^^^^^^^^^^^^^^^^^^ return self._invoke_(dispid, lcid, wFlags, args) File "C:\Users\mxmei\anaconda3\Lib\site-packages\win32com\server\policy.py", line 298, in _Invoke_ | D4: sqlite3.OperationalError: no such column: key ~~~~~~~~~^^^^^^^ c.execute(query) File "C:\Users\mxmei\anaconda3\Lib\site-packages\xlwings\ext\sql.py", line 68, in _sql return _sql(query, *tables) File "C:\Users\mxmei\anaconda3\Lib\site-packages\xlwings\ext\sql.py", line 28, in sql_dynamic ret = func(*args) File "C:\Users\mxmei\anaconda3\Lib\site-packages\xlwings\udfs.py", line 536, in call_udf res = call_udf(script, fname, args, this_workbook, FromVariant(caller)) File "C:\Users\mxmei\anaconda3\Lib\site-packages\xlwings\com_server.py", line 235, in CallUDF return func(*args) File "C:\Users\mxmei\anaconda3\Lib\site-packages\win32com\server\policy.py", line 633, in _invokeex_ ~~~~~~~~~~~~~~~^^^^^^^^^^^^^^^^^^^^^^^^^^^^^^^^^^^^^^^^ return S_OK, -1, self._invokeex_(dispid, lcid, wFlags, args, None, None) File "C:\Users\mxmei\anaconda3\Lib\site-packages\win32com\server\policy.py", line 303, in _invoke_ ~~~~~~~~~~~~~^^^^^^^^^^^^^^^^^^^^^^^^^^^^ return self._invoke_(dispid, lcid, wFlags, args) File "C:\Users\mxmei\anaconda3\Lib\site-packages\win32com\server\policy.py", line 298, in _Invoke_ | E4: sqlite3.OperationalError: no such column: key ~~~~~~~~~^^^^^^^ c.execute(query) File "C:\Users\mxmei\anaconda3\Lib\site-packages\xlwings\ext\sql.py", line 68, in _sql return _sql(query, *tables) File "C:\Users\mxmei\anaconda3\Lib\site-packages\xlwings\ext\sql.py", line 28, in sql_dynamic ret = func(*args) File "C:\Users\mxmei\anaconda3\Lib\site-packages\xlwings\udfs.py", line 536, in call_udf res = call_udf(script, fname, args, this_workbook, FromVariant(caller)) File "C:\Users\mxmei\anaconda3\Lib\site-packages\xlwings\com_server.py", line 235, in CallUDF return func(*args) File "C:\Users\mxmei\anaconda3\Lib\site-packages\win32com\server\policy.py", line 633, in _invokeex_ ~~~~~~~~~~~~~~~^^^^^^^^^^^^^^^^^^^^^^^^^^^^^^^^^^^^^^^^ return S_OK, -1, self._invokeex_(dispid, lcid, wFlags, args, None, None) File "C:\Users\mxmei\anaconda3\Lib\site-packages\win32com\server\policy.py", line 303, in _invoke_ ~~~~~~~~~~~~~^^^^^^^^^^^^^^^^^^^^^^^^^^^^ return self._invoke_(dispid, lcid, wFlags, args) File "C:\Users\mxmei\anaconda3\Lib\site-packages\win32com\server\policy.py", line 298, in _Invoke_
B5: SELECT substr(MVP_pos,1,instr(mvp_pos,":")-1) AS Position ,COUNT(mvp_pos) as Count ,CAST(COUNT(mvp_pos) AS DOUBLE) / (SELECT COUNT(*) FROM a) AS Percentage FROM a GROUP BY SUBSTR(MVP_pos,1,INSTR(mvp_pos,":")-1) ORDER BY 2 DESC,1 | C5: sqlite3.OperationalError: no such column: key ~~~~~~~~~^^^^^^^ c.execute(query) File "C:\Users\mxmei\anaconda3\Lib\site-packages\xlwings\ext\sql.py", line 68, in _sql return _sql(query, *tables) File "C:\Users\mxmei\anaconda3\Lib\site-packages\xlwings\ext\sql.py", line 28, in sql_dynamic ret = func(*args) File "C:\Users\mxmei\anaconda3\Lib\site-packages\xlwings\udfs.py", line 536, in call_udf res = call_udf(script, fname, args, this_workbook, FromVariant(caller)) File "C:\Users\mxmei\anaconda3\Lib\site-packages\xlwings\com_server.py", line 235, in CallUDF return func(*args) File "C:\Users\mxmei\anaconda3\Lib\site-packages\win32com\server\policy.py", line 633, in _invokeex_ ~~~~~~~~~~~~~~~^^^^^^^^^^^^^^^^^^^^^^^^^^^^^^^^^^^^^^^^ return S_OK, -1, self._invokeex_(dispid, lcid, wFlags, args, None, None) File "C:\Users\mxmei\anaconda3\Lib\site-packages\win32com\server\policy.py", line 303, in _invoke_ ~~~~~~~~~~~~~^^^^^^^^^^^^^^^^^^^^^^^^^^^^ return self._invoke_(dispid, lcid, wFlags, args) File "C:\Users\mxmei\anaconda3\Lib\site-packages\win32com\server\policy.py", line 298, in _Invoke_ | D5: sqlite3.OperationalError: no such column: key ~~~~~~~~~^^^^^^^ c.execute(query) File "C:\Users\mxmei\anaconda3\Lib\site-packages\xlwings\ext\sql.py", line 68, in _sql return _sql(query, *tables) File "C:\Users\mxmei\anaconda3\Lib\site-packages\xlwings\ext\sql.py", line 28, in sql_dynamic ret = func(*args) File "C:\Users\mxmei\anaconda3\Lib\site-packages\xlwings\udfs.py", line 536, in call_udf res = call_udf(script, fname, args, this_workbook, FromVariant(caller)) File "C:\Users\mxmei\anaconda3\Lib\site-packages\xlwings\com_server.py", line 235, in CallUDF return func(*args) File "C:\Users\mxmei\anaconda3\Lib\site-packages\win32com\server\policy.py", line 633, in _invokeex_ ~~~~~~~~~~~~~~~^^^^^^^^^^^^^^^^^^^^^^^^^^^^^^^^^^^^^^^^ return S_OK, -1, self._invokeex_(dispid, lcid, wFlags, args, None, None) File "C:\Users\mxmei\anaconda3\Lib\site-packages\win32com\server\policy.py", line 303, in _invoke_ ~~~~~~~~~~~~~^^^^^^^^^^^^^^^^^^^^^^^^^^^^ return self._invoke_(dispid, lcid, wFlags, args) File "C:\Users\mxmei\anaconda3\Lib\site-packages\win32com\server\policy.py", line 298, in _Invoke_ | E5: sqlite3.OperationalError: no such column: key ~~~~~~~~~^^^^^^^ c.execute(query) File "C:\Users\mxmei\anaconda3\Lib\site-packages\xlwings\ext\sql.py", line 68, in _sql return _sql(query, *tables) File "C:\Users\mxmei\anaconda3\Lib\site-packages\xlwings\ext\sql.py", line 28, in sql_dynamic ret = func(*args) File "C:\Users\mxmei\anaconda3\Lib\site-packages\xlwings\udfs.py", line 536, in call_udf res = call_udf(script, fname, args, this_workbook, FromVariant(caller)) File "C:\Users\mxmei\anaconda3\Lib\site-packages\xlwings\com_server.py", line 235, in CallUDF return func(*args) File "C:\Users\mxmei\anaconda3\Lib\site-packages\win32com\server\policy.py", line 633, in _invokeex_ ~~~~~~~~~~~~~~~^^^^^^^^^^^^^^^^^^^^^^^^^^^^^^^^^^^^^^^^ return S_OK, -1, self._invokeex_(dispid, lcid, wFlags, args, None, None) File "C:\Users\mxmei\anaconda3\Lib\site-packages\win32com\server\policy.py", line 303, in _invoke_ ~~~~~~~~~~~~~^^^^^^^^^^^^^^^^^^^^^^^^^^^^ return self._invoke_(dispid, lcid, wFlags, args) File "C:\Users\mxmei\anaconda3\Lib\site-packages\win32com\server\policy.py", line 298, in _Invoke_
A6: MVP by Player | C6: sqlite3.OperationalError: no such column: key ~~~~~~~~~^^^^^^^ c.execute(query) File "C:\Users\mxmei\anaconda3\Lib\site-packages\xlwings\ext\sql.py", line 68, in _sql return _sql(query, *tables) File "C:\Users\mxmei\anaconda3\Lib\site-packages\xlwings\ext\sql.py", line 28, in sql_dynamic ret = func(*args) File "C:\Users\mxmei\anaconda3\Lib\site-packages\xlwings\udfs.py", line 536, in call_udf res = call_udf(script, fname, args, this_workbook, FromVariant(caller)) File "C:\Users\mxmei\anaconda3\Lib\site-packages\xlwings\com_server.py", line 235, in CallUDF return func(*args) File "C:\Users\mxmei\anaconda3\Lib\site-packages\win32com\server\policy.py", line 633, in _invokeex_ ~~~~~~~~~~~~~~~^^^^^^^^^^^^^^^^^^^^^^^^^^^^^^^^^^^^^^^^ return S_OK, -1, self._invokeex_(dispid, lcid, wFlags, args, None, None) File "C:\Users\mxmei\anaconda3\Lib\site-packages\win32com\server\policy.py", line 303, in _invoke_ ~~~~~~~~~~~~~^^^^^^^^^^^^^^^^^^^^^^^^^^^^ return self._invoke_(dispid, lcid, wFlags, args) File "C:\Users\mxmei\anaconda3\Lib\site-packages\win32com\server\policy.py", line 298, in _Invoke_ | D6: sqlite3.OperationalError: no such column: key ~~~~~~~~~^^^^^^^ c.execute(query) File "C:\Users\mxmei\anaconda3\Lib\site-packages\xlwings\ext\sql.py", line 68, in _sql return _sql(query, *tables) File "C:\Users\mxmei\anaconda3\Lib\site-packages\xlwings\ext\sql.py", line 28, in sql_dynamic ret = func(*args) File "C:\Users\mxmei\anaconda3\Lib\site-packages\xlwings\udfs.py", line 536, in call_udf res = call_udf(script, fname, args, this_workbook, FromVariant(caller)) File "C:\Users\mxmei\anaconda3\Lib\site-packages\xlwings\com_server.py", line 235, in CallUDF return func(*args) File "C:\Users\mxmei\anaconda3\Lib\site-packages\win32com\server\policy.py", line 633, in _invokeex_ ~~~~~~~~~~~~~~~^^^^^^^^^^^^^^^^^^^^^^^^^^^^^^^^^^^^^^^^ return S_OK, -1, self._invokeex_(dispid, lcid, wFlags, args, None, None) File "C:\Users\mxmei\anaconda3\Lib\site-packages\win32com\server\policy.py", line 303, in _invoke_ ~~~~~~~~~~~~~^^^^^^^^^^^^^^^^^^^^^^^^^^^^ return self._invoke_(dispid, lcid, wFlags, args) File "C:\Users\mxmei\anaconda3\Lib\site-packages\win32com\server\policy.py", line 298, in _Invoke_ | E6: sqlite3.OperationalError: no such column: key ~~~~~~~~~^^^^^^^ c.execute(query) File "C:\Users\mxmei\anaconda3\Lib\site-packages\xlwings\ext\sql.py", line 68, in _sql return _sql(query, *tables) File "C:\Users\mxmei\anaconda3\Lib\site-packages\xlwings\ext\sql.py", line 28, in sql_dynamic ret = func(*args) File "C:\Users\mxmei\anaconda3\Lib\site-packages\xlwings\udfs.py", line 536, in call_udf res = call_udf(script, fname, args, this_workbook, FromVariant(caller)) File "C:\Users\mxmei\anaconda3\Lib\site-packages\xlwings\com_server.py", line 235, in CallUDF return func(*args) File "C:\Users\mxmei\anaconda3\Lib\site-packages\win32com\server\policy.py", line 633, in _invokeex_ ~~~~~~~~~~~~~~~^^^^^^^^^^^^^^^^^^^^^^^^^^^^^^^^^^^^^^^^ return S_OK, -1, self._invokeex_(dispid, lcid, wFlags, args, None, None) File "C:\Users\mxmei\anaconda3\Lib\site-packages\win32com\server\policy.py", line 303, in _invoke_ ~~~~~~~~~~~~~^^^^^^^^^^^^^^^^^^^^^^^^^^^^ return self._invoke_(dispid, lcid, wFlags, args) File "C:\Users\mxmei\anaconda3\Lib\site-packages\win32com\server\policy.py", line 298, in _Invoke_
B7: SELECT mvp_pos AS Player ,COUNT(mvp_pos) AS Count FROM a GROUP BY mvp_pos ORDER BY SUBSTR(mvp_pos,INSTR(mvp_pos,":")+1)
A8: Wins by Team Count
B9: SELECT team_cnt as 'Team Count' ,COUNT(team_cnt) as Count ,CAST(COUNT(team_cnt) AS REAL)/(SELECT COUNT(*) FROM a) AS Percentage FROM a GROUP BY team_cnt ORDER BY 1
B10: SELECT key as Key ,team_cnt as 'Team Count' ,COUNT(*) as Count ,(SELECT COUNT(*) FROM b WHERE a.key = b.key GROUP BY key) AS Total FROM a GROUP BY key,team_cnt HAVING COUNT(*) > 0 ORDER BY 1
B11: SELECT key, COUNT(*) FROM A GROUP BY key
B13: SELECT s_key as "Salary Rank" ,COUNT(s_key) AS "Count(Salary)" FROM a GROUP BY s_key ORDER BY 2 desc, 1
B15: SELECT f_key AS "FPPG Rank" ,COUNT(f_key) AS "Count(FPPG)" FROM a GROUP BY f_key ORDER BY 2 desc, 1
B17: SELECT cast(s_key as INTEGER) || " " ||cast( f_key as INTEGER) ,COUNT(*) FROM a GROUP BY cast(s_key as INTEGER) || cast( f_key as INTEGER) ORDER BY 2 desc, 1

Sheet Sheet1
A1: D | C1: K | E1: QB | G1: RB | J1: TE | L1: WR1 | N1: WR2 | P1: WR3 | R1: WR4
E2: QB:BAL | G2: RB:KC | J2: TE:BAL | L2: WR1:KC | N2: WR2:KC
C3: K:GB | G3: RB:PHI | L3: WR1:PHI | N3: WR2:PHI | P3: WR3:GB
E4: QB:LAR | G4: RB1:DET | H4: RB2:DET | L4: WR1:LAR | N4: WR2:DET
C5: K:SF | G5: RB:NYJ | H5: RB2:SF | L5: WR1:SF | P5: WR3:NYJ
C6: K:ATL | E6: QB:ATL | F6: QB:PHI | L6: WR1:PHI | N6: WR2:ATL
A7: D:BUF | E7: QB:BUF | G7: RB:BUF | H7: RB1:MIA | J7: TE:MIA
A8: D:HOU | C8: K:CHI | D8: K:HOU | E8: QB:HOU | N8: WR2:HOU
E9: QB:BUF | G9: RB:BUF | H9: RB:BUF | N9: WR2:BUF | P9: WR3:JAC
C10: K:KC | E10: QB:KC | L10: WR1:ATL | M10: WR1:KC | N10: WR2:ATL
A11: D:NYJ | E11: QB:NYJ | G11: RB1:NYJ | P11: WR3:NE | Q11: WR3:NYJ
E12: QB:CIN | F12: QB:WAS | G12: RB:WAS | L12: WR1:CIN | M12: WR1:WAS
A13: D:BAL | E13: QB:BAL | F13: RB:BAL | G13: RB:BAL | L13: WR1:BUF
C14: K:KC | E14: QB:KC | G14: RB:KC | N14: WR2:NO | O14: WR3:KC
E15: QB:NYJ | G15: RB:BUF | H15: RB:NYJ | L15: WR1:NYJ | N15: WR2:NYJ
E16: QB:CIN | F16: QB:NYG | G16: RB:CIN | H16: RB:NYG | N16: WR2:NYG
E17: QB:SEA | F17: QB:SF | J17: TE:SF | L17: WR1:SF | P17: WR3:SEA
E18: QB:BAL | F18: QB:TB | G18: RB:TB | J18: TE:BAL | N18: WR2:BAL
A19: D:DEN | C19: K:DEN | E19: QB:DEN | G19: RB:DEN | R19: WR4:NO
E20: QB2:PIT | G20: RB:NYJ | H20: RB:PIT | L20: WR1:PIT | P20: WR3:PIT
C21: K:SF | E21: QB:SF | G21: RB:SF | J21: TE1:SF | L21: WR1:DAL
E22: QB:LAR | G22: RB:LAR | L22: WR1:MIN | P22: WR3:LAR | R22: WR:LAR
A23: D:PIT | G23: RB:PIT | H23: RB2:NYG | P23: WR3:NYG | Q23: WR3:PIT
A24: D:NYJ | E24: QB:NYJ | L24: WR1:HOU | M24: WR1:NYJ | N24: WR2:NYJ
A25: D:IND | E25: QB:MIN | J25: TE:MIN | L25: WR1:MIN | N25: WR2:MIN
E26: QB:KC | G26: RB:KC | H26: RB:KC | J26: TE:TB | L26: WR1:KC
E27: QB:BAL | F27: QB:CIN | J27: TE:BAL | L27: WR1:CIN | R27: WR:BAL
C28: K:HOU | G28: RB:HOU | J28: TE:DET | L28: WR1:DET | R28: WR:HOU
C29: K:LAR | D29: K:MIA | E29: QB:LAR | L29: WR1:LAR | N29: WR2:LAR
E30: QB:PHI | G30: RB:PHI | H30: RB:WAS | I30: RB1:WAS | J30: TE:WAS
E31: QB:CIN | F31: QB:LAC | J31: TE:LAC | L31: WR1:LAC | N31: WR2:CIN
A32: D:HOU | E32: QB:DAL | G32: RB:HOU | L32: WR1:DAL | R32: WR:DAL
E33: QB:CLE | F33: QB:PIT | G33: RB:PIT | H33: RB:CLE | P33: WR3:PIT
C34: K:PHI | E34: QB:LAR | G34: RB:PHI | L34: WR1:PHI | P34: WR3:LAR
C35: K:LAC | E35: QB:BAL | F35: QB:LAC | G35: RB:BAL | J35: TE1:BAL
C36: K:GB | E36: QB:MIA | F36: QB:GB | G36: RB:GB | J36: TE:MIA
E37: QB:KC | F37: QB:LV | J37: TE:LV | L37: WR1:LV | N37: WR2:LV
A38: D:DEN | E38: QB:CLE | J38: TE:CLE | L38: WR1:CLE | R38: WR:DEN
E39: QB:DET | F39: QB:GB | G39: RB1Q:GB | H39: RB2:DET | P39: WR3:DET
C40: K:KC | E40: QB:LAC | F40: QB:KC | L40: WR1:KC | N40: WR2:LAC
E41: QB:CIN | G41: RB:CIN | H41: RB:DAL | J41: TE:CIN | L41: WR1:CIN
A42: D:LAR | C42: K:LAR | G42: RB1:LAR | H42: RB1Q:SF | N42: WR2:LAR
A43: D:ATL | E43: QB:LV | G43: RB:ATL | H43: RB:LV | L43: WR1:ATL
C44: K:MIN | G44: RB:MIN | H44: RB:CHI | L44: WR1:MIN | N44: WR2:CHI
C45: K:DEN | E45: QB:LAC | F45: QB:DEN | G45: RB:LAC | H45: RB:LAC
A46: D:BAL | E46: QB:BAL | G46: RB:BAL | H46: RB:PIT | L46: WR1:BAL
C47: K:DAL | E47: QB:TB | F47: QB:DAL | G47: RB1:TB | N47: WR2:TB
A48: D:GB | C48: K:GB | E48: QB:NO | G48: RB:GB | H48: RB:GB
A49: D:BAL | E49: QB:BAL | G49: RB:BAL | J49: TE:BAL | P49: WR3:HOU
A50: D:SEA | B50: D:CHI | E50: QB:SEA | G50: RB:CHI | L50: WR1:CHI
E51: QB:WAS | G51: RB:ATL | J51: TE:WAS | L51: WR1:ATL | N51: WR2:WAS
E52: QB:SF | F52: QB:DET | J52: TE:DET | N52: WR2:DET | P52: WR3:SF
C53: K:CIN | E53: QB:CIN | G53: RB:PIT | J53: TE:PIT | L53: WR1:CIN
C54: K:MIN | E54: QB:DET | G54: RB:DET | J54: TE:DET | L54: WR1:DET
A55: D:HOU | C55: K:HOU | G55: RB:HOU | L55: WR1:LAC | M55: WR1:HOU
E56: QB:PIT | G56: RB:BAL | H56: RB:BAL | L56: WR1:PIT | N56: WR2:PIT
E57: QB:WAS | G57: RB2:WAS | L57: WR1:TB | M57: WR1:WAS | R57: WR:WAS
A58: D:LAR | E58: QB:MIN | F58: QB:LAR | G58: RB:LAR | J58: TE:MIN
A59: D:KC | E59: QB:HOU | G59: RB:HOU | H59: RB1:KC | J59: TE:KC
A60: D:WAS | E60: QB:WAS | G60: RB:DET | H60: RB1:WAS | P60: WR3:WAS
C61: K:BUF | E61: QB:BUF | F61: QB:BAL | J61: TE2:BAL | L61: WR1:BAL
A63: QB:KC | B63: 5
A64: WR1:KC | B64: 4
A65: QB:BUF | B65: 3
A66: RB:BUF | B66: 3 | C66: 1
A67: RB:KC | B67: 3 | C67: 1
A68: K:KC | B68: 3
A69: TE:KC | B69: 1
A70: WR1:BUF | B70: 1
A71: WR2:KC | B71: 1
A72: WR3:KC | B72: 1
A73: K:BUF | B73: 1
A74: D:BUF | B74: 1
A75: D:KC | B75: 1
A76: WR2:BUF | B76: 1
A77: TE:BUF | B77: 0
A78: WR3:BUF | B78: 0
