Workbook

Sheet DAL - Projections
A1: D | B1: DE/SF | C1: DE/RTD | D1: DE/FRTD | E1: DE/BRTD | F1: DE/XPR | G1: DE/PA0 | H1: DE/PA1-6 | I1: DE/PA7-13 | J1: DE/PA14-20 | K1: DE/PA28-34 | L1: DE/PA35+ | M1: FR | N1: DE/I | O1: S | T1: Game Points | U1: Fantasy Points
A2: D:DAL | G2: =IF('PHI - Projections'!$T$14=0,1,"0") -> 0 | H2: =IF(AND('PHI - Projections'!$T$14>0,'PHI - Projections'!$T$14<7),1,"0") -> 0 | I2: =IF(AND('PHI - Projections'!$T$14>6,'PHI - Projections'!$T$14<14),1,"0") -> 0 | J2: =IF(AND('PHI - Projections'!$T$14>13,'PHI - Projections'!$T$14<21),1,"0") -> 1 | K2: =IF(AND('PHI - Projections'!$T$14>27,'PHI - Projections'!$T$14<35),1,"0") -> 0 | L2: =IF(AND('PHI - Projections'!$T$14>35),1,"0") -> 0 | N2: 1 | O2: 3 | T2: =B2*INDEX('Point Matrix'!$B:$B,MATCH('DAL - Projections'!$B$1,'Point Matrix'!$A:$A,0),1) + C2*INDEX('Point Matrix'!$B:$B,MATCH('DAL - Projections'!$C$1,'Point Matrix'!$A:$A,0),1) + D2*INDEX('Point Matrix'!$B:$B,MATCH('DAL - Projections'!$D$1,'Point Matrix'!$A:$A,0),1) + E2*INDEX('Point Matrix'!$B:$B,MATCH('DAL - Projections'!$E$1,'Point Matrix'!$A:$A,0),1) + F2*INDEX('Point Matrix'!$B:$B,MATCH('DAL - Projections'!$F$1,'Point Matrix'!$A:$A,0),1) -> 0 | U2: =B2*INDEX('Point Matrix'!$B:$B,MATCH('DAL - Projections'!$B$1,'Point Matrix'!$A:$A,0),1) + C2*INDEX('Point Matrix'!$B:$B,MATCH('DAL - Projections'!$C$1,'Point Matrix'!$A:$A,0),1) + D2*INDEX('Point Matrix'!$B:$B,MATCH('DAL - Projections'!$D$1,'Point Matrix'!$A:$A,0),1) + E2*INDEX('Point Matrix'!$B:$B,MATCH('DAL - Projections'!$E$1,'Point Matrix'!$A:$A,0),1) + F2*INDEX('Point Matrix'!$B:$B,MATCH('DAL - Projections'!$F$1,'Point Matrix'!$A:$A,0),1) + G2*INDEX('Point Matrix'!$B:$B,MATCH('DAL - Projections'!$G$1,'Point Matrix'!$A:$A,0),1) + H2*INDEX('Point Matrix'!$B:$B,MATCH('DAL - Projections'!$H$1,'Point Matrix'!$A:$A,0),1) + I2*INDEX('Point Matrix'!$B:$B,MATCH('DAL - Projections'!$I$1,'Point Matrix'!$A:$A,0),1) + J2*INDEX('Point Matrix'!$B:$B,MATCH('DAL - Projections'!$J$1,'Point Matrix'!$A:$A,0),1) + K2*INDEX('Point Matrix'!$B:$B,MATCH('DAL - Projections'!$K$1,'Point Matrix'!$A:$A,0),1) + L2*INDEX('Point Matrix'!$B:$B,MATCH('DAL - Projections'!$L$1,'Point Matrix'!$A:$A,0),1) + M2*INDEX('Point Matrix'!$B:$B,MATCH('DAL - Projections'!$M$1,'Point Matrix'!$A:$A,0),1) + N2*INDEX('Point Matrix'!$B:$B,MATCH('DAL - Projections'!$N$1,'Point Matrix'!$A:$A,0),1) + O2*INDEX('Point Matrix'!$B:$B,MATCH('DAL - Projections'!$O$1,'Point Matrix'!$A:$A,0),1) -> 6
A4: K | B4: FGu20 | C4: FGu30 | D4: FGu40 | E4: FGu50 | F4: FGo50 | G4: XP | H4: 2PC/S | I4: 2PC/P | J4: FU/L
A5: K:DAL | F5: 3 | G5: 2 | T5: =B5*INDEX('Point Matrix'!$C:$C,MATCH('DAL - Projections'!$B$4,'Point Matrix'!$A:$A,0),1) + C5*INDEX('Point Matrix'!$C:$C,MATCH('DAL - Projections'!$C$4,'Point Matrix'!$A:$A,0),1) + D5*INDEX('Point Matrix'!$C:$C,MATCH('DAL - Projections'!$D$4,'Point Matrix'!$A:$A,0),1) + E5*INDEX('Point Matrix'!$C:$C,MATCH('DAL - Projections'!$E$4,'Point Matrix'!$A:$A,0),1) + F5*INDEX('Point Matrix'!$C:$C,MATCH('DAL - Projections'!$F$4,'Point Matrix'!$A:$A,0),1) + G5*INDEX('Point Matrix'!$C:$C,MATCH('DAL - Projections'!$G$4,'Point Matrix'!$A:$A,0),1) -> 11 | U5: =B5*INDEX('Point Matrix'!$B:$B,MATCH('DAL - Projections'!$B$4,'Point Matrix'!$A:$A,0),1) + C5*INDEX('Point Matrix'!$B:$B,MATCH('DAL - Projections'!$C$4,'Point Matrix'!$A:$A,0),1) + D5*INDEX('Point Matrix'!$B:$B,MATCH('DAL - Projections'!$D$4,'Point Matrix'!$A:$A,0),1) + E5*INDEX('Point Matrix'!$B:$B,MATCH('DAL - Projections'!$E$4,'Point Matrix'!$A:$A,0),1) + F5*INDEX('Point Matrix'!$B:$B,MATCH('DAL - Projections'!$F$4,'Point Matrix'!$A:$A,0),1) + G5*INDEX('Point Matrix'!$B:$B,MATCH('DAL - Projections'!$G$4,'Point Matrix'!$A:$A,0),1) + H5*INDEX('Point Matrix'!$B:$B,MATCH('DAL - Projections'!$H$4,'Point Matrix'!$A:$A,0),1) + I5*INDEX('Point Matrix'!$B:$B,MATCH('DAL - Projections'!$I$4,'Point Matrix'!$A:$A,0),1) + J5*INDEX('Point Matrix'!$B:$B,MATCH('DAL - Projections'!$J$4,'Point Matrix'!$A:$A,0),1) -> 17
A7: FLEX | B7: RuTD | C7: ReTD | D7: FU/TD | E7: KR/TD | F7: PR/TD | G7: 2PC/S | H7: PaY | I7: PaTD | J7: 300+ PaY Gm | K7: I | L7: RuY | M7: 100+ RuY GM | N7: Re | O7: ReY | P7: 100+ ReY GM | Q7: 2PC/P | R7: FR | S7: FU/L
A8: QB:DAL | H8: 325 | I8: 2 | J8: =IF(H8>=300,1,0) -> 1 | K8: 1 | M8: =IF(L8>=100,1,0) -> 0 | P8: =IF(O8>=100,1,0) -> 0 | T8: =B8*INDEX('Point Matrix'!$B:$B,MATCH('DAL - Projections'!$B$7,'Point Matrix'!$A:$A,0),1) + C8*INDEX('Point Matrix'!$B:$B,MATCH('DAL - Projections'!$C$7,'Point Matrix'!$A:$A,0),1) + D8*INDEX('Point Matrix'!$B:$B,MATCH('DAL - Projections'!$D$7,'Point Matrix'!$A:$A,0),1) + E8*INDEX('Point Matrix'!$B:$B,MATCH('DAL - Projections'!$E$7,'Point Matrix'!$A:$A,0),1) + F8*INDEX('Point Matrix'!$B:$B,MATCH('DAL - Projections'!$F$7,'Point Matrix'!$A:$A,0),1) + G8*INDEX('Point Matrix'!$B:$B,MATCH('DAL - Projections'!$G$7,'Point Matrix'!$A:$A,0),1) -> 0 | U8: =B8*INDEX('Point Matrix'!$B:$B,MATCH('DAL - Projections'!$B$7,'Point Matrix'!$A:$A,0),1) + C8*INDEX('Point Matrix'!$B:$B,MATCH('DAL - Projections'!$C$7,'Point Matrix'!$A:$A,0),1) + D8*INDEX('Point Matrix'!$B:$B,MATCH('DAL - Projections'!$D$7,'Point Matrix'!$A:$A,0),1) + E8*INDEX('Point Matrix'!$B:$B,MATCH('DAL - Projections'!$E$7,'Point Matrix'!$A:$A,0),1) + F8*INDEX('Point Matrix'!$B:$B,MATCH('DAL - Projections'!$F$7,'Point Matrix'!$A:$A,0),1) + G8*INDEX('Point Matrix'!$B:$B,MATCH('DAL - Projections'!$G$7,'Point Matrix'!$A:$A,0),1) + H8*INDEX('Point Matrix'!$B:$B,MATCH('DAL - Projections'!$H$7,'Point Matrix'!$A:$A,0),1) + I8*INDEX('Point Matrix'!$B:$B,MATCH('DAL - Projections'!$I$7,'Point Matrix'!$A:$A,0),1) + J8*INDEX('Point Matrix'!$B:$B,MATCH('DAL - Projections'!$J$7,'Point Matrix'!$A:$A,0),1) + K8*INDEX('Point Matrix'!$B:$B,MATCH('DAL - Projections'!$K$7,'Point Matrix'!$A:$A,0),1) + L8*INDEX('Point Matrix'!$B:$B,MATCH('DAL - Projections'!$L$7,'Point Matrix'!$A:$A,0),1) + M8*INDEX('Point Matrix'!$B:$B,MATCH('DAL - Projections'!$M$7,'Point Matrix'!$A:$A,0),1) + N8*INDEX('Point Matrix'!$B:$B,MATCH('DAL - Projections'!$N$7,'Point Matrix'!$A:$A,0),1) + O8*INDEX('Point Matrix'!$B:$B,MATCH('DAL - Projections'!$O$7,'Point Matrix'!$A:$A,0),1) + P8*INDEX('Point Matrix'!$B:$B,MATCH('DAL - Projections'!$P$7,'Point Matrix'!$A:$A,0),1) + Q8*INDEX('Point Matrix'!$B:$B,MATCH('DAL - Projections'!$Q$7,'Point Matrix'!$A:$A,0),1) + R8*INDEX('Point Matrix'!$B:$B,MATCH('DAL - Projections'!$R$7,'Point Matrix'!$A:$A,0),1) + S8*INDEX('Point Matrix'!$B:$B,MATCH('DAL - Projections'!$S$7,'Point Matrix'!$A:$A,0),1) -> 23
A9: RB:DAL | J9: =IF(H9>=300,1,0) -> 0 | L9: 65 | M9: =IF(L9>=100,1,0) -> 0 | N9: 1 | O9: 5 | P9: =IF(O9>=100,1,0) -> 0 | T9: =B9*INDEX('Point Matrix'!$B:$B,MATCH('DAL - Projections'!$B$7,'Point Matrix'!$A:$A,0),1) + C9*INDEX('Point Matrix'!$B:$B,MATCH('DAL - Projections'!$C$7,'Point Matrix'!$A:$A,0),1) + D9*INDEX('Point Matrix'!$B:$B,MATCH('DAL - Projections'!$D$7,'Point Matrix'!$A:$A,0),1) + E9*INDEX('Point Matrix'!$B:$B,MATCH('DAL - Projections'!$E$7,'Point Matrix'!$A:$A,0),1) + F9*INDEX('Point Matrix'!$B:$B,MATCH('DAL - Projections'!$F$7,'Point Matrix'!$A:$A,0),1) + G9*INDEX('Point Matrix'!$B:$B,MATCH('DAL - Projections'!$G$7,'Point Matrix'!$A:$A,0),1) -> 0 | U9: =B9*INDEX('Point Matrix'!$B:$B,MATCH('DAL - Projections'!$B$7,'Point Matrix'!$A:$A,0),1) + C9*INDEX('Point Matrix'!$B:$B,MATCH('DAL - Projections'!$C$7,'Point Matrix'!$A:$A,0),1) + D9*INDEX('Point Matrix'!$B:$B,MATCH('DAL - Projections'!$D$7,'Point Matrix'!$A:$A,0),1) + E9*INDEX('Point Matrix'!$B:$B,MATCH('DAL - Projections'!$E$7,'Point Matrix'!$A:$A,0),1) + F9*INDEX('Point Matrix'!$B:$B,MATCH('DAL - Projections'!$F$7,'Point Matrix'!$A:$A,0),1) + G9*INDEX('Point Matrix'!$B:$B,MATCH('DAL - Projections'!$G$7,'Point Matrix'!$A:$A,0),1) + H9*INDEX('Point Matrix'!$B:$B,MATCH('DAL - Projections'!$H$7,'Point Matrix'!$A:$A,0),1) + I9*INDEX('Point Matrix'!$B:$B,MATCH('DAL - Projections'!$I$7,'Point Matrix'!$A:$A,0),1) + J9*INDEX('Point Matrix'!$B:$B,MATCH('DAL - Projections'!$J$7,'Point Matrix'!$A:$A,0),1) + K9*INDEX('Point Matrix'!$B:$B,MATCH('DAL - Projections'!$K$7,'Point Matrix'!$A:$A,0),1) + L9*INDEX('Point Matrix'!$B:$B,MATCH('DAL - Projections'!$L$7,'Point Matrix'!$A:$A,0),1) + M9*INDEX('Point Matrix'!$B:$B,MATCH('DAL - Projections'!$M$7,'Point Matrix'!$A:$A,0),1) + N9*INDEX('Point Matrix'!$B:$B,MATCH('DAL - Projections'!$N$7,'Point Matrix'!$A:$A,0),1) + O9*INDEX('Point Matrix'!$B:$B,MATCH('DAL - Projections'!$O$7,'Point Matrix'!$A:$A,0),1) + P9*INDEX('Point Matrix'!$B:$B,MATCH('DAL - Projections'!$P$7,'Point Matrix'!$A:$A,0),1) + Q9*INDEX('Point Matrix'!$B:$B,MATCH('DAL - Projections'!$Q$7,'Point Matrix'!$A:$A,0),1) + R9*INDEX('Point Matrix'!$B:$B,MATCH('DAL - Projections'!$R$7,'Point Matrix'!$A:$A,0),1) + S9*INDEX('Point Matrix'!$B:$B,MATCH('DAL - Projections'!$S$7,'Point Matrix'!$A:$A,0),1) -> 7.5
A10: TE:DAL | J10: =IF(H10>=300,1,0) -> 0 | M10: =IF(L10>=100,1,0) -> 0 | N10: 2 | O10: 35 | P10: =IF(O10>=100,1,0) -> 0 | T10: =B10*INDEX('Point Matrix'!$B:$B,MATCH('DAL - Projections'!$B$7,'Point Matrix'!$A:$A,0),1) + C10*INDEX('Point Matrix'!$B:$B,MATCH('DAL - Projections'!$C$7,'Point Matrix'!$A:$A,0),1) + D10*INDEX('Point Matrix'!$B:$B,MATCH('DAL - Projections'!$D$7,'Point Matrix'!$A:$A,0),1) + E10*INDEX('Point Matrix'!$B:$B,MATCH('DAL - Projections'!$E$7,'Point Matrix'!$A:$A,0),1) + F10*INDEX('Point Matrix'!$B:$B,MATCH('DAL - Projections'!$F$7,'Point Matrix'!$A:$A,0),1) + G10*INDEX('Point Matrix'!$B:$B,MATCH('DAL - Projections'!$G$7,'Point Matrix'!$A:$A,0),1) -> 0 | U10: =B10*INDEX('Point Matrix'!$B:$B,MATCH('DAL - Projections'!$B$7,'Point Matrix'!$A:$A,0),1) + C10*INDEX('Point Matrix'!$B:$B,MATCH('DAL - Projections'!$C$7,'Point Matrix'!$A:$A,0),1) + D10*INDEX('Point Matrix'!$B:$B,MATCH('DAL - Projections'!$D$7,'Point Matrix'!$A:$A,0),1) + E10*INDEX('Point Matrix'!$B:$B,MATCH('DAL - Projections'!$E$7,'Point Matrix'!$A:$A,0),1) + F10*INDEX('Point Matrix'!$B:$B,MATCH('DAL - Projections'!$F$7,'Point Matrix'!$A:$A,0),1) + G10*INDEX('Point Matrix'!$B:$B,MATCH('DAL - Projections'!$G$7,'Point Matrix'!$A:$A,0),1) + H10*INDEX('Point Matrix'!$B:$B,MATCH('DAL - Projections'!$H$7,'Point Matrix'!$A:$A,0),1) + I10*INDEX('Point Matrix'!$B:$B,MATCH('DAL - Projections'!$I$7,'Point Matrix'!$A:$A,0),1) + J10*INDEX('Point Matrix'!$B:$B,MATCH('DAL - Projections'!$J$7,'Point Matrix'!$A:$A,0),1) + K10*INDEX('Point Matrix'!$B:$B,MATCH('DAL - Projections'!$K$7,'Point Matrix'!$A:$A,0),1) + L10*INDEX('Point Matrix'!$B:$B,MATCH('DAL - Projections'!$L$7,'Point Matrix'!$A:$A,0),1) + M10*INDEX('Point Matrix'!$B:$B,MATCH('DAL - Projections'!$M$7,'Point Matrix'!$A:$A,0),1) + N10*INDEX('Point Matrix'!$B:$B,MATCH('DAL - Projections'!$N$7,'Point Matrix'!$A:$A,0),1) + O10*INDEX('Point Matrix'!$B:$B,MATCH('DAL - Projections'!$O$7,'Point Matrix'!$A:$A,0),1) + P10*INDEX('Point Matrix'!$B:$B,MATCH('DAL - Projections'!$P$7,'Point Matrix'!$A:$A,0),1) + Q10*INDEX('Point Matrix'!$B:$B,MATCH('DAL - Projections'!$Q$7,'Point Matrix'!$A:$A,0),1) + R10*INDEX('Point Matrix'!$B:$B,MATCH('DAL - Projections'!$R$7,'Point Matrix'!$A:$A,0),1) + S10*INDEX('Point Matrix'!$B:$B,MATCH('DAL - Projections'!$S$7,'Point Matrix'!$A:$A,0),1) -> 4.5
A11: WR1:DAL | C11: 2 | J11: =IF(H11>=300,1,0) -> 0 | M11: =IF(L11>=100,1,0) -> 0 | N11: 10 | O11: 165 | P11: =IF(O11>=100,1,0) -> 1 | T11: =B11*INDEX('Point Matrix'!$B:$B,MATCH('DAL - Projections'!$B$7,'Point Matrix'!$A:$A,0),1) + C11*INDEX('Point Matrix'!$B:$B,MATCH('DAL - Projections'!$C$7,'Point Matrix'!$A:$A,0),1) + D11*INDEX('Point Matrix'!$B:$B,MATCH('DAL - Projections'!$D$7,'Point Matrix'!$A:$A,0),1) + E11*INDEX('Point Matrix'!$B:$B,MATCH('DAL - Projections'!$E$7,'Point Matrix'!$A:$A,0),1) + F11*INDEX('Point Matrix'!$B:$B,MATCH('DAL - Projections'!$F$7,'Point Matrix'!$A:$A,0),1) + G11*INDEX('Point Matrix'!$B:$B,MATCH('DAL - Projections'!$G$7,'Point Matrix'!$A:$A,0),1) -> 12 | U11: =B11*INDEX('Point Matrix'!$B:$B,MATCH('DAL - Projections'!$B$7,'Point Matrix'!$A:$A,0),1) + C11*INDEX('Point Matrix'!$B:$B,MATCH('DAL - Projections'!$C$7,'Point Matrix'!$A:$A,0),1) + D11*INDEX('Point Matrix'!$B:$B,MATCH('DAL - Projections'!$D$7,'Point Matrix'!$A:$A,0),1) + E11*INDEX('Point Matrix'!$B:$B,MATCH('DAL - Projections'!$E$7,'Point Matrix'!$A:$A,0),1) + F11*INDEX('Point Matrix'!$B:$B,MATCH('DAL - Projections'!$F$7,'Point Matrix'!$A:$A,0),1) + G11*INDEX('Point Matrix'!$B:$B,MATCH('DAL - Projections'!$G$7,'Point Matrix'!$A:$A,0),1) + H11*INDEX('Point Matrix'!$B:$B,MATCH('DAL - Projections'!$H$7,'Point Matrix'!$A:$A,0),1) + I11*INDEX('Point Matrix'!$B:$B,MATCH('DAL - Projections'!$I$7,'Point Matrix'!$A:$A,0),1) + J11*INDEX('Point Matrix'!$B:$B,MATCH('DAL - Projections'!$J$7,'Point Matrix'!$A:$A,0),1) + K11*INDEX('Point Matrix'!$B:$B,MATCH('DAL - Projections'!$K$7,'Point Matrix'!$A:$A,0),1) + L11*INDEX('Point Matrix'!$B:$B,MATCH('DAL - Projections'!$L$7,'Point Matrix'!$A:$A,0),1) + M11*INDEX('Point Matrix'!$B:$B,MATCH('DAL - Projections'!$M$7,'Point Matrix'!$A:$A,0),1) + N11*INDEX('Point Matrix'!$B:$B,MATCH('DAL - Projections'!$N$7,'Point Matrix'!$A:$A,0),1) + O11*INDEX('Point Matrix'!$B:$B,MATCH('DAL - Projections'!$O$7,'Point Matrix'!$A:$A,0),1) + P11*INDEX('Point Matrix'!$B:$B,MATCH('DAL - Projections'!$P$7,'Point Matrix'!$A:$A,0),1) + Q11*INDEX('Point Matrix'!$B:$B,MATCH('DAL - Projections'!$Q$7,'Point Matrix'!$A:$A,0),1) + R11*INDEX('Point Matrix'!$B:$B,MATCH('DAL - Projections'!$R$7,'Point Matrix'!$A:$A,0),1) + S11*INDEX('Point Matrix'!$B:$B,MATCH('DAL - Projections'!$S$7,'Point Matrix'!$A:$A,0),1) -> 36.5
A12: WR2:DAL | J12: =IF(H12>=300,1,0) -> 0 | M12: =IF(L12>=100,1,0) -> 0 | N12: 3 | O12: 60 | P12: =IF(O12>=100,1,0) -> 0 | T12: =B12*INDEX('Point Matrix'!$B:$B,MATCH('DAL - Projections'!$B$7,'Point Matrix'!$A:$A,0),1) + C12*INDEX('Point Matrix'!$B:$B,MATCH('DAL - Projections'!$C$7,'Point Matrix'!$A:$A,0),1) + D12*INDEX('Point Matrix'!$B:$B,MATCH('DAL - Projections'!$D$7,'Point Matrix'!$A:$A,0),1) + E12*INDEX('Point Matrix'!$B:$B,MATCH('DAL - Projections'!$E$7,'Point Matrix'!$A:$A,0),1) + F12*INDEX('Point Matrix'!$B:$B,MATCH('DAL - Projections'!$F$7,'Point Matrix'!$A:$A,0),1) + G12*INDEX('Point Matrix'!$B:$B,MATCH('DAL - Projections'!$G$7,'Point Matrix'!$A:$A,0),1) -> 0 | U12: =B12*INDEX('Point Matrix'!$B:$B,MATCH('DAL - Projections'!$B$7,'Point Matrix'!$A:$A,0),1) + C12*INDEX('Point Matrix'!$B:$B,MATCH('DAL - Projections'!$C$7,'Point Matrix'!$A:$A,0),1) + D12*INDEX('Point Matrix'!$B:$B,MATCH('DAL - Projections'!$D$7,'Point Matrix'!$A:$A,0),1) + E12*INDEX('Point Matrix'!$B:$B,MATCH('DAL - Projections'!$E$7,'Point Matrix'!$A:$A,0),1) + F12*INDEX('Point Matrix'!$B:$B,MATCH('DAL - Projections'!$F$7,'Point Matrix'!$A:$A,0),1) + G12*INDEX('Point Matrix'!$B:$B,MATCH('DAL - Projections'!$G$7,'Point Matrix'!$A:$A,0),1) + H12*INDEX('Point Matrix'!$B:$B,MATCH('DAL - Projections'!$H$7,'Point Matrix'!$A:$A,0),1) + I12*INDEX('Point Matrix'!$B:$B,MATCH('DAL - Projections'!$I$7,'Point Matrix'!$A:$A,0),1) + J12*INDEX('Point Matrix'!$B:$B,MATCH('DAL - Projections'!$J$7,'Point Matrix'!$A:$A,0),1) + K12*INDEX('Point Matrix'!$B:$B,MATCH('DAL - Projections'!$K$7,'Point Matrix'!$A:$A,0),1) + L12*INDEX('Point Matrix'!$B:$B,MATCH('DAL - Projections'!$L$7,'Point Matrix'!$A:$A,0),1) + M12*INDEX('Point Matrix'!$B:$B,MATCH('DAL - Projections'!$M$7,'Point Matrix'!$A:$A,0),1) + N12*INDEX('Point Matrix'!$B:$B,MATCH('DAL - Projections'!$N$7,'Point Matrix'!$A:$A,0),1) + O12*INDEX('Point Matrix'!$B:$B,MATCH('DAL - Projections'!$O$7,'Point Matrix'!$A:$A,0),1) + P12*INDEX('Point Matrix'!$B:$B,MATCH('DAL - Projections'!$P$7,'Point Matrix'!$A:$A,0),1) + Q12*INDEX('Point Matrix'!$B:$B,MATCH('DAL - Projections'!$Q$7,'Point Matrix'!$A:$A,0),1) + R12*INDEX('Point Matrix'!$B:$B,MATCH('DAL - Projections'!$R$7,'Point Matrix'!$A:$A,0),1) + S12*INDEX('Point Matrix'!$B:$B,MATCH('DAL - Projections'!$S$7,'Point Matrix'!$A:$A,0),1) -> 7.5
A13: WR3:DAL | J13: =IF(H13>=300,1,0) -> 0 | M13: =IF(L13>=100,1,0) -> 0 | N13: 3 | O13: 60 | P13: =IF(O13>=100,1,0) -> 0 | T13: =B13*INDEX('Point Matrix'!$B:$B,MATCH('DAL - Projections'!$B$7,'Point Matrix'!$A:$A,0),1) + C13*INDEX('Point Matrix'!$B:$B,MATCH('DAL - Projections'!$C$7,'Point Matrix'!$A:$A,0),1) + D13*INDEX('Point Matrix'!$B:$B,MATCH('DAL - Projections'!$D$7,'Point Matrix'!$A:$A,0),1) + E13*INDEX('Point Matrix'!$B:$B,MATCH('DAL - Projections'!$E$7,'Point Matrix'!$A:$A,0),1) + F13*INDEX('Point Matrix'!$B:$B,MATCH('DAL - Projections'!$F$7,'Point Matrix'!$A:$A,0),1) + G13*INDEX('Point Matrix'!$B:$B,MATCH('DAL - Projections'!$G$7,'Point Matrix'!$A:$A,0),1) -> 0 | U13: =B13*INDEX('Point Matrix'!$B:$B,MATCH('DAL - Projections'!$B$7,'Point Matrix'!$A:$A,0),1) + C13*INDEX('Point Matrix'!$B:$B,MATCH('DAL - Projections'!$C$7,'Point Matrix'!$A:$A,0),1) + D13*INDEX('Point Matrix'!$B:$B,MATCH('DAL - Projections'!$D$7,'Point Matrix'!$A:$A,0),1) + E13*INDEX('Point Matrix'!$B:$B,MATCH('DAL - Projections'!$E$7,'Point Matrix'!$A:$A,0),1) + F13*INDEX('Point Matrix'!$B:$B,MATCH('DAL - Projections'!$F$7,'Point Matrix'!$A:$A,0),1) + G13*INDEX('Point Matrix'!$B:$B,MATCH('DAL - Projections'!$G$7,'Point Matrix'!$A:$A,0),1) + H13*INDEX('Point Matrix'!$B:$B,MATCH('DAL - Projections'!$H$7,'Point Matrix'!$A:$A,0),1) + I13*INDEX('Point Matrix'!$B:$B,MATCH('DAL - Projections'!$I$7,'Point Matrix'!$A:$A,0),1) + J13*INDEX('Point Matrix'!$B:$B,MATCH('DAL - Projections'!$J$7,'Point Matrix'!$A:$A,0),1) + K13*INDEX('Point Matrix'!$B:$B,MATCH('DAL - Projections'!$K$7,'Point Matrix'!$A:$A,0),1) + L13*INDEX('Point Matrix'!$B:$B,MATCH('DAL - Projections'!$L$7,'Point Matrix'!$A:$A,0),1) + M13*INDEX('Point Matrix'!$B:$B,MATCH('DAL - Projections'!$M$7,'Point Matrix'!$A:$A,0),1) + N13*INDEX('Point Matrix'!$B:$B,MATCH('DAL - Projections'!$N$7,'Point Matrix'!$A:$A,0),1) + O13*INDEX('Point Matrix'!$B:$B,MATCH('DAL - Projections'!$O$7,'Point Matrix'!$A:$A,0),1) + P13*INDEX('Point Matrix'!$B:$B,MATCH('DAL - Projections'!$P$7,'Point Matrix'!$A:$A,0),1) + Q13*INDEX('Point Matrix'!$B:$B,MATCH('DAL - Projections'!$Q$7,'Point Matrix'!$A:$A,0),1) + R13*INDEX('Point Matrix'!$B:$B,MATCH('DAL - Projections'!$R$7,'Point Matrix'!$A:$A,0),1) + S13*INDEX('Point Matrix'!$B:$B,MATCH('DAL - Projections'!$S$7,'Point Matrix'!$A:$A,0),1) -> 7.5
A14: TOTALS | T14: =SUM(T2:T13) -> 23 | U14: =SUM(U2:U13) -> 109.5

Sheet PHI - Projections
A1: D | B1: DE/SF | C1: DE/RTD | D1: DE/FRTD | E1: DE/BRTD | F1: DE/XPR | G1: DE/PA0 | H1: DE/PA1-6 | I1: DE/PA7-13 | J1: DE/PA14-20 | K1: DE/PA28-34 | L1: DE/PA35+ | M1: FR | N1: DE/I | O1: S | T1: Game Points | U1: Fantasy Points
A2: D:PHI | G2: =IF('DAL - Projections'!$T$14=0,1,"0") -> 0 | H2: =IF(AND('DAL - Projections'!$T$14>0,'DAL - Projections'!$T$14<7),1,"0") -> 0 | I2: =IF(AND('DAL - Projections'!$T$14>6,'DAL - Projections'!$T$14<14),1,"0") -> 0 | J2: =IF(AND('DAL - Projections'!$T$14>13,'DAL - Projections'!$T$14<21),1,"0") -> 0 | K2: =IF(AND('DAL - Projections'!$T$14>27,'DAL - Projections'!$T$14<35),1,"0") -> 0 | L2: =IF('DAL - Projections'!$T$14>35,1,"0") -> 0 | N2: 1 | O2: 3 | T2: =B2*INDEX('Point Matrix'!$B:$B,MATCH('PHI - Projections'!$B$1,'Point Matrix'!$A:$A,0),1) + C2*INDEX('Point Matrix'!$B:$B,MATCH('PHI - Projections'!$C$1,'Point Matrix'!$A:$A,0),1) + D2*INDEX('Point Matrix'!$B:$B,MATCH('PHI - Projections'!$D$1,'Point Matrix'!$A:$A,0),1) + E2*INDEX('Point Matrix'!$B:$B,MATCH('PHI - Projections'!$E$1,'Point Matrix'!$A:$A,0),1) + F2*INDEX('Point Matrix'!$B:$B,MATCH('PHI - Projections'!$F$1,'Point Matrix'!$A:$A,0),1) -> 0 | U2: =B2*INDEX('Point Matrix'!$B:$B,MATCH('PHI - Projections'!$B$1,'Point Matrix'!$A:$A,0),1) + C2*INDEX('Point Matrix'!$B:$B,MATCH('PHI - Projections'!$C$1,'Point Matrix'!$A:$A,0),1) + D2*INDEX('Point Matrix'!$B:$B,MATCH('PHI - Projections'!$D$1,'Point Matrix'!$A:$A,0),1) + E2*INDEX('Point Matrix'!$B:$B,MATCH('PHI - Projections'!$E$1,'Point Matrix'!$A:$A,0),1) + F2*INDEX('Point Matrix'!$B:$B,MATCH('PHI - Projections'!$F$1,'Point Matrix'!$A:$A,0),1) + G2*INDEX('Point Matrix'!$B:$B,MATCH('PHI - Projections'!$G$1,'Point Matrix'!$A:$A,0),1) + H2*INDEX('Point Matrix'!$B:$B,MATCH('PHI - Projections'!$H$1,'Point Matrix'!$A:$A,0),1) + I2*INDEX('Point Matrix'!$B:$B,MATCH('PHI - Projections'!$I$1,'Point Matrix'!$A:$A,0),1) + J2*INDEX('Point Matrix'!$B:$B,MATCH('PHI - Projections'!$J$1,'Point Matrix'!$A:$A,0),1) + K2*INDEX('Point Matrix'!$B:$B,MATCH('PHI - Projections'!$K$1,'Point Matrix'!$A:$A,0),1) + L2*INDEX('Point Matrix'!$B:$B,MATCH('PHI - Projections'!$L$1,'Point Matrix'!$A:$A,0),1) + M2*INDEX('Point Matrix'!$B:$B,MATCH('PHI - Projections'!$M$1,'Point Matrix'!$A:$A,0),1) + N2*INDEX('Point Matrix'!$B:$B,MATCH('PHI - Projections'!$N$1,'Point Matrix'!$A:$A,0),1) + O2*INDEX('Point Matrix'!$B:$B,MATCH('PHI - Projections'!$O$1,'Point Matrix'!$A:$A,0),1) -> 5
A4: K | B4: FGu20 | C4: FGu30 | D4: FGu40 | E4: FGu50 | F4: FGo50 | G4: XP | H4: 2PC/S | I4: 2PC/P | J4: FU/L
A5: K:PHI | G5: 4 | T5: =B5*INDEX('Point Matrix'!$C:$C,MATCH('PHI - Projections'!$B$4,'Point Matrix'!$A:$A,0),1) + C5*INDEX('Point Matrix'!$C:$C,MATCH('PHI - Projections'!$C$4,'Point Matrix'!$A:$A,0),1) + D5*INDEX('Point Matrix'!$C:$C,MATCH('PHI - Projections'!$D$4,'Point Matrix'!$A:$A,0),1) + E5*INDEX('Point Matrix'!$C:$C,MATCH('PHI - Projections'!$E$4,'Point Matrix'!$A:$A,0),1) + F5*INDEX('Point Matrix'!$C:$C,MATCH('PHI - Projections'!$F$4,'Point Matrix'!$A:$A,0),1) + G5*INDEX('Point Matrix'!$C:$C,MATCH('PHI - Projections'!$G$4,'Point Matrix'!$A:$A,0),1) + H5*INDEX('Point Matrix'!$C:$C,MATCH('PHI - Projections'!$H$4,'Point Matrix'!$A:$A,0),1) -> 4 | U5: =B5*INDEX('Point Matrix'!$B:$B,MATCH('PHI - Projections'!$B$4,'Point Matrix'!$A:$A,0),1) + C5*INDEX('Point Matrix'!$B:$B,MATCH('PHI - Projections'!$C$4,'Point Matrix'!$A:$A,0),1) + D5*INDEX('Point Matrix'!$B:$B,MATCH('PHI - Projections'!$D$4,'Point Matrix'!$A:$A,0),1) + E5*INDEX('Point Matrix'!$B:$B,MATCH('PHI - Projections'!$E$4,'Point Matrix'!$A:$A,0),1) + F5*INDEX('Point Matrix'!$B:$B,MATCH('PHI - Projections'!$F$4,'Point Matrix'!$A:$A,0),1) + G5*INDEX('Point Matrix'!$B:$B,MATCH('PHI - Projections'!$G$4,'Point Matrix'!$A:$A,0),1) + H5*INDEX('Point Matrix'!$B:$B,MATCH('PHI - Projections'!$H$4,'Point Matrix'!$A:$A,0),1) + I5*INDEX('Point Matrix'!$B:$B,MATCH('PHI - Projections'!$I$4,'Point Matrix'!$A:$A,0),1) + J5*INDEX('Point Matrix'!$B:$B,MATCH('PHI - Projections'!$J$4,'Point Matrix'!$A:$A,0),1) -> 4
A7: FLEX | B7: RuTD | C7: ReTD | D7: FU/TD | E7: KR/TD | F7: PR/TD | G7: 2PC/S | H7: PaY | I7: PaTD | J7: 300+ PaY Gm | K7: I | L7: RuY | M7: 100+ RuY GM | N7: Re | O7: ReY | P7: 100+ ReY GM | Q7: 2PC/P | R7: FR | S7: FU/L
A8: QB:PHI | H8: 257 | I8: 3 | J8: =IF(H8>=300,1,0) -> 0 | K8: 2 | L8: 25 | M8: =IF(L8>=100,1,0) -> 0 | P8: =IF(O8>=100,1,0) -> 0 | Q8: 2 | S8: 1 | T8: =B8*INDEX('Point Matrix'!$B:$B,MATCH('PHI - Projections'!$B$7,'Point Matrix'!$A:$A,0),1) + C8*INDEX('Point Matrix'!$B:$B,MATCH('PHI - Projections'!$C$7,'Point Matrix'!$A:$A,0),1) + D8*INDEX('Point Matrix'!$B:$B,MATCH('PHI - Projections'!$D$7,'Point Matrix'!$A:$A,0),1) + E8*INDEX('Point Matrix'!$B:$B,MATCH('PHI - Projections'!$E$7,'Point Matrix'!$A:$A,0),1) + F8*INDEX('Point Matrix'!$B:$B,MATCH('PHI - Projections'!$F$7,'Point Matrix'!$A:$A,0),1) + G8*INDEX('Point Matrix'!$B:$B,MATCH('PHI - Projections'!$G$7,'Point Matrix'!$A:$A,0),1) -> 0 | U8: =B8*INDEX('Point Matrix'!$B:$B,MATCH('PHI - Projections'!$B$7,'Point Matrix'!$A:$A,0),1) + C8*INDEX('Point Matrix'!$B:$B,MATCH('PHI - Projections'!$C$7,'Point Matrix'!$A:$A,0),1) + D8*INDEX('Point Matrix'!$B:$B,MATCH('PHI - Projections'!$D$7,'Point Matrix'!$A:$A,0),1) + E8*INDEX('Point Matrix'!$B:$B,MATCH('PHI - Projections'!$E$7,'Point Matrix'!$A:$A,0),1) + F8*INDEX('Point Matrix'!$B:$B,MATCH('PHI - Projections'!$F$7,'Point Matrix'!$A:$A,0),1) + G8*INDEX('Point Matrix'!$B:$B,MATCH('PHI - Projections'!$G$7,'Point Matrix'!$A:$A,0),1) + H8*INDEX('Point Matrix'!$B:$B,MATCH('PHI - Projections'!$H$7,'Point Matrix'!$A:$A,0),1) + I8*INDEX('Point Matrix'!$B:$B,MATCH('PHI - Projections'!$I$7,'Point Matrix'!$A:$A,0),1) + J8*INDEX('Point Matrix'!$B:$B,MATCH('PHI - Projections'!$J$7,'Point Matrix'!$A:$A,0),1) + K8*INDEX('Point Matrix'!$B:$B,MATCH('PHI - Projections'!$K$7,'Point Matrix'!$A:$A,0),1) + L8*INDEX('Point Matrix'!$B:$B,MATCH('PHI - Projections'!$L$7,'Point Matrix'!$A:$A,0),1) + M8*INDEX('Point Matrix'!$B:$B,MATCH('PHI - Projections'!$M$7,'Point Matrix'!$A:$A,0),1) + N8*INDEX('Point Matrix'!$B:$B,MATCH('PHI - Projections'!$N$7,'Point Matrix'!$A:$A,0),1) + O8*INDEX('Point Matrix'!$B:$B,MATCH('PHI - Projections'!$O$7,'Point Matrix'!$A:$A,0),1) + P8*INDEX('Point Matrix'!$B:$B,MATCH('PHI - Projections'!$P$7,'Point Matrix'!$A:$A,0),1) + Q8*INDEX('Point Matrix'!$B:$B,MATCH('PHI - Projections'!$Q$7,'Point Matrix'!$A:$A,0),1) + R8*INDEX('Point Matrix'!$B:$B,MATCH('PHI - Projections'!$R$7,'Point Matrix'!$A:$A,0),1) + S8*INDEX('Point Matrix'!$B:$B,MATCH('PHI - Projections'!$S$7,'Point Matrix'!$A:$A,0),1) -> 24.78
A9: RB:PHI | J9: =IF(H9>=300,1,0) -> 0 | L9: 9 | M9: =IF(L9>=100,1,0) -> 0 | N9: 1 | O9: 5 | P9: =IF(O9>=100,1,0) -> 0 | T9: =B9*INDEX('Point Matrix'!$B:$B,MATCH('PHI - Projections'!$B$7,'Point Matrix'!$A:$A,0),1) + C9*INDEX('Point Matrix'!$B:$B,MATCH('PHI - Projections'!$C$7,'Point Matrix'!$A:$A,0),1) + D9*INDEX('Point Matrix'!$B:$B,MATCH('PHI - Projections'!$D$7,'Point Matrix'!$A:$A,0),1) + E9*INDEX('Point Matrix'!$B:$B,MATCH('PHI - Projections'!$E$7,'Point Matrix'!$A:$A,0),1) + F9*INDEX('Point Matrix'!$B:$B,MATCH('PHI - Projections'!$F$7,'Point Matrix'!$A:$A,0),1) + G9*INDEX('Point Matrix'!$B:$B,MATCH('PHI - Projections'!$G$7,'Point Matrix'!$A:$A,0),1) -> 0 | U9: =B9*INDEX('Point Matrix'!$B:$B,MATCH('PHI - Projections'!$B$7,'Point Matrix'!$A:$A,0),1) + C9*INDEX('Point Matrix'!$B:$B,MATCH('PHI - Projections'!$C$7,'Point Matrix'!$A:$A,0),1) + D9*INDEX('Point Matrix'!$B:$B,MATCH('PHI - Projections'!$D$7,'Point Matrix'!$A:$A,0),1) + E9*INDEX('Point Matrix'!$B:$B,MATCH('PHI - Projections'!$E$7,'Point Matrix'!$A:$A,0),1) + F9*INDEX('Point Matrix'!$B:$B,MATCH('PHI - Projections'!$F$7,'Point Matrix'!$A:$A,0),1) + G9*INDEX('Point Matrix'!$B:$B,MATCH('PHI - Projections'!$G$7,'Point Matrix'!$A:$A,0),1) + H9*INDEX('Point Matrix'!$B:$B,MATCH('PHI - Projections'!$H$7,'Point Matrix'!$A:$A,0),1) + I9*INDEX('Point Matrix'!$B:$B,MATCH('PHI - Projections'!$I$7,'Point Matrix'!$A:$A,0),1) + J9*INDEX('Point Matrix'!$B:$B,MATCH('PHI - Projections'!$J$7,'Point Matrix'!$A:$A,0),1) + K9*INDEX('Point Matrix'!$B:$B,MATCH('PHI - Projections'!$K$7,'Point Matrix'!$A:$A,0),1) + L9*INDEX('Point Matrix'!$B:$B,MATCH('PHI - Projections'!$L$7,'Point Matrix'!$A:$A,0),1) + M9*INDEX('Point Matrix'!$B:$B,MATCH('PHI - Projections'!$M$7,'Point Matrix'!$A:$A,0),1) + N9*INDEX('Point Matrix'!$B:$B,MATCH('PHI - Projections'!$N$7,'Point Matrix'!$A:$A,0),1) + O9*INDEX('Point Matrix'!$B:$B,MATCH('PHI - Projections'!$O$7,'Point Matrix'!$A:$A,0),1) + P9*INDEX('Point Matrix'!$B:$B,MATCH('PHI - Projections'!$P$7,'Point Matrix'!$A:$A,0),1) + Q9*INDEX('Point Matrix'!$B:$B,MATCH('PHI - Projections'!$Q$7,'Point Matrix'!$A:$A,0),1) + R9*INDEX('Point Matrix'!$B:$B,MATCH('PHI - Projections'!$R$7,'Point Matrix'!$A:$A,0),1) + S9*INDEX('Point Matrix'!$B:$B,MATCH('PHI - Projections'!$S$7,'Point Matrix'!$A:$A,0),1) -> 1.9
A10: TE:PHI | C10: 1 | J10: =IF(H10>=300,1,0) -> 0 | M10: =IF(L10>=100,1,0) -> 0 | O10: 35 | P10: =IF(O10>=100,1,0) -> 0 | T10: =B10*INDEX('Point Matrix'!$B:$B,MATCH('PHI - Projections'!$B$7,'Point Matrix'!$A:$A,0),1) + C10*INDEX('Point Matrix'!$B:$B,MATCH('PHI - Projections'!$C$7,'Point Matrix'!$A:$A,0),1) + D10*INDEX('Point Matrix'!$B:$B,MATCH('PHI - Projections'!$D$7,'Point Matrix'!$A:$A,0),1) + E10*INDEX('Point Matrix'!$B:$B,MATCH('PHI - Projections'!$E$7,'Point Matrix'!$A:$A,0),1) + F10*INDEX('Point Matrix'!$B:$B,MATCH('PHI - Projections'!$F$7,'Point Matrix'!$A:$A,0),1) + G10*INDEX('Point Matrix'!$B:$B,MATCH('PHI - Projections'!$G$7,'Point Matrix'!$A:$A,0),1) -> 6 | U10: =B10*INDEX('Point Matrix'!$B:$B,MATCH('PHI - Projections'!$B$7,'Point Matrix'!$A:$A,0),1) + C10*INDEX('Point Matrix'!$B:$B,MATCH('PHI - Projections'!$C$7,'Point Matrix'!$A:$A,0),1) + D10*INDEX('Point Matrix'!$B:$B,MATCH('PHI - Projections'!$D$7,'Point Matrix'!$A:$A,0),1) + E10*INDEX('Point Matrix'!$B:$B,MATCH('PHI - Projections'!$E$7,'Point Matrix'!$A:$A,0),1) + F10*INDEX('Point Matrix'!$B:$B,MATCH('PHI - Projections'!$F$7,'Point Matrix'!$A:$A,0),1) + G10*INDEX('Point Matrix'!$B:$B,MATCH('PHI - Projections'!$G$7,'Point Matrix'!$A:$A,0),1) + H10*INDEX('Point Matrix'!$B:$B,MATCH('PHI - Projections'!$H$7,'Point Matrix'!$A:$A,0),1) + I10*INDEX('Point Matrix'!$B:$B,MATCH('PHI - Projections'!$I$7,'Point Matrix'!$A:$A,0),1) + J10*INDEX('Point Matrix'!$B:$B,MATCH('PHI - Projections'!$J$7,'Point Matrix'!$A:$A,0),1) + K10*INDEX('Point Matrix'!$B:$B,MATCH('PHI - Projections'!$K$7,'Point Matrix'!$A:$A,0),1) + L10*INDEX('Point Matrix'!$B:$B,MATCH('PHI - Projections'!$L$7,'Point Matrix'!$A:$A,0),1) + M10*INDEX('Point Matrix'!$B:$B,MATCH('PHI - Projections'!$M$7,'Point Matrix'!$A:$A,0),1) + N10*INDEX('Point Matrix'!$B:$B,MATCH('PHI - Projections'!$N$7,'Point Matrix'!$A:$A,0),1) + O10*INDEX('Point Matrix'!$B:$B,MATCH('PHI - Projections'!$O$7,'Point Matrix'!$A:$A,0),1) + P10*INDEX('Point Matrix'!$B:$B,MATCH('PHI - Projections'!$P$7,'Point Matrix'!$A:$A,0),1) + Q10*INDEX('Point Matrix'!$B:$B,MATCH('PHI - Projections'!$Q$7,'Point Matrix'!$A:$A,0),1) + R10*INDEX('Point Matrix'!$B:$B,MATCH('PHI - Projections'!$R$7,'Point Matrix'!$A:$A,0),1) + S10*INDEX('Point Matrix'!$B:$B,MATCH('PHI - Projections'!$S$7,'Point Matrix'!$A:$A,0),1) -> 9.5
A11: WR1:PHI | C11: 1 | J11: =IF(H11>=300,1,0) -> 0 | M11: =IF(L11>=100,1,0) -> 0 | N11: 3 | O11: 43 | P11: =IF(O11>=100,1,0) -> 0 | T11: =B11*INDEX('Point Matrix'!$B:$B,MATCH('PHI - Projections'!$B$7,'Point Matrix'!$A:$A,0),1) + C11*INDEX('Point Matrix'!$B:$B,MATCH('PHI - Projections'!$C$7,'Point Matrix'!$A:$A,0),1) + D11*INDEX('Point Matrix'!$B:$B,MATCH('PHI - Projections'!$D$7,'Point Matrix'!$A:$A,0),1) + E11*INDEX('Point Matrix'!$B:$B,MATCH('PHI - Projections'!$E$7,'Point Matrix'!$A:$A,0),1) + F11*INDEX('Point Matrix'!$B:$B,MATCH('PHI - Projections'!$F$7,'Point Matrix'!$A:$A,0),1) + G11*INDEX('Point Matrix'!$B:$B,MATCH('PHI - Projections'!$G$7,'Point Matrix'!$A:$A,0),1) -> 6 | U11: =B11*INDEX('Point Matrix'!$B:$B,MATCH('PHI - Projections'!$B$7,'Point Matrix'!$A:$A,0),1) + C11*INDEX('Point Matrix'!$B:$B,MATCH('PHI - Projections'!$C$7,'Point Matrix'!$A:$A,0),1) + D11*INDEX('Point Matrix'!$B:$B,MATCH('PHI - Projections'!$D$7,'Point Matrix'!$A:$A,0),1) + E11*INDEX('Point Matrix'!$B:$B,MATCH('PHI - Projections'!$E$7,'Point Matrix'!$A:$A,0),1) + F11*INDEX('Point Matrix'!$B:$B,MATCH('PHI - Projections'!$F$7,'Point Matrix'!$A:$A,0),1) + G11*INDEX('Point Matrix'!$B:$B,MATCH('PHI - Projections'!$G$7,'Point Matrix'!$A:$A,0),1) + H11*INDEX('Point Matrix'!$B:$B,MATCH('PHI - Projections'!$H$7,'Point Matrix'!$A:$A,0),1) + I11*INDEX('Point Matrix'!$B:$B,MATCH('PHI - Projections'!$I$7,'Point Matrix'!$A:$A,0),1) + J11*INDEX('Point Matrix'!$B:$B,MATCH('PHI - Projections'!$J$7,'Point Matrix'!$A:$A,0),1) + K11*INDEX('Point Matrix'!$B:$B,MATCH('PHI - Projections'!$K$7,'Point Matrix'!$A:$A,0),1) + L11*INDEX('Point Matrix'!$B:$B,MATCH('PHI - Projections'!$L$7,'Point Matrix'!$A:$A,0),1) + M11*INDEX('Point Matrix'!$B:$B,MATCH('PHI - Projections'!$M$7,'Point Matrix'!$A:$A,0),1) + N11*INDEX('Point Matrix'!$B:$B,MATCH('PHI - Projections'!$N$7,'Point Matrix'!$A:$A,0),1) + O11*INDEX('Point Matrix'!$B:$B,MATCH('PHI - Projections'!$O$7,'Point Matrix'!$A:$A,0),1) + P11*INDEX('Point Matrix'!$B:$B,MATCH('PHI - Projections'!$P$7,'Point Matrix'!$A:$A,0),1) + Q11*INDEX('Point Matrix'!$B:$B,MATCH('PHI - Projections'!$Q$7,'Point Matrix'!$A:$A,0),1) + R11*INDEX('Point Matrix'!$B:$B,MATCH('PHI - Projections'!$R$7,'Point Matrix'!$A:$A,0),1) + S11*INDEX('Point Matrix'!$B:$B,MATCH('PHI - Projections'!$S$7,'Point Matrix'!$A:$A,0),1) -> 11.8
A12: WR2:PHI | J12: =IF(H12>=300,1,0) -> 0 | M12: =IF(L12>=100,1,0) -> 0 | N12: 2 | O12: 15 | P12: =IF(O12>=100,1,0) -> 0 | T12: =B12*INDEX('Point Matrix'!$B:$B,MATCH('PHI - Projections'!$B$7,'Point Matrix'!$A:$A,0),1) + C12*INDEX('Point Matrix'!$B:$B,MATCH('PHI - Projections'!$C$7,'Point Matrix'!$A:$A,0),1) + D12*INDEX('Point Matrix'!$B:$B,MATCH('PHI - Projections'!$D$7,'Point Matrix'!$A:$A,0),1) + E12*INDEX('Point Matrix'!$B:$B,MATCH('PHI - Projections'!$E$7,'Point Matrix'!$A:$A,0),1) + F12*INDEX('Point Matrix'!$B:$B,MATCH('PHI - Projections'!$F$7,'Point Matrix'!$A:$A,0),1) + G12*INDEX('Point Matrix'!$B:$B,MATCH('PHI - Projections'!$G$7,'Point Matrix'!$A:$A,0),1) -> 0 | U12: =B12*INDEX('Point Matrix'!$B:$B,MATCH('PHI - Projections'!$B$7,'Point Matrix'!$A:$A,0),1) + C12*INDEX('Point Matrix'!$B:$B,MATCH('PHI - Projections'!$C$7,'Point Matrix'!$A:$A,0),1) + D12*INDEX('Point Matrix'!$B:$B,MATCH('PHI - Projections'!$D$7,'Point Matrix'!$A:$A,0),1) + E12*INDEX('Point Matrix'!$B:$B,MATCH('PHI - Projections'!$E$7,'Point Matrix'!$A:$A,0),1) + F12*INDEX('Point Matrix'!$B:$B,MATCH('PHI - Projections'!$F$7,'Point Matrix'!$A:$A,0),1) + G12*INDEX('Point Matrix'!$B:$B,MATCH('PHI - Projections'!$G$7,'Point Matrix'!$A:$A,0),1) + H12*INDEX('Point Matrix'!$B:$B,MATCH('PHI - Projections'!$H$7,'Point Matrix'!$A:$A,0),1) + I12*INDEX('Point Matrix'!$B:$B,MATCH('PHI - Projections'!$I$7,'Point Matrix'!$A:$A,0),1) + J12*INDEX('Point Matrix'!$B:$B,MATCH('PHI - Projections'!$J$7,'Point Matrix'!$A:$A,0),1) + K12*INDEX('Point Matrix'!$B:$B,MATCH('PHI - Projections'!$K$7,'Point Matrix'!$A:$A,0),1) + L12*INDEX('Point Matrix'!$B:$B,MATCH('PHI - Projections'!$L$7,'Point Matrix'!$A:$A,0),1) + M12*INDEX('Point Matrix'!$B:$B,MATCH('PHI - Projections'!$M$7,'Point Matrix'!$A:$A,0),1) + N12*INDEX('Point Matrix'!$B:$B,MATCH('PHI - Projections'!$N$7,'Point Matrix'!$A:$A,0),1) + O12*INDEX('Point Matrix'!$B:$B,MATCH('PHI - Projections'!$O$7,'Point Matrix'!$A:$A,0),1) + P12*INDEX('Point Matrix'!$B:$B,MATCH('PHI - Projections'!$P$7,'Point Matrix'!$A:$A,0),1) + Q12*INDEX('Point Matrix'!$B:$B,MATCH('PHI - Projections'!$Q$7,'Point Matrix'!$A:$A,0),1) + R12*INDEX('Point Matrix'!$B:$B,MATCH('PHI - Projections'!$R$7,'Point Matrix'!$A:$A,0),1) + S12*INDEX('Point Matrix'!$B:$B,MATCH('PHI - Projections'!$S$7,'Point Matrix'!$A:$A,0),1) -> 2.5
A13: WR3:PHI | J13: =IF(H13>=300,1,0) -> 0 | M13: =IF(L13>=100,1,0) -> 0 | N13: 3 | O13: 40 | P13: =IF(O13>=100,1,0) -> 0 | T13: =B13*INDEX('Point Matrix'!$B:$B,MATCH('PHI - Projections'!$B$7,'Point Matrix'!$A:$A,0),1) + C13*INDEX('Point Matrix'!$B:$B,MATCH('PHI - Projections'!$C$7,'Point Matrix'!$A:$A,0),1) + D13*INDEX('Point Matrix'!$B:$B,MATCH('PHI - Projections'!$D$7,'Point Matrix'!$A:$A,0),1) + E13*INDEX('Point Matrix'!$B:$B,MATCH('PHI - Projections'!$E$7,'Point Matrix'!$A:$A,0),1) + F13*INDEX('Point Matrix'!$B:$B,MATCH('PHI - Projections'!$F$7,'Point Matrix'!$A:$A,0),1) + G13*INDEX('Point Matrix'!$B:$B,MATCH('PHI - Projections'!$G$7,'Point Matrix'!$A:$A,0),1) -> 0 | U13: =B13*INDEX('Point Matrix'!$B:$B,MATCH('PHI - Projections'!$B$7,'Point Matrix'!$A:$A,0),1) + C13*INDEX('Point Matrix'!$B:$B,MATCH('PHI - Projections'!$C$7,'Point Matrix'!$A:$A,0),1) + D13*INDEX('Point Matrix'!$B:$B,MATCH('PHI - Projections'!$D$7,'Point Matrix'!$A:$A,0),1) + E13*INDEX('Point Matrix'!$B:$B,MATCH('PHI - Projections'!$E$7,'Point Matrix'!$A:$A,0),1) + F13*INDEX('Point Matrix'!$B:$B,MATCH('PHI - Projections'!$F$7,'Point Matrix'!$A:$A,0),1) + G13*INDEX('Point Matrix'!$B:$B,MATCH('PHI - Projections'!$G$7,'Point Matrix'!$A:$A,0),1) + H13*INDEX('Point Matrix'!$B:$B,MATCH('PHI - Projections'!$H$7,'Point Matrix'!$A:$A,0),1) + I13*INDEX('Point Matrix'!$B:$B,MATCH('PHI - Projections'!$I$7,'Point Matrix'!$A:$A,0),1) + J13*INDEX('Point Matrix'!$B:$B,MATCH('PHI - Projections'!$J$7,'Point Matrix'!$A:$A,0),1) + K13*INDEX('Point Matrix'!$B:$B,MATCH('PHI - Projections'!$K$7,'Point Matrix'!$A:$A,0),1) + L13*INDEX('Point Matrix'!$B:$B,MATCH('PHI - Projections'!$L$7,'Point Matrix'!$A:$A,0),1) + M13*INDEX('Point Matrix'!$B:$B,MATCH('PHI - Projections'!$M$7,'Point Matrix'!$A:$A,0),1) + N13*INDEX('Point Matrix'!$B:$B,MATCH('PHI - Projections'!$N$7,'Point Matrix'!$A:$A,0),1) + O13*INDEX('Point Matrix'!$B:$B,MATCH('PHI - Projections'!$O$7,'Point Matrix'!$A:$A,0),1) + P13*INDEX('Point Matrix'!$B:$B,MATCH('PHI - Projections'!$P$7,'Point Matrix'!$A:$A,0),1) + Q13*INDEX('Point Matrix'!$B:$B,MATCH('PHI - Projections'!$Q$7,'Point Matrix'!$A:$A,0),1) + R13*INDEX('Point Matrix'!$B:$B,MATCH('PHI - Projections'!$R$7,'Point Matrix'!$A:$A,0),1) + S13*INDEX('Point Matrix'!$B:$B,MATCH('PHI - Projections'!$S$7,'Point Matrix'!$A:$A,0),1) -> 5.5
A14: Totals | T14: =SUM(T2:T13) -> 16 | U14: =SUM(U2:U13) -> 64.98

Sheet Point Matrix
A1: DE/SF | B1: 2 | C1: 2 | D1: Safeties
A2: DE/RTD | B2: 6 | C2: 6 | D2: Retrun TDs
A3: DE/FRTD | B3: 6 | C3: 6 | D3: Fumbl Return TDs
A4: DE/BRTD | B4: 6 | C4: 6 | D4: Blocked Kick Return TDs
A5: DE/XPR | B5: 2 | C5: 2 | D5: Extra Point Return
A6: DE/PA0 | B6: 10 | C6: 10 | D6: 0 Points Allowed
A7: DE/PA1-6 | B7: 7 | C7: 7 | D7: 1-6 Points Allowed
A8: DE/PA7-13 | B8: 4 | C8: 4 | D8: 7-13 Points Allowed
A9: DE/PA14-20 | B9: 1 | C9: 1 | D9: 14-20 Points Allowed
A10: DE/PA28-34 | B10: -1 | C10: -1 | D10: 28-34 Points Allowed
A11: DE/PA35+ | B11: -4 | C11: -4 | D11: 35+ Points Allowed
A12: DE/I | B12: 2 | C12: 2 | D12: Interceptions
... A38: FU/L | B38: -2 | C38: -2 | D38: Fumbles Lost

Sheet Headers
A1: D | B1: DE/SF | C1: DE/RTD | D1: DE/FRTD | E1: DE/BRTD | F1: DE/XPR | G1: DE/PA0 | H1: DE/PA1-6 | I1: DE/PA7-13 | J1: DE/PA14-20 | K1: DE/PA28-34 | L1: DE/PA35+ | M1: FR | N1: DE/I | O1: S | P1: DE/B
A2: K | B2: Fgu20 | C2: FGu30 | D2: Fgu40 | E2: Fgu50 | F2: FGo50 | G2: XP | H2: 2PC/S | I2: 2PC/P | J2: FU/L
A3: FLEX | B3: RuTD | C3: ReTD | D3: FU/TD | E3: KR/TD | F3: PR/TD | G3: 2PC/S | H3: PaY | I3: PaTD | J3: 300+ PaY Gm | K3: I | L3: RuY | M3: 100+ RuY GM | N3: Re | O3: ReY | P3: 100+ ReY GM | Q3: 2PC/P | R3: FR | S3: FU/L
