Workbook
Name def: DEF!$J$2:$J$27
Name deflkp: DEF!$A$2:$Q$27
Name flex: FLEX!$D$2:$D$27
Name flexlkp: FLEX!$A$2:$Q$27
Name qb: QB!$D$2:$D$27
Name qblkp: QB!$A$2:$Q$27
Name rb: RB!$D$2:$D$29
Name rblkp: RB!$A$2:$Q$29
Name te: TE!$D$2:$D$27
Name telkp: TE!$A$2:$Q$27
Name wr: WR!$D$2:$D$77
Name wrlkp: WR!$A$2:$Q$77

Sheet Teams
A1: POSITION | B1: PLAYER | C1: SALARY | D1: PPTS | E1: INJ | G1: PLAYER | H1: SALARY | I1: PPTS | J1: INJ | L1: PLAYER | M1: SALARY | N1: PPTS | O1: INJ
A2: QB | B2: Baker Mayfield | C2: =IFERROR(IF(INDEX(qblkp,MATCH(B2,qb,0),MATCH($C$1,QB!$1:$1,0))=0,"",INDEX(qblkp,MATCH(B2,qb,0),MATCH($C$1,QB!$1:$1,0))),"") -> 7700 | D2: =IFERROR(IF(INDEX(qblkp,MATCH(B2,qb,0),MATCH("Projected Points",QB!$1:$1,0))=0,"",INDEX(qblkp,MATCH(B2,qb,0),MATCH("Projected Points",QB!$1:$1,0))),"") -> 24.73 | E2: =IFERROR(IF(INDEX(qblkp,MATCH(C2,qb,0),MATCH("Injury Indicator",QB!$1:$1,0))=0,"",INDEX(qblkp,MATCH(C2,qb,0),MATCH("Injury Indicator",QB!$1:$1,0))),"") | H2: =IFERROR(IF(INDEX(qblkp,MATCH(G2,qb,0),MATCH($C$1,QB!$1:$1,0))=0,"",INDEX(qblkp,MATCH(G2,qb,0),MATCH($C$1,QB!$1:$1,0))),"") | I2: =IFERROR(IF(INDEX(qblkp,MATCH(G2,qb,0),MATCH("Projected Points",QB!$1:$1,0))=0,"",INDEX(qblkp,MATCH(G2,qb,0),MATCH("Projected Points",QB!$1:$1,0))),"") | J2: =IFERROR(IF(INDEX(qblkp,MATCH(H2,qb,0),MATCH("Injury Indicator",QB!$1:$1,0))=0,"",INDEX(qblkp,MATCH(H2,qb,0),MATCH("Injury Indicator",QB!$1:$1,0))),"") | M2: =IFERROR(IF(INDEX(qblkp,MATCH(L2,qb,0),MATCH($C$1,QB!$1:$1,0))=0,"",INDEX(qblkp,MATCH(L2,qb,0),MATCH($C$1,QB!$1:$1,0))),"") | N2: =IFERROR(IF(INDEX(qblkp,MATCH(L2,qb,0),MATCH("Projected Points",QB!$1:$1,0))=0,"",INDEX(qblkp,MATCH(L2,qb,0),MATCH("Projected Points",QB!$1:$1,0))),"") | O2: =IFERROR(IF(INDEX(qblkp,MATCH(M2,qb,0),MATCH("Injury Indicator",QB!$1:$1,0))=0,"",INDEX(qblkp,MATCH(M2,qb,0),MATCH("Injury Indicator",QB!$1:$1,0))),"")
A3: RB1 | B3: Zach Charbonnet | C3: =IFERROR(IF(INDEX(rblkp,MATCH(B3,rb,0),MATCH($C$1,RB!$1:$1,0))=0,"",INDEX(rblkp,MATCH(B3,rb,0),MATCH($C$1,RB!$1:$1,0))),"") -> 6700 | D3: =IFERROR(IF(INDEX(rblkp,MATCH(B3,rb,0),MATCH("Projected Points",RB!$1:$1,0))=0,"",INDEX(rblkp,MATCH(B3,rb,0),MATCH("Projected Points",RB!$1:$1,0))),"") -> 13.25 | E3: =IFERROR(IF(INDEX(rblkp,MATCH(C3,rb,0),MATCH("Injury Indicator",RB!$1:$1,0))=0,"",INDEX(rblkp,MATCH(C3,rb,0),MATCH("Injury Indicator",RB!$1:$1,0))),"") | H3: =IFERROR(IF(INDEX(rblkp,MATCH(G3,rb,0),MATCH($C$1,RB!$1:$1,0))=0,"",INDEX(rblkp,MATCH(G3,rb,0),MATCH($C$1,RB!$1:$1,0))),"") | I3: =IFERROR(IF(INDEX(rblkp,MATCH(G3,rb,0),MATCH("Projected Points",RB!$1:$1,0))=0,"",INDEX(rblkp,MATCH(G3,rb,0),MATCH("Projected Points",RB!$1:$1,0))),"") | J3: =IFERROR(IF(INDEX(rblkp,MATCH(H3,rb,0),MATCH("Injury Indicator",RB!$1:$1,0))=0,"",INDEX(rblkp,MATCH(H3,rb,0),MATCH("Injury Indicator",RB!$1:$1,0))),"") | M3: =IFERROR(IF(INDEX(rblkp,MATCH(L3,rb,0),MATCH($C$1,RB!$1:$1,0))=0,"",INDEX(rblkp,MATCH(L3,rb,0),MATCH($C$1,RB!$1:$1,0))),"") | N3: =IFERROR(IF(INDEX(rblkp,MATCH(L3,rb,0),MATCH("Projected Points",RB!$1:$1,0))=0,"",INDEX(rblkp,MATCH(L3,rb,0),MATCH("Projected Points",RB!$1:$1,0))),"") | O3: =IFERROR(IF(INDEX(rblkp,MATCH(M3,rb,0),MATCH("Injury Indicator",RB!$1:$1,0))=0,"",INDEX(rblkp,MATCH(M3,rb,0),MATCH("Injury Indicator",RB!$1:$1,0))),"")
A4: RB2 | B4: Jerome Ford | C4: =IFERROR(IF(INDEX(rblkp,MATCH(B4,rb,0),MATCH($C$1,RB!$1:$1,0))=0,"",INDEX(rblkp,MATCH(B4,rb,0),MATCH($C$1,RB!$1:$1,0))),"") -> 6500 | D4: =IFERROR(IF(INDEX(rblkp,MATCH(B4,rb,0),MATCH("Projected Points",RB!$1:$1,0))=0,"",INDEX(rblkp,MATCH(B4,rb,0),MATCH("Projected Points",RB!$1:$1,0))),"") -> 11.4 | E4: =IFERROR(IF(INDEX(rblkp,MATCH(C4,rb,0),MATCH("Injury Indicator",RB!$1:$1,0))=0,"",INDEX(rblkp,MATCH(C4,rb,0),MATCH("Injury Indicator",RB!$1:$1,0))),"") | H4: =IFERROR(IF(INDEX(rblkp,MATCH(G4,rb,0),MATCH($C$1,RB!$1:$1,0))=0,"",INDEX(rblkp,MATCH(G4,rb,0),MATCH($C$1,RB!$1:$1,0))),"") | I4: =IFERROR(IF(INDEX(rblkp,MATCH(G4,rb,0),MATCH("Projected Points",RB!$1:$1,0))=0,"",INDEX(rblkp,MATCH(G4,rb,0),MATCH("Projected Points",RB!$1:$1,0))),"") | J4: =IFERROR(IF(INDEX(rblkp,MATCH(H4,rb,0),MATCH("Injury Indicator",RB!$1:$1,0))=0,"",INDEX(rblkp,MATCH(H4,rb,0),MATCH("Injury Indicator",RB!$1:$1,0))),"") | M4: =IFERROR(IF(INDEX(rblkp,MATCH(L4,rb,0),MATCH($C$1,RB!$1:$1,0))=0,"",INDEX(rblkp,MATCH(L4,rb,0),MATCH($C$1,RB!$1:$1,0))),"") | N4: =IFERROR(IF(INDEX(rblkp,MATCH(L4,rb,0),MATCH("Projected Points",RB!$1:$1,0))=0,"",INDEX(rblkp,MATCH(L4,rb,0),MATCH("Projected Points",RB!$1:$1,0))),"") | O4: =IFERROR(IF(INDEX(rblkp,MATCH(M4,rb,0),MATCH("Injury Indicator",RB!$1:$1,0))=0,"",INDEX(rblkp,MATCH(M4,rb,0),MATCH("Injury Indicator",RB!$1:$1,0))),"")
A5: WR1 | B5: Mike Evans | C5: =IFERROR(IF(INDEX(wrlkp,MATCH(B5,wr,0),MATCH($C$1,WR!$1:$1,0))=0,"",INDEX(wrlkp,MATCH(B5,wr,0),MATCH($C$1,WR!$1:$1,0))),"") -> 8300 | D5: =IFERROR(IF(INDEX(wrlkp,MATCH(B5,wr,0),MATCH("Projected Points",WR!$1:$1,0))=0,"",INDEX(wrlkp,MATCH(B5,wr,0),MATCH("Projected Points",WR!$1:$1,0))),"") -> 13.15 | E5: =IFERROR(IF(INDEX(wrlkp,MATCH(C5,wr,0),MATCH("Injury Indicator",WR!$1:$1,0))=0,"",INDEX(wrlkp,MATCH(C5,wr,0),MATCH("Injury Indicator",WR!$1:$1,0))),"") | H5: =IFERROR(IF(INDEX(wrlkp,MATCH(G5,wr,0),MATCH($C$1,WR!$1:$1,0))=0,"",INDEX(wrlkp,MATCH(G5,wr,0),MATCH($C$1,WR!$1:$1,0))),"") | I5: =IFERROR(IF(INDEX(wrlkp,MATCH(G5,wr,0),MATCH("Projected Points",WR!$1:$1,0))=0,"",INDEX(wrlkp,MATCH(G5,wr,0),MATCH("Projected Points",WR!$1:$1,0))),"") | J5: =IFERROR(IF(INDEX(wrlkp,MATCH(H5,wr,0),MATCH("Injury Indicator",WR!$1:$1,0))=0,"",INDEX(wrlkp,MATCH(H5,wr,0),MATCH("Injury Indicator",WR!$1:$1,0))),"") | M5: =IFERROR(IF(INDEX(wrlkp,MATCH(L5,wr,0),MATCH($C$1,WR!$1:$1,0))=0,"",INDEX(wrlkp,MATCH(L5,wr,0),MATCH($C$1,WR!$1:$1,0))),"") | N5: =IFERROR(IF(INDEX(wrlkp,MATCH(L5,wr,0),MATCH("Projected Points",WR!$1:$1,0))=0,"",INDEX(wrlkp,MATCH(L5,wr,0),MATCH("Projected Points",WR!$1:$1,0))),"") | O5: =IFERROR(IF(INDEX(wrlkp,MATCH(M5,wr,0),MATCH("Injury Indicator",WR!$1:$1,0))=0,"",INDEX(wrlkp,MATCH(M5,wr,0),MATCH("Injury Indicator",WR!$1:$1,0))),"")
A6: WR2 | B6: Jameson Williams | C6: =IFERROR(IF(INDEX(wrlkp,MATCH(B6,wr,0),MATCH($C$1,WR!$1:$1,0))=0,"",INDEX(wrlkp,MATCH(B6,wr,0),MATCH($C$1,WR!$1:$1,0))),"") -> 6300 | D6: =IFERROR(IF(INDEX(wrlkp,MATCH(B6,wr,0),MATCH("Projected Points",WR!$1:$1,0))=0,"",INDEX(wrlkp,MATCH(B6,wr,0),MATCH("Projected Points",WR!$1:$1,0))),"") -> 18.4 | E6: =IFERROR(IF(INDEX(wrlkp,MATCH(C6,wr,0),MATCH("Injury Indicator",WR!$1:$1,0))=0,"",INDEX(wrlkp,MATCH(C6,wr,0),MATCH("Injury Indicator",WR!$1:$1,0))),"") | H6: =IFERROR(IF(INDEX(wrlkp,MATCH(G6,wr,0),MATCH($C$1,WR!$1:$1,0))=0,"",INDEX(wrlkp,MATCH(G6,wr,0),MATCH($C$1,WR!$1:$1,0))),"") | I6: =IFERROR(IF(INDEX(wrlkp,MATCH(G6,wr,0),MATCH("Projected Points",WR!$1:$1,0))=0,"",INDEX(wrlkp,MATCH(G6,wr,0),MATCH("Projected Points",WR!$1:$1,0))),"") | J6: =IFERROR(IF(INDEX(wrlkp,MATCH(H6,wr,0),MATCH("Injury Indicator",WR!$1:$1,0))=0,"",INDEX(wrlkp,MATCH(H6,wr,0),MATCH("Injury Indicator",WR!$1:$1,0))),"") | M6: =IFERROR(IF(INDEX(wrlkp,MATCH(L6,wr,0),MATCH($C$1,WR!$1:$1,0))=0,"",INDEX(wrlkp,MATCH(L6,wr,0),MATCH($C$1,WR!$1:$1,0))),"") | N6: =IFERROR(IF(INDEX(wrlkp,MATCH(L6,wr,0),MATCH("Projected Points",WR!$1:$1,0))=0,"",INDEX(wrlkp,MATCH(L6,wr,0),MATCH("Projected Points",WR!$1:$1,0))),"") | O6: =IFERROR(IF(INDEX(wrlkp,MATCH(M6,wr,0),MATCH("Injury Indicator",WR!$1:$1,0))=0,"",INDEX(wrlkp,MATCH(M6,wr,0),MATCH("Injury Indicator",WR!$1:$1,0))),"")
A7: WR3 | B7: Rashid Shaheed | C7: =IFERROR(IF(INDEX(wrlkp,MATCH(B7,wr,0),MATCH($C$1,WR!$1:$1,0))=0,"",INDEX(wrlkp,MATCH(B7,wr,0),MATCH($C$1,WR!$1:$1,0))),"") -> 6300 | D7: =IFERROR(IF(INDEX(wrlkp,MATCH(B7,wr,0),MATCH("Projected Points",WR!$1:$1,0))=0,"",INDEX(wrlkp,MATCH(B7,wr,0),MATCH("Projected Points",WR!$1:$1,0))),"") -> 16.85 | E7: =IFERROR(IF(INDEX(wrlkp,MATCH(C7,wr,0),MATCH("Injury Indicator",WR!$1:$1,0))=0,"",INDEX(wrlkp,MATCH(C7,wr,0),MATCH("Injury Indicator",WR!$1:$1,0))),"") | H7: =IFERROR(IF(INDEX(wrlkp,MATCH(G7,wr,0),MATCH($C$1,WR!$1:$1,0))=0,"",INDEX(wrlkp,MATCH(G7,wr,0),MATCH($C$1,WR!$1:$1,0))),"") | I7: =IFERROR(IF(INDEX(wrlkp,MATCH(G7,wr,0),MATCH("Projected Points",WR!$1:$1,0))=0,"",INDEX(wrlkp,MATCH(G7,wr,0),MATCH("Projected Points",WR!$1:$1,0))),"") | J7: =IFERROR(IF(INDEX(wrlkp,MATCH(H7,wr,0),MATCH("Injury Indicator",WR!$1:$1,0))=0,"",INDEX(wrlkp,MATCH(H7,wr,0),MATCH("Injury Indicator",WR!$1:$1,0))),"") | M7: =IFERROR(IF(INDEX(wrlkp,MATCH(L7,wr,0),MATCH($C$1,WR!$1:$1,0))=0,"",INDEX(wrlkp,MATCH(L7,wr,0),MATCH($C$1,WR!$1:$1,0))),"") | N7: =IFERROR(IF(INDEX(wrlkp,MATCH(L7,wr,0),MATCH("Projected Points",WR!$1:$1,0))=0,"",INDEX(wrlkp,MATCH(L7,wr,0),MATCH("Projected Points",WR!$1:$1,0))),"") | O7: =IFERROR(IF(INDEX(wrlkp,MATCH(M7,wr,0),MATCH("Injury Indicator",WR!$1:$1,0))=0,"",INDEX(wrlkp,MATCH(M7,wr,0),MATCH("Injury Indicator",WR!$1:$1,0))),"")
A8: TE | B8: Brock Bowers | C8: =IFERROR(IF(INDEX(telkp,MATCH(B8,te,0),MATCH($C$1,TE!$1:$1,0))=0,"",INDEX(telkp,MATCH(B8,te,0),MATCH($C$1,TE!$1:$1,0))),"") -> 6300 | D8: =IFERROR(IF(INDEX(telkp,MATCH(B8,te,0),MATCH("Projected Points",TE!$1:$1,0))=0,"",INDEX(telkp,MATCH(B8,te,0),MATCH("Projected Points",TE!$1:$1,0))),"") -> 11.55 | E8: =IFERROR(IF(INDEX(telkp,MATCH(C8,te,0),MATCH("Injury Indicator",TE!$1:$1,0))=0,"",INDEX(telkp,MATCH(C8,te,0),MATCH("Injury Indicator",TE!$1:$1,0))),"") | H8: =IFERROR(IF(INDEX(telkp,MATCH(G8,te,0),MATCH($C$1,TE!$1:$1,0))=0,"",INDEX(telkp,MATCH(G8,te,0),MATCH($C$1,TE!$1:$1,0))),"") | I8: =IFERROR(IF(INDEX(telkp,MATCH(G8,te,0),MATCH("Projected Points",TE!$1:$1,0))=0,"",INDEX(telkp,MATCH(G8,te,0),MATCH("Projected Points",TE!$1:$1,0))),"") | J8: =IFERROR(IF(INDEX(telkp,MATCH(H8,te,0),MATCH("Injury Indicator",TE!$1:$1,0))=0,"",INDEX(telkp,MATCH(H8,te,0),MATCH("Injury Indicator",TE!$1:$1,0))),"") | M8: =IFERROR(IF(INDEX(telkp,MATCH(L8,te,0),MATCH($C$1,TE!$1:$1,0))=0,"",INDEX(telkp,MATCH(L8,te,0),MATCH($C$1,TE!$1:$1,0))),"") | N8: =IFERROR(IF(INDEX(telkp,MATCH(L8,te,0),MATCH("Projected Points",TE!$1:$1,0))=0,"",INDEX(telkp,MATCH(L8,te,0),MATCH("Projected Points",TE!$1:$1,0))),"") | O8: =IFERROR(IF(INDEX(telkp,MATCH(M8,te,0),MATCH("Injury Indicator",TE!$1:$1,0))=0,"",INDEX(telkp,MATCH(M8,te,0),MATCH("Injury Indicator",TE!$1:$1,0))),"")
A9: FLEX | B9: James Conner | C9: =IFERROR(IF(INDEX(flexlkp,MATCH(B9,flex,0),MATCH($C$1,FLEX!$1:$1,0))=0,"",INDEX(flexlkp,MATCH(B9,flex,0),MATCH($C$1,FLEX!$1:$1,0))),"") -> 7400 | D9: =IFERROR(IF(INDEX(flexlkp,MATCH(B9,flex,0),MATCH("Projected Points",FLEX!$1:$1,0))=0,"",INDEX(flexlkp,MATCH(B9,flex,0),MATCH("Projected Points",FLEX!$1:$1,0))),"") -> 19.85 | E9: =IFERROR(IF(INDEX(flexlkp,MATCH(C9,flex,0),MATCH("Injury Indicator",FLEX!$1:$1,0))=0,"",INDEX(flexlkp,MATCH(C9,flex,0),MATCH("Injury Indicator",FLEX!$1:$1,0))),"") | H9: =IFERROR(IF(INDEX(flexlkp,MATCH(G9,flex,0),MATCH($C$1,FLEX!$1:$1,0))=0,"",INDEX(flexlkp,MATCH(G9,flex,0),MATCH($C$1,FLEX!$1:$1,0))),"") | I9: =IFERROR(IF(INDEX(flexlkp,MATCH(G9,flex,0),MATCH("Projected Points",FLEX!$1:$1,0))=0,"",INDEX(flexlkp,MATCH(G9,flex,0),MATCH("Projected Points",FLEX!$1:$1,0))),"") | J9: =IFERROR(IF(INDEX(flexlkp,MATCH(H9,flex,0),MATCH("Injury Indicator",FLEX!$1:$1,0))=0,"",INDEX(flexlkp,MATCH(H9,flex,0),MATCH("Injury Indicator",FLEX!$1:$1,0))),"") | M9: =IFERROR(IF(INDEX(flexlkp,MATCH(L9,flex,0),MATCH($C$1,FLEX!$1:$1,0))=0,"",INDEX(flexlkp,MATCH(L9,flex,0),MATCH($C$1,FLEX!$1:$1,0))),"") | N9: =IFERROR(IF(INDEX(flexlkp,MATCH(L9,flex,0),MATCH("Projected Points",FLEX!$1:$1,0))=0,"",INDEX(flexlkp,MATCH(L9,flex,0),MATCH("Projected Points",FLEX!$1:$1,0))),"") | O9: =IFERROR(IF(INDEX(flexlkp,MATCH(M9,flex,0),MATCH("Injury Indicator",FLEX!$1:$1,0))=0,"",INDEX(flexlkp,MATCH(M9,flex,0),MATCH("Injury Indicator",FLEX!$1:$1,0))),"")
A10: DEF | B10: MIN | C10: =IFERROR(IF(INDEX(deflkp,MATCH(B10,def,0),MATCH($C$1,DEF!$1:$1,0))=0,"",INDEX(deflkp,MATCH(B10,def,0),MATCH($C$1,DEF!$1:$1,0))),"") -> 4100 | D10: =IFERROR(IF(INDEX(deflkp,MATCH(B10,def,0),MATCH("Projected Points",DEF!$1:$1,0))=0,"",INDEX(deflkp,MATCH(B10,def,0),MATCH("Projected Points",DEF!$1:$1,0))),"") -> 17.5 | E10: =IFERROR(IF(INDEX(deflkp,MATCH(C10,def,0),MATCH("Injury Indicator",DEF!$1:$1,0))=0,"",INDEX(deflkp,MATCH(C10,def,0),MATCH("Injury Indicator",DEF!$1:$1,0))),"") | H10: =IFERROR(IF(INDEX(deflkp,MATCH(G10,def,0),MATCH($C$1,DEF!$1:$1,0))=0,"",INDEX(deflkp,MATCH(G10,def,0),MATCH($C$1,DEF!$1:$1,0))),"") | I10: =IFERROR(IF(INDEX(deflkp,MATCH(G10,def,0),MATCH("Projected Points",DEF!$1:$1,0))=0,"",INDEX(deflkp,MATCH(G10,def,0),MATCH("Projected Points",DEF!$1:$1,0))),"") | J10: =IFERROR(IF(INDEX(deflkp,MATCH(H10,def,0),MATCH("Injury Indicator",DEF!$1:$1,0))=0,"",INDEX(deflkp,MATCH(H10,def,0),MATCH("Injury Indicator",DEF!$1:$1,0))),"") | M10: =IFERROR(IF(INDEX(deflkp,MATCH(L10,def,0),MATCH($C$1,DEF!$1:$1,0))=0,"",INDEX(deflkp,MATCH(L10,def,0),MATCH($C$1,DEF!$1:$1,0))),"") | N10: =IFERROR(IF(INDEX(deflkp,MATCH(L10,def,0),MATCH("Projected Points",DEF!$1:$1,0))=0,"",INDEX(deflkp,MATCH(L10,def,0),MATCH("Projected Points",DEF!$1:$1,0))),"") | O10: =IFERROR(IF(INDEX(deflkp,MATCH(M10,def,0),MATCH("Injury Indicator",DEF!$1:$1,0))=0,"",INDEX(deflkp,MATCH(M10,def,0),MATCH("Injury Indicator",DEF!$1:$1,0))),"")
A11: TOTALS | C11: =60000-SUM(C2:C10) -> 400 | D11: =SUM(D2:D10) -> 146.68 | H11: =60000-SUM(H2:H10) -> 60000 | I11: =SUM(I2:I10) -> 0 | M11: =60000-SUM(M2:M10) -> 60000 | N11: =SUM(N2:N10) -> 0
B13: PLAYER | C13: SALARY | D13: PPTS | E13: INJ | G13: PLAYER | H13: SALARY | I13: PPTS | J13: INJ | L13: PLAYER | M13: SALARY | N13: PPTS | O13: INJ
A14: QB | C14: =IFERROR(IF(INDEX(qblkp,MATCH(B14,qb,0),MATCH($C$1,QB!$1:$1,0))=0,"",INDEX(qblkp,MATCH(B14,qb,0),MATCH($C$1,QB!$1:$1,0))),"") | D14: =IFERROR(IF(INDEX(qblkp,MATCH(B14,qb,0),MATCH("Projected Points",QB!$1:$1,0))=0,"",INDEX(qblkp,MATCH(B14,qb,0),MATCH("Projected Points",QB!$1:$1,0))),"") | E14: =IFERROR(IF(INDEX(qblkp,MATCH(C14,qb,0),MATCH("Injury Indicator",QB!$1:$1,0))=0,"",INDEX(qblkp,MATCH(C14,qb,0),MATCH("Injury Indicator",QB!$1:$1,0))),"") | H14: =IFERROR(IF(INDEX(qblkp,MATCH(G14,qb,0),MATCH($C$1,QB!$1:$1,0))=0,"",INDEX(qblkp,MATCH(G14,qb,0),MATCH($C$1,QB!$1:$1,0))),"") | I14: =IFERROR(IF(INDEX(qblkp,MATCH(G14,qb,0),MATCH("Projected Points",QB!$1:$1,0))=0,"",INDEX(qblkp,MATCH(G14,qb,0),MATCH("Projected Points",QB!$1:$1,0))),"") | J14: =IFERROR(IF(INDEX(qblkp,MATCH(H14,qb,0),MATCH("Injury Indicator",QB!$1:$1,0))=0,"",INDEX(qblkp,MATCH(H14,qb,0),MATCH("Injury Indicator",QB!$1:$1,0))),"") | M14: =IFERROR(IF(INDEX(qblkp,MATCH(L14,qb,0),MATCH($C$1,QB!$1:$1,0))=0,"",INDEX(qblkp,MATCH(L14,qb,0),MATCH($C$1,QB!$1:$1,0))),"") | N14: =IFERROR(IF(INDEX(qblkp,MATCH(L14,qb,0),MATCH("Projected Points",QB!$1:$1,0))=0,"",INDEX(qblkp,MATCH(L14,qb,0),MATCH("Projected Points",QB!$1:$1,0))),"") | O14: =IFERROR(IF(INDEX(qblkp,MATCH(M14,qb,0),MATCH("Injury Indicator",QB!$1:$1,0))=0,"",INDEX(qblkp,MATCH(M14,qb,0),MATCH("Injury Indicator",QB!$1:$1,0))),"")
A15: RB1 | C15: =IFERROR(IF(INDEX(rblkp,MATCH(B15,rb,0),MATCH($C$1,RB!$1:$1,0))=0,"",INDEX(rblkp,MATCH(B15,rb,0),MATCH($C$1,RB!$1:$1,0))),"") | D15: =IFERROR(IF(INDEX(rblkp,MATCH(B15,rb,0),MATCH("Projected Points",RB!$1:$1,0))=0,"",INDEX(rblkp,MATCH(B15,rb,0),MATCH("Projected Points",RB!$1:$1,0))),"") | E15: =IFERROR(IF(INDEX(rblkp,MATCH(C15,rb,0),MATCH("Injury Indicator",RB!$1:$1,0))=0,"",INDEX(rblkp,MATCH(C15,rb,0),MATCH("Injury Indicator",RB!$1:$1,0))),"") | H15: =IFERROR(IF(INDEX(rblkp,MATCH(G15,rb,0),MATCH($C$1,RB!$1:$1,0))=0,"",INDEX(rblkp,MATCH(G15,rb,0),MATCH($C$1,RB!$1:$1,0))),"") | I15: =IFERROR(IF(INDEX(rblkp,MATCH(G15,rb,0),MATCH("Projected Points",RB!$1:$1,0))=0,"",INDEX(rblkp,MATCH(G15,rb,0),MATCH("Projected Points",RB!$1:$1,0))),"") | J15: =IFERROR(IF(INDEX(rblkp,MATCH(H15,rb,0),MATCH("Injury Indicator",RB!$1:$1,0))=0,"",INDEX(rblkp,MATCH(H15,rb,0),MATCH("Injury Indicator",RB!$1:$1,0))),"") | M15: =IFERROR(IF(INDEX(rblkp,MATCH(L15,rb,0),MATCH($C$1,RB!$1:$1,0))=0,"",INDEX(rblkp,MATCH(L15,rb,0),MATCH($C$1,RB!$1:$1,0))),"") | N15: =IFERROR(IF(INDEX(rblkp,MATCH(L15,rb,0),MATCH("Projected Points",RB!$1:$1,0))=0,"",INDEX(rblkp,MATCH(L15,rb,0),MATCH("Projected Points",RB!$1:$1,0))),"") | O15: =IFERROR(IF(INDEX(rblkp,MATCH(M15,rb,0),MATCH("Injury Indicator",RB!$1:$1,0))=0,"",INDEX(rblkp,MATCH(M15,rb,0),MATCH("Injury Indicator",RB!$1:$1,0))),"")
A16: RB2 | C16: =IFERROR(IF(INDEX(rblkp,MATCH(B16,rb,0),MATCH($C$1,RB!$1:$1,0))=0,"",INDEX(rblkp,MATCH(B16,rb,0),MATCH($C$1,RB!$1:$1,0))),"") | D16: =IFERROR(IF(INDEX(rblkp,MATCH(B16,rb,0),MATCH("Projected Points",RB!$1:$1,0))=0,"",INDEX(rblkp,MATCH(B16,rb,0),MATCH("Projected Points",RB!$1:$1,0))),"") | E16: =IFERROR(IF(INDEX(rblkp,MATCH(C16,rb,0),MATCH("Injury Indicator",RB!$1:$1,0))=0,"",INDEX(rblkp,MATCH(C16,rb,0),MATCH("Injury Indicator",RB!$1:$1,0))),"") | H16: =IFERROR(IF(INDEX(rblkp,MATCH(G16,rb,0),MATCH($C$1,RB!$1:$1,0))=0,"",INDEX(rblkp,MATCH(G16,rb,0),MATCH($C$1,RB!$1:$1,0))),"") | I16: =IFERROR(IF(INDEX(rblkp,MATCH(G16,rb,0),MATCH("Projected Points",RB!$1:$1,0))=0,"",INDEX(rblkp,MATCH(G16,rb,0),MATCH("Projected Points",RB!$1:$1,0))),"") | J16: =IFERROR(IF(INDEX(rblkp,MATCH(H16,rb,0),MATCH("Injury Indicator",RB!$1:$1,0))=0,"",INDEX(rblkp,MATCH(H16,rb,0),MATCH("Injury Indicator",RB!$1:$1,0))),"") | M16: =IFERROR(IF(INDEX(rblkp,MATCH(L16,rb,0),MATCH($C$1,RB!$1:$1,0))=0,"",INDEX(rblkp,MATCH(L16,rb,0),MATCH($C$1,RB!$1:$1,0))),"") | N16: =IFERROR(IF(INDEX(rblkp,MATCH(L16,rb,0),MATCH("Projected Points",RB!$1:$1,0))=0,"",INDEX(rblkp,MATCH(L16,rb,0),MATCH("Projected Points",RB!$1:$1,0))),"") | O16: =IFERROR(IF(INDEX(rblkp,MATCH(M16,rb,0),MATCH("Injury Indicator",RB!$1:$1,0))=0,"",INDEX(rblkp,MATCH(M16,rb,0),MATCH("Injury Indicator",RB!$1:$1,0))),"")
A17: WR1 | C17: =IFERROR(IF(INDEX(wrlkp,MATCH(B17,wr,0),MATCH($C$1,WR!$1:$1,0))=0,"",INDEX(wrlkp,MATCH(B17,wr,0),MATCH($C$1,WR!$1:$1,0))),"") | D17: =IFERROR(IF(INDEX(wrlkp,MATCH(B17,wr,0),MATCH("Projected Points",WR!$1:$1,0))=0,"",INDEX(wrlkp,MATCH(B17,wr,0),MATCH("Projected Points",WR!$1:$1,0))),"") | E17: =IFERROR(IF(INDEX(wrlkp,MATCH(C17,wr,0),MATCH("Injury Indicator",WR!$1:$1,0))=0,"",INDEX(wrlkp,MATCH(C17,wr,0),MATCH("Injury Indicator",WR!$1:$1,0))),"") | H17: =IFERROR(IF(INDEX(wrlkp,MATCH(G17,wr,0),MATCH($C$1,WR!$1:$1,0))=0,"",INDEX(wrlkp,MATCH(G17,wr,0),MATCH($C$1,WR!$1:$1,0))),"") | I17: =IFERROR(IF(INDEX(wrlkp,MATCH(G17,wr,0),MATCH("Projected Points",WR!$1:$1,0))=0,"",INDEX(wrlkp,MATCH(G17,wr,0),MATCH("Projected Points",WR!$1:$1,0))),"") | J17: =IFERROR(IF(INDEX(wrlkp,MATCH(H17,wr,0),MATCH("Injury Indicator",WR!$1:$1,0))=0,"",INDEX(wrlkp,MATCH(H17,wr,0),MATCH("Injury Indicator",WR!$1:$1,0))),"") | M17: =IFERROR(IF(INDEX(wrlkp,MATCH(L17,wr,0),MATCH($C$1,WR!$1:$1,0))=0,"",INDEX(wrlkp,MATCH(L17,wr,0),MATCH($C$1,WR!$1:$1,0))),"") | N17: =IFERROR(IF(INDEX(wrlkp,MATCH(L17,wr,0),MATCH("Projected Points",WR!$1:$1,0))=0,"",INDEX(wrlkp,MATCH(L17,wr,0),MATCH("Projected Points",WR!$1:$1,0))),"") | O17: =IFERROR(IF(INDEX(wrlkp,MATCH(M17,wr,0),MATCH("Injury Indicator",WR!$1:$1,0))=0,"",INDEX(wrlkp,MATCH(M17,wr,0),MATCH("Injury Indicator",WR!$1:$1,0))),"")
A18: WR2 | C18: =IFERROR(IF(INDEX(wrlkp,MATCH(B18,wr,0),MATCH($C$1,WR!$1:$1,0))=0,"",INDEX(wrlkp,MATCH(B18,wr,0),MATCH($C$1,WR!$1:$1,0))),"") | D18: =IFERROR(IF(INDEX(wrlkp,MATCH(B18,wr,0),MATCH("Projected Points",WR!$1:$1,0))=0,"",INDEX(wrlkp,MATCH(B18,wr,0),MATCH("Projected Points",WR!$1:$1,0))),"") | E18: =IFERROR(IF(INDEX(wrlkp,MATCH(C18,wr,0),MATCH("Injury Indicator",WR!$1:$1,0))=0,"",INDEX(wrlkp,MATCH(C18,wr,0),MATCH("Injury Indicator",WR!$1:$1,0))),"") | H18: =IFERROR(IF(INDEX(wrlkp,MATCH(G18,wr,0),MATCH($C$1,WR!$1:$1,0))=0,"",INDEX(wrlkp,MATCH(G18,wr,0),MATCH($C$1,WR!$1:$1,0))),"") | I18: =IFERROR(IF(INDEX(wrlkp,MATCH(G18,wr,0),MATCH("Projected Points",WR!$1:$1,0))=0,"",INDEX(wrlkp,MATCH(G18,wr,0),MATCH("Projected Points",WR!$1:$1,0))),"") | J18: =IFERROR(IF(INDEX(wrlkp,MATCH(H18,wr,0),MATCH("Injury Indicator",WR!$1:$1,0))=0,"",INDEX(wrlkp,MATCH(H18,wr,0),MATCH("Injury Indicator",WR!$1:$1,0))),"") | M18: =IFERROR(IF(INDEX(wrlkp,MATCH(L18,wr,0),MATCH($C$1,WR!$1:$1,0))=0,"",INDEX(wrlkp,MATCH(L18,wr,0),MATCH($C$1,WR!$1:$1,0))),"") | N18: =IFERROR(IF(INDEX(wrlkp,MATCH(L18,wr,0),MATCH("Projected Points",WR!$1:$1,0))=0,"",INDEX(wrlkp,MATCH(L18,wr,0),MATCH("Projected Points",WR!$1:$1,0))),"") | O18: =IFERROR(IF(INDEX(wrlkp,MATCH(M18,wr,0),MATCH("Injury Indicator",WR!$1:$1,0))=0,"",INDEX(wrlkp,MATCH(M18,wr,0),MATCH("Injury Indicator",WR!$1:$1,0))),"")
A19: WR3 | C19: =IFERROR(IF(INDEX(wrlkp,MATCH(B19,wr,0),MATCH($C$1,WR!$1:$1,0))=0,"",INDEX(wrlkp,MATCH(B19,wr,0),MATCH($C$1,WR!$1:$1,0))),"") | D19: =IFERROR(IF(INDEX(wrlkp,MATCH(B19,wr,0),MATCH("Projected Points",WR!$1:$1,0))=0,"",INDEX(wrlkp,MATCH(B19,wr,0),MATCH("Projected Points",WR!$1:$1,0))),"") | E19: =IFERROR(IF(INDEX(wrlkp,MATCH(C19,wr,0),MATCH("Injury Indicator",WR!$1:$1,0))=0,"",INDEX(wrlkp,MATCH(C19,wr,0),MATCH("Injury Indicator",WR!$1:$1,0))),"") | H19: =IFERROR(IF(INDEX(wrlkp,MATCH(G19,wr,0),MATCH($C$1,WR!$1:$1,0))=0,"",INDEX(wrlkp,MATCH(G19,wr,0),MATCH($C$1,WR!$1:$1,0))),"") | I19: =IFERROR(IF(INDEX(wrlkp,MATCH(G19,wr,0),MATCH("Projected Points",WR!$1:$1,0))=0,"",INDEX(wrlkp,MATCH(G19,wr,0),MATCH("Projected Points",WR!$1:$1,0))),"") | J19: =IFERROR(IF(INDEX(wrlkp,MATCH(H19,wr,0),MATCH("Injury Indicator",WR!$1:$1,0))=0,"",INDEX(wrlkp,MATCH(H19,wr,0),MATCH("Injury Indicator",WR!$1:$1,0))),"") | M19: =IFERROR(IF(INDEX(wrlkp,MATCH(L19,wr,0),MATCH($C$1,WR!$1:$1,0))=0,"",INDEX(wrlkp,MATCH(L19,wr,0),MATCH($C$1,WR!$1:$1,0))),"") | N19: =IFERROR(IF(INDEX(wrlkp,MATCH(L19,wr,0),MATCH("Projected Points",WR!$1:$1,0))=0,"",INDEX(wrlkp,MATCH(L19,wr,0),MATCH("Projected Points",WR!$1:$1,0))),"") | O19: =IFERROR(IF(INDEX(wrlkp,MATCH(M19,wr,0),MATCH("Injury Indicator",WR!$1:$1,0))=0,"",INDEX(wrlkp,MATCH(M19,wr,0),MATCH("Injury Indicator",WR!$1:$1,0))),"")
A20: TE | C20: =IFERROR(IF(INDEX(telkp,MATCH(B20,te,0),MATCH($C$1,TE!$1:$1,0))=0,"",INDEX(telkp,MATCH(B20,te,0),MATCH($C$1,TE!$1:$1,0))),"") | D20: =IFERROR(IF(INDEX(telkp,MATCH(B20,te,0),MATCH("Projected Points",TE!$1:$1,0))=0,"",INDEX(telkp,MATCH(B20,te,0),MATCH("Projected Points",TE!$1:$1,0))),"") | E20: =IFERROR(IF(INDEX(telkp,MATCH(C20,te,0),MATCH("Injury Indicator",TE!$1:$1,0))=0,"",INDEX(telkp,MATCH(C20,te,0),MATCH("Injury Indicator",TE!$1:$1,0))),"") | H20: =IFERROR(IF(INDEX(telkp,MATCH(G20,te,0),MATCH($C$1,TE!$1:$1,0))=0,"",INDEX(telkp,MATCH(G20,te,0),MATCH($C$1,TE!$1:$1,0))),"") | I20: =IFERROR(IF(INDEX(telkp,MATCH(G20,te,0),MATCH("Projected Points",TE!$1:$1,0))=0,"",INDEX(telkp,MATCH(G20,te,0),MATCH("Projected Points",TE!$1:$1,0))),"") | J20: =IFERROR(IF(INDEX(telkp,MATCH(H20,te,0),MATCH("Injury Indicator",TE!$1:$1,0))=0,"",INDEX(telkp,MATCH(H20,te,0),MATCH("Injury Indicator",TE!$1:$1,0))),"") | M20: =IFERROR(IF(INDEX(telkp,MATCH(L20,te,0),MATCH($C$1,TE!$1:$1,0))=0,"",INDEX(telkp,MATCH(L20,te,0),MATCH($C$1,TE!$1:$1,0))),"") | N20: =IFERROR(IF(INDEX(telkp,MATCH(L20,te,0),MATCH("Projected Points",TE!$1:$1,0))=0,"",INDEX(telkp,MATCH(L20,te,0),MATCH("Projected Points",TE!$1:$1,0))),"") | O20: =IFERROR(IF(INDEX(telkp,MATCH(M20,te,0),MATCH("Injury Indicator",TE!$1:$1,0))=0,"",INDEX(telkp,MATCH(M20,te,0),MATCH("Injury Indicator",TE!$1:$1,0))),"")
A21: FLEX | C21: =IFERROR(IF(INDEX(flexlkp,MATCH(B21,flex,0),MATCH($C$1,FLEX!$1:$1,0))=0,"",INDEX(flexlkp,MATCH(B21,flex,0),MATCH($C$1,FLEX!$1:$1,0))),"") | D21: =IFERROR(IF(INDEX(flexlkp,MATCH(B21,flex,0),MATCH("Projected Points",FLEX!$1:$1,0))=0,"",INDEX(flexlkp,MATCH(B21,flex,0),MATCH("Projected Points",FLEX!$1:$1,0))),"") | E21: =IFERROR(IF(INDEX(flexlkp,MATCH(C21,flex,0),MATCH("Injury Indicator",FLEX!$1:$1,0))=0,"",INDEX(flexlkp,MATCH(C21,flex,0),MATCH("Injury Indicator",FLEX!$1:$1,0))),"") | H21: =IFERROR(IF(INDEX(flexlkp,MATCH(G21,flex,0),MATCH($C$1,FLEX!$1:$1,0))=0,"",INDEX(flexlkp,MATCH(G21,flex,0),MATCH($C$1,FLEX!$1:$1,0))),"") | I21: =IFERROR(IF(INDEX(flexlkp,MATCH(G21,flex,0),MATCH("Projected Points",FLEX!$1:$1,0))=0,"",INDEX(flexlkp,MATCH(G21,flex,0),MATCH("Projected Points",FLEX!$1:$1,0))),"") | J21: =IFERROR(IF(INDEX(flexlkp,MATCH(H21,flex,0),MATCH("Injury Indicator",FLEX!$1:$1,0))=0,"",INDEX(flexlkp,MATCH(H21,flex,0),MATCH("Injury Indicator",FLEX!$1:$1,0))),"") | M21: =IFERROR(IF(INDEX(flexlkp,MATCH(L21,flex,0),MATCH($C$1,FLEX!$1:$1,0))=0,"",INDEX(flexlkp,MATCH(L21,flex,0),MATCH($C$1,FLEX!$1:$1,0))),"") | N21: =IFERROR(IF(INDEX(flexlkp,MATCH(L21,flex,0),MATCH("Projected Points",FLEX!$1:$1,0))=0,"",INDEX(flexlkp,MATCH(L21,flex,0),MATCH("Projected Points",FLEX!$1:$1,0))),"") | O21: =IFERROR(IF(INDEX(flexlkp,MATCH(M21,flex,0),MATCH("Injury Indicator",FLEX!$1:$1,0))=0,"",INDEX(flexlkp,MATCH(M21,flex,0),MATCH("Injury Indicator",FLEX!$1:$1,0))),"")
A22: DEF | C22: =IFERROR(IF(INDEX(deflkp,MATCH(B22,def,0),MATCH($C$1,DEF!$1:$1,0))=0,"",INDEX(deflkp,MATCH(B22,def,0),MATCH($C$1,DEF!$1:$1,0))),"") | D22: =IFERROR(IF(INDEX(deflkp,MATCH(B22,def,0),MATCH("Projected Points",DEF!$1:$1,0))=0,"",INDEX(deflkp,MATCH(B22,def,0),MATCH("Projected Points",DEF!$1:$1,0))),"") | E22: =IFERROR(IF(INDEX(deflkp,MATCH(C22,def,0),MATCH("Injury Indicator",DEF!$1:$1,0))=0,"",INDEX(deflkp,MATCH(C22,def,0),MATCH("Injury Indicator",DEF!$1:$1,0))),"") | H22: =IFERROR(IF(INDEX(deflkp,MATCH(G22,def,0),MATCH($C$1,DEF!$1:$1,0))=0,"",INDEX(deflkp,MATCH(G22,def,0),MATCH($C$1,DEF!$1:$1,0))),"") | I22: =IFERROR(IF(INDEX(deflkp,MATCH(G22,def,0),MATCH("Projected Points",DEF!$1:$1,0))=0,"",INDEX(deflkp,MATCH(G22,def,0),MATCH("Projected Points",DEF!$1:$1,0))),"") | J22: =IFERROR(IF(INDEX(deflkp,MATCH(H22,def,0),MATCH("Injury Indicator",DEF!$1:$1,0))=0,"",INDEX(deflkp,MATCH(H22,def,0),MATCH("Injury Indicator",DEF!$1:$1,0))),"") | M22: =IFERROR(IF(INDEX(deflkp,MATCH(L22,def,0),MATCH($C$1,DEF!$1:$1,0))=0,"",INDEX(deflkp,MATCH(L22,def,0),MATCH($C$1,DEF!$1:$1,0))),"") | N22: =IFERROR(IF(INDEX(deflkp,MATCH(L22,def,0),MATCH("Projected Points",DEF!$1:$1,0))=0,"",INDEX(deflkp,MATCH(L22,def,0),MATCH("Projected Points",DEF!$1:$1,0))),"") | O22: =IFERROR(IF(INDEX(deflkp,MATCH(M22,def,0),MATCH("Injury Indicator",DEF!$1:$1,0))=0,"",INDEX(deflkp,MATCH(M22,def,0),MATCH("Injury Indicator",DEF!$1:$1,0))),"")
A23: TOTALS | C23: =60000-SUM(C14:C22) -> 60000 | D23: =SUM(D14:D22) -> 0 | H23: =60000-SUM(H14:H22) -> 60000 | I23: =SUM(I14:I22) -> 0 | M23: =60000-SUM(M14:M22) -> 60000 | N23: =SUM(N14:N22) -> 0

Sheet DEF
A1: Id | B1: Position | C1: First Name | D1: Nickname | E1: Last Name | F1: FPPG | G1: Played | H1: Salary | I1: Game | J1: Team | K1: Opponent | L1: Injury Indicator | M1: Injury Details | N1: Tier | O1: Points | P1: Projected Points | Q1: Roster Position
A2: 107027-12537 | B2: D | C2: Las Vegas | D2: Las Vegas Raiders | E2: Raiders | F2: 2.5 | G2: 2 | H2: 5000 | I2: CAR@LV | J2: LV | K2: CAR | N2: 1 | P2: 2.5 | Q2: DEF
A3: 107027-12529 | B3: D | C3: Cleveland | D3: Cleveland Browns | E3: Browns | F3: 6.5 | G3: 2 | H3: 4900 | I3: NYG@CLE | J3: CLE | K3: NYG | N3: 1 | P3: 6.5 | Q3: DEF
A4: 107027-12547 | B4: D | C4: Pittsburgh | D4: Pittsburgh Steelers | E4: Steelers | F4: 12.5 | G4: 2 | H4: 4800 | I4: LAC@PIT | J4: PIT | K4: LAC | N4: 1 | P4: 12.5 | Q4: DEF
A5: 107027-12551 | B5: D | C5: Tampa Bay | D5: Tampa Bay Buccaneers | E5: Buccaneers | F5: 4 | G5: 2 | H5: 4700 | I5: DEN@TB | J5: TB | K5: DEN | N5: 1 | P5: 4 | Q5: DEF
A6: 107027-12550 | B6: D | C6: Seattle | D6: Seattle Seahawks | E6: Seahawks | F6: 7.5 | G6: 2 | H6: 4600 | I6: MIA@SEA | J6: SEA | K6: MIA | N6: 1 | P6: 7.5 | Q6: DEF
A7: 107027-12536 | B7: D | C7: Kansas City | D7: Kansas City Chiefs | E7: Chiefs | F7: 7.5 | G7: 2 | H7: 4500 | I7: KC@ATL | J7: KC | K7: ATL | N7: 1 | P7: 7.5 | Q7: DEF
A8: 107027-12549 | B8: D | C8: San Francisco | D8: San Francisco 49ers | E8: 49ers | F8: 7 | G8: 2 | H8: 4400 | I8: SF@LAR | J8: SF | K8: LAR | N8: 1 | P8: 7 | Q8: DEF
A9: 107027-12542 | B9: D | C9: New Orleans | D9: New Orleans Saints | E9: Saints | F9: 11 | G9: 2 | H9: 4300 | I9: PHI@NO | J9: NO | K9: PHI | N9: 1 | P9: 11 | Q9: DEF
A10: 107027-12556 | B10: D | C10: Houston | D10: Houston Texans | E10: Texans | F10: 9.5 | G10: 2 | H10: 4200 | I10: HOU@MIN | J10: HOU | K10: MIN | N10: 1 | P10: 9.5 | Q10: DEF
A11: 107027-12540 | B11: D | C11: Minnesota | D11: Minnesota Vikings | E11: Vikings | F11: 17.5 | G11: 2 | H11: 4100 | I11: HOU@MIN | J11: MIN | K11: HOU | N11: 1 | P11: 17.5 | Q11: DEF
A12: 107027-12555 | B12: D | C12: Baltimore | D12: Baltimore Ravens | E12: Ravens | F12: 5.5 | G12: 2 | H12: 4000 | I12: BAL@DAL | J12: BAL | K12: DAL | N12: 1 | P12: 5.5 | Q12: DEF
A13: 107027-12533 | B13: D | C13: Green Bay | D13: Green Bay Packers | E13: Packers | F13: 9 | G13: 2 | H13: 4000 | I13: GB@TEN | J13: GB | K13: TEN | N13: 1 | P13: 9 | Q13: DEF
... A27: 107027-12553 | B27: D | C27: Carolina | D27: Carolina Panthers | E27: Panthers | F27: 2 | G27: 2 | H27: 3000 | I27: CAR@LV | J27: CAR | K27: LV | N27: 1 | P27: 2 | Q27: DEF

Sheet QB
A1: Id | B1: Position | C1: First Name | D1: Nickname | E1: Last Name | F1: FPPG | G1: Played | H1: Salary | I1: Game | J1: Team | K1: Opponent | L1: Injury Indicator | M1: Injury Details | N1: Tier | O1: Points | P1: Projected Points | Q1: Roster Position
A2: 107027-63115 | B2: QB | C2: Lamar | D2: Lamar Jackson | E2: Jackson | F2: 22.75 | G2: 2 | H2: 8800 | I2: BAL@DAL | J2: BAL | K2: DAL | N2: 1 | P2: 22.75 | Q2: QB
A3: 107027-57439 | B3: QB | C3: Patrick | D3: Patrick Mahomes | E3: Mahomes | F3: 15.29 | G3: 2 | H3: 8700 | I3: KC@ATL | J3: KC | K3: ATL | N3: 1 | P3: 15.29 | Q3: QB
A4: 107027-69531 | B4: QB | C4: Jalen | D4: Jalen Hurts | E4: Hurts | F4: 21.620001 | G4: 2 | H4: 8500 | I4: PHI@NO | J4: PHI | K4: NO | N4: 1 | P4: 21.620001 | Q4: QB
A5: 107027-63484 | B5: QB | C5: Kyler | D5: Kyler Murray | E5: Murray | F5: 21.360001 | G5: 2 | H5: 8300 | I5: DET@ARI | J5: ARI | K5: DET | N5: 1 | P5: 21.360001 | Q5: QB
A6: 107027-129471 | B6: QB | C6: C.J. | D6: C.J. Stroud | E6: Stroud | F6: 16.48 | G6: 2 | H6: 8200 | I6: HOU@MIN | J6: HOU | K6: MIN | N6: 1 | P6: 16.48 | Q6: QB
A7: 107027-129315 | B7: QB | C7: Anthony | D7: Anthony Richardson | E7: Richardson | F7: 19.969999 | G7: 2 | H7: 8000 | I7: CHI@IND | J7: IND | K7: CHI | N7: 1 | P7: 19.969999 | Q7: QB
A8: 107027-45859 | B8: QB | C8: Derek | D8: Derek Carr | E8: Carr | F8: 22.059999 | G8: 2 | H8: 7900 | I8: PHI@NO | J8: NO | K8: PHI | N8: 1 | P8: 22.059999 | Q8: QB
A9: 107027-31716 | B9: QB | C9: Dak | D9: Dak Prescott | E9: Prescott | F9: 13.19 | G9: 2 | H9: 7800 | I9: BAL@DAL | J9: DAL | K9: BAL | N9: 1 | P9: 13.19 | Q9: QB
A10: 107027-41535 | B10: QB | C10: Baker | D10: Baker Mayfield | E10: Mayfield | F10: 24.73 | G10: 2 | H10: 7700 | I10: DEN@TB | J10: TB | K10: DEN | N10: 1 | P10: 24.73 | Q10: QB
A11: 107027-26483 | B11: QB | C11: Geno | D11: Geno Smith | E11: Smith | F11: 19.860001 | G11: 2 | H11: 7600 | I11: MIA@SEA | J11: SEA | K11: MIA | N11: 1 | P11: 19.860001 | Q11: QB
A12: 107027-38435 | B12: QB | C12: Jared | D12: Jared Goff | E12: Goff | F12: 13.08 | G12: 2 | H12: 7500 | I12: DET@ARI | J12: DET | K12: ARI | N12: 1 | P12: 13.08 | Q12: QB
A13: 107027-85607 | B13: QB | C13: Brock | D13: Brock Purdy | E13: Purdy | F13: 14.15 | G13: 2 | H13: 7400 | I13: SF@LAR | J13: SF | K13: LAR | N13: 1 | P13: 14.15 | Q13: QB
A14: 107027-54879 | B14: QB | C14: Deshaun | D14: Deshaun Watson | E14: Watson | F14: 14.05 | G14: 2 | H14: 7300 | I14: NYG@CLE | J14: CLE | K14: NYG | N14: 1 | P14: 14.05 | Q14: QB
A15: 107027-69189 | B15: QB | C15: Justin | D15: Justin Herbert | E15: Herbert | F15: 11.18 | G15: 2 | H15: 7300 | I15: LAC@PIT | J15: LAC | K15: PIT | L15: Q | M15: Ankle | N15: 1 | P15: 11.18 | Q15: QB
A16: 107027-22038 | B16: QB | C16: Kirk | D16: Kirk Cousins | E16: Cousins | F16: 12.87 | G16: 2 | H16: 7200 | I16: KC@ATL | J16: ATL | K16: KC | N16: 1 | P16: 12.87 | Q16: QB
A17: 107027-61798 | B17: QB | C17: Gardner | D17: Gardner Minshew II | E17: Minshew II | F17: 12.86 | G17: 2 | H17: 7200 | I17: CAR@LV | J17: LV | K17: CAR | N17: 1 | P17: 12.86 | Q17: QB
A18: 107027-6654 | B18: QB | C18: Matthew | D18: Matthew Stafford | E18: Stafford | F18: 12.66 | G18: 2 | H18: 7100 | I18: SF@LAR | J18: LAR | K18: SF | N18: 1 | P18: 12.66 | Q18: QB
A19: 107027-63589 | B19: QB | C19: Sam | D19: Sam Darnold | E19: Darnold | F19: 18.27 | G19: 2 | H19: 7100 | I19: HOU@MIN | J19: MIN | K19: HOU | N19: 1 | P19: 18.27 | Q19: QB
A20: 107027-152113 | B20: QB | C20: Caleb | D20: Caleb Williams | E20: Williams | F20: 8.29 | G20: 2 | H20: 7000 | I20: CHI@IND | J20: CHI | K20: IND | N20: 1 | P20: 8.29 | Q20: QB
A21: 107027-87691 | B21: QB | C21: Malik | D21: Malik Willis | E21: Willis | F21: 6.4899998 | G21: 2 | H21: 6900 | I21: GB@TEN | J21: GB | K21: TEN | N21: 1 | P21: 6.4899998 | Q21: QB
A22: 107027-63519 | B22: QB | C22: Daniel | D22: Daniel Jones | E22: Jones | F22: 12.63 | G22: 2 | H22: 6800 | I22: NYG@CLE | J22: NYG | K22: CLE | N22: 1 | P22: 12.63 | Q22: QB
A23: 107027-86243 | B23: QB | C23: Will | D23: Will Levis | E23: Levis | F23: 10.58 | G23: 2 | H23: 6800 | I23: GB@TEN | J23: TEN | K23: GB | N23: 1 | P23: 10.58 | Q23: QB
A24: 107027-91591 | B24: QB | C24: Justin | D24: Justin Fields | E24: Fields | F24: 11.66 | G24: 2 | H24: 6700 | I24: LAC@PIT | J24: PIT | K24: LAC | N24: 1 | P24: 11.66 | Q24: QB
A25: 107027-69294 | B25: QB | C25: Skylar | D25: Skylar Thompson | E25: Thompson | F25: 3.5999999 | G25: 1 | H25: 6600 | I25: MIA@SEA | J25: MIA | K25: SEA | N25: 1 | P25: 3.5999999 | Q25: QB
A26: 107027-102965 | B26: QB | C26: Bo | D26: Bo Nix | E26: Nix | F26: 11.68 | G26: 2 | H26: 6500 | I26: DEN@TB | J26: DEN | K26: TB | N26: 1 | P26: 11.68 | Q26: QB
A27: 107027-119606 | B27: QB | C27: Bryce | D27: Bryce Young | E27: Young | F27: 7.3000002 | G27: 2 | H27: 6400 | I27: CAR@LV | J27: CAR | K27: LV | N27: 1 | P27: 7.3000002 | Q27: QB

Sheet RB
A1: Id | B1: Position | C1: First Name | D1: Nickname | E1: Last Name | F1: FPPG | G1: Played | H1: Salary | I1: Game | J1: Team | K1: Opponent | L1: Injury Indicator | M1: Injury Details | N1: Tier | O1: Points | P1: Projected Points | Q1: Roster Position
A2: 107027-64401 | B2: RB | C2: Saquon | D2: Saquon Barkley | E2: Barkley | F2: 25.4 | G2: 2 | H2: 8700 | I2: PHI@NO | J2: PHI | K2: NO | N2: 1 | P2: 25.4 | Q2: RB/FLEX | R2: RB/FLEX
A3: 107027-136855 | B3: RB | C3: Bijan | D3: Bijan Robinson | E3: Robinson | F3: 13.9 | G3: 2 | H3: 8500 | I3: KC@ATL | J3: ATL | K3: KC | N3: 1 | P3: 13.9 | Q3: RB/FLEX | R3: RB/FLEX
A4: 107027-42104 | B4: RB | C4: Alvin | D4: Alvin Kamara | E4: Kamara | F4: 32.75 | G4: 2 | H4: 8400 | I4: PHI@NO | J4: NO | K4: PHI | N4: 1 | P4: 32.75 | Q4: RB/FLEX | R4: RB/FLEX
A5: 107027-86875 | B5: RB | C5: Jordan | D5: Jordan Mason | E5: Mason | F5: 22.299999 | G5: 2 | H5: 8300 | I5: SF@LAR | J5: SF | K5: LAR | N5: 1 | P5: 22.299999 | Q5: RB/FLEX | R5: RB/FLEX
A6: 107027-89675 | B6: RB | C6: Jonathan | D6: Jonathan Taylor | E6: Taylor | F6: 14.15 | G6: 2 | H6: 8000 | I6: CHI@IND | J6: IND | K6: CHI | N6: 1 | P6: 14.15 | Q6: RB/FLEX | R6: RB/FLEX
A7: 107027-129368 | B7: RB | C7: Jahmyr | D7: Jahmyr Gibbs | E7: Gibbs | F7: 14.75 | G7: 2 | H7: 7900 | I7: DET@ARI | J7: DET | K7: ARI | N7: 1 | P7: 14.75 | Q7: RB/FLEX | R7: RB/FLEX
A8: 107027-39280 | B8: RB | C8: Derrick | D8: Derrick Henry | E8: Henry | F8: 13.35 | G8: 2 | H8: 7800 | I8: BAL@DAL | J8: BAL | K8: DAL | N8: 1 | P8: 13.35 | Q8: RB/FLEX | R8: RB/FLEX
A9: 107027-138820 | B9: RB | C9: De'Von | D9: De'Von Achane | E9: Achane | F9: 22.75 | G9: 2 | H9: 7700 | I9: MIA@SEA | J9: MIA | K9: SEA | N9: 1 | P9: 22.75 | Q9: RB/FLEX | R9: RB/FLEX
A10: 107027-104433 | B10: RB | C10: Kyren | D10: Kyren Williams | E10: Williams | F10: 13.05 | G10: 2 | H10: 7500 | I10: SF@LAR | J10: LAR | K10: SF | N10: 1 | P10: 13.05 | Q10: RB/FLEX | R10: RB/FLEX
A11: 107027-40687 | B11: RB | C11: James | D11: James Conner | E11: Conner | F11: 19.85 | G11: 2 | H11: 7400 | I11: DET@ARI | J11: ARI | K11: DET | N11: 1 | P11: 19.85 | Q11: RB/FLEX | R11: RB/FLEX
A12: 107027-72731 | B12: RB | C12: Josh | D12: Josh Jacobs | E12: Jacobs | F12: 13.75 | G12: 2 | H12: 7300 | I12: GB@TEN | J12: GB | K12: TEN | N12: 1 | P12: 13.75 | Q12: RB/FLEX | R12: RB/FLEX
A13: 107027-87787 | B13: RB | C13: J.K. | D13: J.K. Dobbins | E13: Dobbins | F13: 23.5 | G13: 2 | H13: 7200 | I13: LAC@PIT | J13: LAC | K13: PIT | N13: 1 | P13: 23.5 | Q13: RB/FLEX | R13: RB/FLEX
... A27: 107027-28827 | B27: RB | C27: Dare | D27: Dare Ogunbowale | E27: Ogunbowale | F27: 2.05 | G27: 2 | H27: 4500 | I27: HOU@MIN | J27: HOU | K27: MIN | N27: 1 | P27: 2.05 | Q27: RB/FLEX | R27: RB/FLEX
A28: 105738-91578 | B28: RB | C28: Zamir | D28: Zamir White | E28: White | F28: 4.7428573 | G28: 14 | H28: 6400 | I28: LV@LAC | J28: LV | K28: LAC | N28: 1 | P28: 1.9 | Q28: RB/FLEX
A29: 105738-136855 | B29: RB | C29: Bijan | D29: Bijan Robinson | E29: Robinson | F29: 12.782353 | G29: 17 | H29: 8800 | I29: PIT@ATL | J29: ATL | K29: PIT | N29: 1 | P29: 1.4 | Q29: RB/FLEX

Sheet TE
A1: Id | B1: Position | C1: First Name | D1: Nickname | E1: Last Name | F1: FPPG | G1: Played | H1: Salary | I1: Game | J1: Team | K1: Opponent | L1: Injury Indicator | M1: Injury Details | N1: Tier | O1: Points | P1: Projected Points | Q1: Roster Position
A2: 107027-33076 | B2: TE | C2: Travis | D2: Travis Kelce | E2: Kelce | F2: 3 | G2: 2 | H2: 7200 | I2: KC@ATL | J2: KC | K2: ATL | N2: 1 | P2: 3 | Q2: TE/FLEX
A3: 107027-105646 | B3: TE | C3: Sam | D3: Sam LaPorta | E3: LaPorta | F3: 4.4000001 | G3: 2 | H3: 7000 | I3: DET@ARI | J3: DET | K3: ARI | N3: 1 | P3: 4.4000001 | Q3: TE/FLEX
A4: 107027-91750 | B4: TE | C4: Trey | D4: Trey McBride | E4: McBride | F4: 10.6 | G4: 2 | H4: 6800 | I4: DET@ARI | J4: ARI | K4: DET | N4: 1 | P4: 10.6 | Q4: TE/FLEX
A5: 107027-52436 | B5: TE | C5: Mark | D5: Mark Andrews | E5: Andrews | F5: 4.75 | G5: 2 | H5: 6400 | I5: BAL@DAL | J5: BAL | K5: DAL | N5: 1 | P5: 4.75 | Q5: TE/FLEX
A6: 107027-151794 | B6: TE | C6: Brock | D6: Brock Bowers | E6: Bowers | F6: 11.55 | G6: 2 | H6: 6300 | I6: CAR@LV | J6: LV | K6: CAR | N6: 1 | P6: 11.55 | Q6: TE/FLEX
A7: 107027-86080 | B7: TE | C7: Kyle | D7: Kyle Pitts | E7: Pitts | F7: 6.8000002 | G7: 2 | H7: 6200 | I7: KC@ATL | J7: ATL | K7: KC | N7: 1 | P7: 6.8000002 | Q7: TE/FLEX
A8: 107027-83074 | B8: TE | C8: Dallas | D8: Dallas Goedert | E8: Goedert | F8: 5.1999998 | G8: 2 | H8: 5800 | I8: PHI@NO | J8: PHI | K8: NO | N8: 1 | P8: 5.1999998 | Q8: TE/FLEX
A9: 107027-55335 | B9: TE | C9: David | D9: David Njoku | E9: Njoku | F9: 6.4000001 | G9: 1 | H9: 5700 | I9: NYG@CLE | J9: CLE | K9: NYG | L9: O | M9: Ankle | N9: 1 | P9: 6.4000001 | Q9: TE/FLEX
A10: 107027-55042 | B10: TE | C10: Dalton | D10: Dalton Schultz | E10: Schultz | F10: 3.0999999 | G10: 2 | H10: 5500 | I10: HOU@MIN | J10: HOU | K10: MIN | N10: 1 | P10: 3.0999999 | Q10: TE/FLEX
A11: 107027-89680 | B11: TE | C11: Jake | D11: Jake Ferguson | E11: Ferguson | F11: 3 | G11: 1 | H11: 5400 | I11: BAL@DAL | J11: DAL | K11: BAL | N11: 1 | P11: 3 | Q11: TE/FLEX
A12: 107027-89588 | B12: TE | C12: Colby | D12: Colby Parkinson | E12: Parkinson | F12: 4.1999998 | G12: 2 | H12: 5300 | I12: SF@LAR | J12: LAR | K12: SF | N12: 1 | P12: 4.1999998 | Q12: TE/FLEX
A13: 107027-86244 | B13: TE | C13: Pat | D13: Pat Freiermuth | E13: Freiermuth | F13: 5.3000002 | G13: 2 | H13: 5200 | I13: LAC@PIT | J13: PIT | K13: LAC | N13: 1 | P13: 5.3000002 | Q13: TE/FLEX
A14: 107027-64808 | B14: TE | C14: Juwan | D14: Juwan Johnson | E14: Johnson | F14: 9.6000004 | G14: 1 | H14: 5100 | I14: PHI@NO | J14: NO | K14: PHI | N14: 1 | P14: 9.6000004 | Q14: TE/FLEX
A15: 107027-88297 | B15: TE | C15: Chig | D15: Chig Okonkwo | E15: Okonkwo | F15: 5.8000002 | G15: 2 | H15: 5100 | I15: GB@TEN | J15: TEN | K15: GB | N15: 1 | P15: 5.8000002 | Q15: TE/FLEX
A16: 107027-91047 | B16: TE | C16: Cole | D16: Cole Kmet | E16: Kmet | F16: 2.8 | G16: 2 | H16: 5000 | I16: CHI@IND | J16: CHI | K16: IND | N16: 1 | P16: 2.8 | Q16: TE/FLEX
A17: 107027-48116 | B17: TE | C17: Jonnu | D17: Jonnu Smith | E17: Smith | F17: 4.75 | G17: 2 | H17: 5000 | I17: MIA@SEA | J17: MIA | K17: SEA | N17: 1 | P17: 4.75 | Q17: TE/FLEX
A18: 107027-86811 | B18: TE | C18: Cade | D18: Cade Otton | E18: Otton | F18: 0.30000001 | G18: 2 | H18: 5000 | I18: DEN@TB | J18: TB | K18: DEN | N18: 1 | P18: 0.30000001 | Q18: TE/FLEX
A19: 107027-160303 | B19: TE | C19: Tucker | D19: Tucker Kraft | E19: Kraft | F19: 3.6500001 | G19: 2 | H19: 4900 | I19: GB@TEN | J19: GB | K19: TEN | N19: 1 | P19: 3.6500001 | Q19: TE/FLEX
A20: 107027-71705 | B20: TE | C20: Noah | D20: Noah Fant | E20: Fant | F20: 2 | G20: 2 | H20: 4900 | I20: MIA@SEA | J20: SEA | K20: MIA | N20: 1 | P20: 2 | Q20: TE/FLEX
A21: 107027-71143 | B21: TE | C21: Kylen | D21: Kylen Granson | E21: Granson | F21: 0.69999999 | G21: 2 | H21: 4800 | I21: CHI@IND | J21: IND | K21: CHI | N21: 1 | P21: 0.69999999 | Q21: TE/FLEX
... A27: 107027-79980 | B27: TE | C27: Eric | D27: Eric Saubert | E27: Saubert | F27: 1.8 | G27: 2 | H27: 4000 | I27: SF@LAR | J27: SF | K27: LAR | N27: 1 | P27: 1.8 | Q27: TE/FLEX

Sheet WR
A1: Id | B1: Position | C1: First Name | D1: Nickname | E1: Last Name | F1: FPPG | G1: Played | H1: Salary | I1: Game | J1: Team | K1: Opponent | L1: Injury Indicator | M1: Injury Details | N1: Tier | O1: Points | P1: Projected Points | Q1: Roster Position
A2: 107027-86631 | B2: WR | C2: CeeDee | D2: CeeDee Lamb | E2: Lamb | F2: 14.05 | G2: 2 | H2: 9300 | I2: BAL@DAL | J2: DAL | K2: BAL | N2: 1 | P2: 14.05 | Q2: WR/FLEX
A3: 107027-85671 | B3: WR | C3: Justin | D3: Justin Jefferson | E3: Jefferson | F3: 19.1 | G3: 2 | H3: 9200 | I3: HOU@MIN | J3: MIN | K3: HOU | N3: 1 | P3: 19.1 | Q3: WR/FLEX
A4: 107027-86997 | B4: WR | C4: Amon-Ra | D4: Amon-Ra St. Brown | E4: St. Brown | F4: 11.6 | G4: 2 | H4: 9100 | I4: DET@ARI | J4: DET | K4: ARI | N4: 1 | P4: 11.6 | Q4: WR/FLEX
A5: 107027-53681 | B5: WR | C5: Tyreek | D5: Tyreek Hill | E5: Hill | F5: 15.3 | G5: 2 | H5: 9000 | I5: MIA@SEA | J5: MIA | K5: SEA | N5: 1 | P5: 15.3 | Q5: WR/FLEX
A6: 107027-72846 | B6: WR | C6: A.J. | D6: A.J. Brown | E6: Brown | F6: 23.4 | G6: 1 | H6: 8500 | I6: PHI@NO | J6: PHI | K6: NO | L6: O | M6: Hamstring | N6: 1 | P6: 23.4 | Q6: WR/FLEX
A7: 107027-32384 | B7: WR | C7: Mike | D7: Mike Evans | E7: Evans | F7: 13.15 | G7: 2 | H7: 8300 | I7: DEN@TB | J7: TB | K7: DEN | N7: 1 | P7: 13.15 | Q7: WR/FLEX
A8: 107027-45889 | B8: WR | C8: Davante | D8: Davante Adams | E8: Adams | F8: 16.450001 | G8: 2 | H8: 7800 | I8: CAR@LV | J8: LV | K8: CAR | N8: 1 | P8: 16.450001 | Q8: WR/FLEX
A9: 107027-91419 | B9: WR | C9: Nico | D9: Nico Collins | E9: Collins | F9: 22.1 | G9: 2 | H9: 7600 | I9: HOU@MIN | J9: HOU | K9: MIN | N9: 1 | P9: 22.1 | Q9: WR/FLEX
A10: 107027-152651 | B10: WR | C10: Marvin | D10: Marvin Harrison Jr. | E10: Harrison Jr. | F10: 15.45 | G10: 2 | H10: 7500 | I10: DET@ARI | J10: ARI | K10: DET | N10: 1 | P10: 15.45 | Q10: WR/FLEX
A11: 107027-111311 | B11: WR | C11: Rashee | D11: Rashee Rice | E11: Rice | F11: 16.4 | G11: 2 | H11: 7300 | I11: KC@ATL | J11: KC | K11: ATL | N11: 1 | P11: 16.4 | Q11: WR/FLEX
A12: 107027-73048 | B12: WR | C12: DK | D12: DK Metcalf | E12: Metcalf | F12: 15.65 | G12: 2 | H12: 7200 | I12: MIA@SEA | J12: SEA | K12: MIA | N12: 1 | P12: 15.65 | Q12: WR/FLEX
A13: 107027-151761 | B13: WR | C13: Malik | D13: Malik Nabers | E13: Nabers | F13: 17.9 | G13: 2 | H13: 7100 | I13: NYG@CLE | J13: NYG | K13: CLE | N13: 1 | P13: 17.9 | Q13: WR/FLEX
A14: 107027-25079 | B14: WR | C14: Stefon | D14: Stefon Diggs | E14: Diggs | F14: 12.3 | G14: 2 | H14: 6900 | I14: HOU@MIN | J14: HOU | K14: MIN | N14: 1 | P14: 12.3 | Q14: WR/FLEX
A15: 107027-112295 | B15: WR | C15: Zay | D15: Zay Flowers | E15: Flowers | F15: 13.35 | G15: 2 | H15: 6800 | I15: BAL@DAL | J15: BAL | K15: DAL | N15: 1 | P15: 13.35 | Q15: WR/FLEX
A16: 107027-87770 | B16: WR | C16: Chris | D16: Chris Olave | E16: Olave | F16: 6.4499998 | G16: 2 | H16: 6700 | I16: PHI@NO | J16: NO | K16: PHI | N16: 1 | P16: 6.4499998 | Q16: WR/FLEX
A17: 107027-90573 | B17: WR | C17: Jaylen | D17: Jaylen Waddle | E17: Waddle | F17: 11.6 | G17: 2 | H17: 6600 | I17: MIA@SEA | J17: MIA | K17: SEA | N17: 1 | P17: 11.6 | Q17: WR/FLEX
A18: 107027-55635 | B18: WR | C18: Chris | D18: Chris Godwin | E18: Godwin | F18: 21.25 | G18: 2 | H18: 6600 | I18: DEN@TB | J18: TB | K18: DEN | N18: 1 | P18: 21.25 | Q18: WR/FLEX
... A43: 107027-169776 | B43: WR | C43: Christian | D43: Christian Watson | E43: Watson | F43: 8.8000002 | G43: 1 | H43: 5400 | I43: GB@TEN | J43: GB | K43: TEN | N43: 1 | P43: 8.8000002 | Q43: WR/FLEX
A44: 107027-87418 | B44: WR | C44: Joshua | D44: Joshua Palmer | E44: Palmer | F44: 2.7 | G44: 2 | H44: 5400 | I44: LAC@PIT | J44: LAC | K44: PIT | L44: Q | M44: Elbow | N44: 1 | P44: 2.7 | Q44: WR/FLEX
A45: 107027-16606 | B45: WR | C45: DeAndre | D45: DeAndre Hopkins | E45: Hopkins | F45: 1.35 | G45: 2 | H45: 5400 | I45: GB@TEN | J45: TEN | K45: GB | N45: 1 | P45: 1.35 | Q45: WR/FLEX
A46: 107027-69777 | B46: WR | C46: Darnell | D46: Darnell Mooney | E46: Mooney | F46: 9.1499996 | G46: 2 | H46: 5300 | I46: KC@ATL | J46: ATL | K46: KC | N46: 1 | P46: 9.1499996 | Q46: WR/FLEX
A47: 107027-66008 | B47: WR | C47: Diontae | D47: Diontae Johnson | E47: Johnson | F47: 2.95 | G47: 2 | H47: 5300 | I47: CAR@LV | J47: CAR | K47: LV | N47: 1 | P47: 2.95 | Q47: WR/FLEX
A48: 107027-57403 | B48: WR | C48: Courtland | D48: Courtland Sutton | E48: Sutton | F48: 4.4499998 | G48: 2 | H48: 5300 | I48: DEN@TB | J48: DEN | K48: TB | N48: 1 | P48: 4.4499998 | Q48: WR/FLEX
A49: 107027-151789 | B49: WR | C49: Adonai | D49: Adonai Mitchell | E49: Mitchell | F49: 2.0999999 | G49: 2 | H49: 5300 | I49: CHI@IND | J49: IND | K49: CHI | N49: 1 | P49: 2.0999999 | Q49: WR/FLEX
A50: 107027-63634 | B50: WR | C50: Jakobi | D50: Jakobi Meyers | E50: Meyers | F50: 6.4000001 | G50: 2 | H50: 5300 | I50: CAR@LV | J50: LV | K50: CAR | N50: 1 | P50: 6.4000001 | Q50: WR/FLEX
A51: 107027-53097 | B51: WR | C51: Josh | D51: Josh Reynolds | E51: Reynolds | F51: 9.1499996 | G51: 2 | H51: 5200 | I51: DEN@TB | J51: DEN | K51: TB | N51: 1 | P51: 9.1499996 | Q51: WR/FLEX
A52: 107027-94370 | B52: WR | C52: Romeo | D52: Romeo Doubs | E52: Doubs | F52: 7.3499999 | G52: 2 | H52: 5200 | I52: GB@TEN | J52: GB | K52: TEN | N52: 1 | P52: 7.3499999 | Q52: WR/FLEX
A53: 107027-61593 | B53: WR | C53: Jauan | D53: Jauan Jennings | E53: Jennings | F53: 6.8000002 | G53: 2 | H53: 5200 | I53: SF@LAR | J53: SF | K53: LAR | N53: 1 | P53: 6.8000002 | Q53: WR/FLEX
A54: 107027-39716 | B54: WR | C54: Adam | D54: Adam Thielen | E54: Thielen | F54: 4.6999998 | G54: 2 | H54: 5100 | I54: CAR@LV | J54: CAR | K54: LV | N54: 1 | P54: 4.6999998 | Q54: WR/FLEX
A55: 107027-89612 | B55: WR | C55: Michael | D55: Michael Wilson | E55: Wilson | F55: 5.5500002 | G55: 2 | H55: 5000 | I55: DET@ARI | J55: ARI | K55: DET | N55: 1 | P55: 5.5500002 | Q55: WR/FLEX
A56: 107027-120042 | B56: WR | C56: Jalen | D56: Jalen McMillan | E56: McMillan | F56: 6.1500001 | G56: 2 | H56: 5000 | I56: DEN@TB | J56: TB | K56: DEN | N56: 1 | P56: 6.1500001 | Q56: WR/FLEX
... A77: 107027-33047 | B77: WR | C77: Chris | D77: Chris Moore | E77: Moore | F77: 3.8199999 | G77: 15 | H77: 4100 | I77: DET@ARI | J77: ARI | K77: DET | N77: 1 | P77: 3.8199999 | Q77: WR/FLEX

Sheet FLEX
A1: Id | B1: Position | C1: First Name | D1: Nickname | E1: Last Name | F1: FPPG | G1: Played | H1: Salary | I1: Game | J1: Team | K1: Opponent | L1: Injury Indicator | M1: Injury Details | N1: Tier | O1: Points | P1: Projected Points | Q1: Roster Position
A2: 107027-64401 | B2: RB | C2: Saquon | D2: Saquon Barkley | E2: Barkley | F2: 25.4 | G2: 2 | H2: 8700 | I2: PHI@NO | J2: PHI | K2: NO | N2: 1 | P2: 25.4 | Q2: RB/FLEX
A3: 107027-136855 | B3: RB | C3: Bijan | D3: Bijan Robinson | E3: Robinson | F3: 13.9 | G3: 2 | H3: 8500 | I3: KC@ATL | J3: ATL | K3: KC | N3: 1 | P3: 13.9 | Q3: RB/FLEX
A4: 107027-42104 | B4: RB | C4: Alvin | D4: Alvin Kamara | E4: Kamara | F4: 32.75 | G4: 2 | H4: 8400 | I4: PHI@NO | J4: NO | K4: PHI | N4: 1 | P4: 32.75 | Q4: RB/FLEX
A5: 107027-86875 | B5: RB | C5: Jordan | D5: Jordan Mason | E5: Mason | F5: 22.299999 | G5: 2 | H5: 8300 | I5: SF@LAR | J5: SF | K5: LAR | N5: 1 | P5: 22.299999 | Q5: RB/FLEX
A6: 107027-89675 | B6: RB | C6: Jonathan | D6: Jonathan Taylor | E6: Taylor | F6: 14.15 | G6: 2 | H6: 8000 | I6: CHI@IND | J6: IND | K6: CHI | N6: 1 | P6: 14.15 | Q6: RB/FLEX
A7: 107027-129368 | B7: RB | C7: Jahmyr | D7: Jahmyr Gibbs | E7: Gibbs | F7: 14.75 | G7: 2 | H7: 7900 | I7: DET@ARI | J7: DET | K7: ARI | N7: 1 | P7: 14.75 | Q7: RB/FLEX
A8: 107027-39280 | B8: RB | C8: Derrick | D8: Derrick Henry | E8: Henry | F8: 13.35 | G8: 2 | H8: 7800 | I8: BAL@DAL | J8: BAL | K8: DAL | N8: 1 | P8: 13.35 | Q8: RB/FLEX
A9: 107027-138820 | B9: RB | C9: De'Von | D9: De'Von Achane | E9: Achane | F9: 22.75 | G9: 2 | H9: 7700 | I9: MIA@SEA | J9: MIA | K9: SEA | N9: 1 | P9: 22.75 | Q9: RB/FLEX
A10: 107027-104433 | B10: RB | C10: Kyren | D10: Kyren Williams | E10: Williams | F10: 13.05 | G10: 2 | H10: 7500 | I10: SF@LAR | J10: LAR | K10: SF | N10: 1 | P10: 13.05 | Q10: RB/FLEX
A11: 107027-40687 | B11: RB | C11: James | D11: James Conner | E11: Conner | F11: 19.85 | G11: 2 | H11: 7400 | I11: DET@ARI | J11: ARI | K11: DET | N11: 1 | P11: 19.85 | Q11: RB/FLEX
A12: 107027-72731 | B12: RB | C12: Josh | D12: Josh Jacobs | E12: Jacobs | F12: 13.75 | G12: 2 | H12: 7300 | I12: GB@TEN | J12: GB | K12: TEN | N12: 1 | P12: 13.75 | Q12: RB/FLEX
A13: 107027-87787 | B13: RB | C13: J.K. | D13: J.K. Dobbins | E13: Dobbins | F13: 23.5 | G13: 2 | H13: 7200 | I13: LAC@PIT | J13: LAC | K13: PIT | N13: 1 | P13: 23.5 | Q13: RB/FLEX
... A27: 107027-28827 | B27: RB | C27: Dare | D27: Dare Ogunbowale | E27: Ogunbowale | F27: 2.05 | G27: 2 | H27: 4500 | I27: HOU@MIN | J27: HOU | K27: MIN | N27: 1 | P27: 2.05 | Q27: RB/FLEX
